driver_id,timestamp,status
D0001,2023-10-01 06:00:00,Busy
D0001,2023-10-01 12:00:00,Idle
D0001,2023-10-03 06:00:00,Online
D0001,2023-10-03 12:00:00,Online
D0001,2023-10-05 10:00:00,Online
D0001,2023-10-05 18:00:00,Online
D0001,2023-10-06 06:00:00,Offline
D0001,2023-10-06 22:00:00,Idle
D0001,2023-10-08 04:00:00,Online
D0001,2023-10-08 22:00:00,Idle
D0001,2023-10-09 18:00:00,Busy
D0001,2023-10-09 20:00:00,Idle
D0001,2023-10-10 14:00:00,Idle
D0001,2023-10-11 14:00:00,Busy
D0001,2023-10-13 22:00:00,Online
D0001,2023-10-16 00:00:00,Busy
D0001,2023-10-17 00:00:00,Offline
D0001,2023-10-19 02:00:00,Busy
D0001,2023-10-19 18:00:00,Idle
D0001,2023-10-21 04:00:00,Online
D0001,2023-10-21 10:00:00,Online
D0001,2023-10-23 00:00:00,Online
D0001,2023-10-23 02:00:00,Online
D0001,2023-10-23 10:00:00,Online
D0001,2023-10-24 14:00:00,Online
D0001,2023-10-24 22:00:00,Online
D0001,2023-10-25 12:00:00,Online
D0001,2023-10-25 22:00:00,Idle
D0001,2023-10-27 08:00:00,Online
D0001,2023-10-28 16:00:00,Online
D0002,2023-10-01 14:00:00,Offline
D0002,2023-10-02 04:00:00,Idle
D0002,2023-10-03 10:00:00,Offline
D0002,2023-10-05 06:00:00,Busy
D0002,2023-10-06 06:00:00,Idle
D0002,2023-10-06 12:00:00,Online
D0002,2023-10-06 18:00:00,Online
D0002,2023-10-08 14:00:00,Busy
D0002,2023-10-09 16:00:00,Idle
D0002,2023-10-10 20:00:00,Online
D0002,2023-10-10 22:00:00,Offline
D0002,2023-10-12 06:00:00,Idle
D0002,2023-10-12 22:00:00,Online
D0002,2023-10-14 16:00:00,Idle
D0002,2023-10-16 04:00:00,Busy
D0002,2023-10-21 12:00:00,Online
D0002,2023-10-21 18:00:00,Busy
D0002,2023-10-21 22:00:00,Idle
D0002,2023-10-22 14:00:00,Busy
D0002,2023-10-22 18:00:00,Busy
D0002,2023-10-23 00:00:00,Idle
D0002,2023-10-23 02:00:00,Busy
D0002,2023-10-23 18:00:00,Idle
D0002,2023-10-24 12:00:00,Online
D0002,2023-10-24 16:00:00,Online
D0002,2023-10-25 02:00:00,Idle
D0002,2023-10-26 04:00:00,Online
D0002,2023-10-28 16:00:00,Busy
D0002,2023-10-28 18:00:00,Online
D0002,2023-10-29 10:00:00,Online
D0003,2023-10-01 08:00:00,Idle
D0003,2023-10-02 02:00:00,Busy
D0003,2023-10-02 04:00:00,Offline
D0003,2023-10-03 10:00:00,Offline
D0003,2023-10-04 06:00:00,Online
D0003,2023-10-05 02:00:00,Offline
D0003,2023-10-05 20:00:00,Busy
D0003,2023-10-09 02:00:00,Online
D0003,2023-10-09 18:00:00,Online
D0003,2023-10-10 00:00:00,Online
D0003,2023-10-10 04:00:00,Online
D0003,2023-10-10 08:00:00,Online
D0003,2023-10-10 18:00:00,Offline
D0003,2023-10-11 10:00:00,Online
D0003,2023-10-11 20:00:00,Online
D0003,2023-10-15 04:00:00,Busy
D0003,2023-10-15 08:00:00,Offline
D0003,2023-10-18 16:00:00,Online
D0003,2023-10-20 20:00:00,Busy
D0003,2023-10-21 16:00:00,Idle
D0003,2023-10-21 18:00:00,Online
D0003,2023-10-21 20:00:00,Idle
D0003,2023-10-22 00:00:00,Offline
D0003,2023-10-25 08:00:00,Idle
D0003,2023-10-26 04:00:00,Busy
D0003,2023-10-26 08:00:00,Busy
D0003,2023-10-27 12:00:00,Online
D0003,2023-10-27 22:00:00,Offline
D0003,2023-10-28 18:00:00,Busy
D0003,2023-10-30 04:00:00,Offline
D0004,2023-10-01 10:00:00,Online
D0004,2023-10-01 22:00:00,Idle
D0004,2023-10-02 00:00:00,Offline
D0004,2023-10-02 10:00:00,Idle
D0004,2023-10-05 04:00:00,Idle
D0004,2023-10-06 02:00:00,Idle
D0004,2023-10-06 12:00:00,Idle
D0004,2023-10-07 18:00:00,Busy
D0004,2023-10-10 22:00:00,Online
D0004,2023-10-12 04:00:00,Online
D0004,2023-10-12 20:00:00,Offline
D0004,2023-10-14 08:00:00,Online
D0004,2023-10-14 16:00:00,Offline
D0004,2023-10-15 16:00:00,Busy
D0004,2023-10-18 16:00:00,Offline
D0004,2023-10-19 12:00:00,Offline
D0004,2023-10-19 18:00:00,Offline
D0004,2023-10-20 04:00:00,Offline
D0004,2023-10-21 08:00:00,Idle
D0004,2023-10-23 22:00:00,Busy
D0004,2023-10-24 00:00:00,Idle
D0004,2023-10-24 08:00:00,Online
D0004,2023-10-25 06:00:00,Busy
D0004,2023-10-26 18:00:00,Online
D0004,2023-10-27 12:00:00,Online
D0004,2023-10-27 14:00:00,Busy
D0004,2023-10-28 02:00:00,Busy
D0004,2023-10-29 04:00:00,Online
D0004,2023-10-30 16:00:00,Idle
D0004,2023-10-30 22:00:00,Idle
D0005,2023-10-01 04:00:00,Online
D0005,2023-10-01 12:00:00,Busy
D0005,2023-10-01 18:00:00,Idle
D0005,2023-10-01 22:00:00,Online
D0005,2023-10-02 00:00:00,Busy
D0005,2023-10-02 10:00:00,Busy
D0005,2023-10-02 12:00:00,Online
D0005,2023-10-02 14:00:00,Idle
D0005,2023-10-02 16:00:00,Busy
D0005,2023-10-03 02:00:00,Busy
D0005,2023-10-03 04:00:00,Online
D0005,2023-10-04 00:00:00,Busy
D0005,2023-10-04 08:00:00,Online
D0005,2023-10-10 12:00:00,Offline
D0005,2023-10-11 20:00:00,Busy
D0005,2023-10-11 22:00:00,Online
D0005,2023-10-12 14:00:00,Online
D0005,2023-10-13 12:00:00,Busy
D0005,2023-10-13 22:00:00,Online
D0005,2023-10-14 04:00:00,Busy
D0005,2023-10-15 20:00:00,Online
D0005,2023-10-16 06:00:00,Online
D0005,2023-10-17 12:00:00,Online
D0005,2023-10-19 10:00:00,Busy
D0005,2023-10-21 10:00:00,Online
D0005,2023-10-23 02:00:00,Online
D0005,2023-10-23 22:00:00,Offline
D0005,2023-10-25 08:00:00,Online
D0005,2023-10-27 18:00:00,Idle
D0005,2023-10-27 20:00:00,Online
D0006,2023-10-01 22:00:00,Busy
D0006,2023-10-03 12:00:00,Online
D0006,2023-10-04 00:00:00,Idle
D0006,2023-10-05 14:00:00,Idle
D0006,2023-10-06 00:00:00,Busy
D0006,2023-10-08 12:00:00,Idle
D0006,2023-10-11 06:00:00,Offline
D0006,2023-10-11 22:00:00,Idle
D0006,2023-10-12 16:00:00,Online
D0006,2023-10-14 02:00:00,Online
D0006,2023-10-15 00:00:00,Busy
D0006,2023-10-15 10:00:00,Busy
D0006,2023-10-16 00:00:00,Online
D0006,2023-10-16 16:00:00,Busy
D0006,2023-10-16 20:00:00,Offline
D0006,2023-10-17 08:00:00,Online
D0006,2023-10-19 10:00:00,Busy
D0006,2023-10-19 16:00:00,Offline
D0006,2023-10-21 12:00:00,Online
D0006,2023-10-21 14:00:00,Busy
D0006,2023-10-22 04:00:00,Online
D0006,2023-10-24 18:00:00,Idle
D0006,2023-10-25 02:00:00,Busy
D0006,2023-10-26 16:00:00,Busy
D0006,2023-10-27 22:00:00,Idle
D0006,2023-10-29 00:00:00,Online
D0006,2023-10-29 04:00:00,Online
D0006,2023-10-29 18:00:00,Offline
D0006,2023-10-30 00:00:00,Busy
D0006,2023-10-30 04:00:00,Online
D0007,2023-10-01 04:00:00,Offline
D0007,2023-10-01 20:00:00,Online
D0007,2023-10-03 20:00:00,Offline
D0007,2023-10-04 18:00:00,Busy
D0007,2023-10-04 22:00:00,Busy
D0007,2023-10-06 10:00:00,Online
D0007,2023-10-07 16:00:00,Idle
D0007,2023-10-11 06:00:00,Idle
D0007,2023-10-11 20:00:00,Busy
D0007,2023-10-12 08:00:00,Online
D0007,2023-10-12 14:00:00,Offline
D0007,2023-10-12 20:00:00,Idle
D0007,2023-10-13 18:00:00,Busy
D0007,2023-10-14 00:00:00,Idle
D0007,2023-10-14 04:00:00,Idle
D0007,2023-10-14 20:00:00,Busy
D0007,2023-10-15 10:00:00,Idle
D0007,2023-10-17 08:00:00,Offline
D0007,2023-10-19 22:00:00,Busy
D0007,2023-10-20 12:00:00,Online
D0007,2023-10-22 00:00:00,Busy
D0007,2023-10-23 14:00:00,Online
D0007,2023-10-24 04:00:00,Online
D0007,2023-10-25 12:00:00,Online
D0007,2023-10-25 16:00:00,Online
D0007,2023-10-26 08:00:00,Online
D0007,2023-10-27 22:00:00,Busy
D0007,2023-10-29 04:00:00,Online
D0007,2023-10-30 00:00:00,Online
D0007,2023-10-30 02:00:00,Busy
D0008,2023-10-03 10:00:00,Busy
D0008,2023-10-04 10:00:00,Offline
D0008,2023-10-05 18:00:00,Online
D0008,2023-10-06 02:00:00,Idle
D0008,2023-10-06 08:00:00,Busy
D0008,2023-10-07 22:00:00,Offline
D0008,2023-10-09 02:00:00,Online
D0008,2023-10-09 22:00:00,Online
D0008,2023-10-11 18:00:00,Busy
D0008,2023-10-14 00:00:00,Idle
D0008,2023-10-15 14:00:00,Busy
D0008,2023-10-16 12:00:00,Idle
D0008,2023-10-17 04:00:00,Idle
D0008,2023-10-18 00:00:00,Idle
D0008,2023-10-19 02:00:00,Idle
D0008,2023-10-19 10:00:00,Idle
D0008,2023-10-19 12:00:00,Busy
D0008,2023-10-19 20:00:00,Online
D0008,2023-10-20 00:00:00,Online
D0008,2023-10-20 02:00:00,Online
D0008,2023-10-20 12:00:00,Busy
D0008,2023-10-25 14:00:00,Offline
D0008,2023-10-25 16:00:00,Offline
D0008,2023-10-26 02:00:00,Offline
D0008,2023-10-26 14:00:00,Online
D0008,2023-10-27 00:00:00,Busy
D0008,2023-10-28 16:00:00,Busy
D0008,2023-10-29 00:00:00,Idle
D0008,2023-10-30 12:00:00,Offline
D0008,2023-10-30 14:00:00,Online
D0009,2023-10-01 18:00:00,Idle
D0009,2023-10-02 12:00:00,Idle
D0009,2023-10-04 14:00:00,Idle
D0009,2023-10-06 14:00:00,Busy
D0009,2023-10-10 04:00:00,Idle
D0009,2023-10-11 22:00:00,Idle
D0009,2023-10-12 00:00:00,Busy
D0009,2023-10-12 08:00:00,Online
D0009,2023-10-12 10:00:00,Online
D0009,2023-10-13 00:00:00,Online
D0009,2023-10-14 16:00:00,Online
D0009,2023-10-14 18:00:00,Idle
D0009,2023-10-15 08:00:00,Offline
D0009,2023-10-16 04:00:00,Online
D0009,2023-10-16 08:00:00,Busy
D0009,2023-10-16 12:00:00,Online
D0009,2023-10-16 16:00:00,Online
D0009,2023-10-16 18:00:00,Online
D0009,2023-10-17 14:00:00,Busy
D0009,2023-10-20 12:00:00,Busy
D0009,2023-10-21 22:00:00,Idle
D0009,2023-10-23 22:00:00,Online
D0009,2023-10-24 10:00:00,Busy
D0009,2023-10-27 08:00:00,Idle
D0009,2023-10-27 10:00:00,Online
D0009,2023-10-27 12:00:00,Busy
D0009,2023-10-27 20:00:00,Online
D0009,2023-10-28 06:00:00,Busy
D0009,2023-10-30 12:00:00,Busy
D0009,2023-10-30 16:00:00,Online
D0010,2023-10-01 22:00:00,Offline
D0010,2023-10-02 06:00:00,Busy
D0010,2023-10-02 22:00:00,Busy
D0010,2023-10-03 08:00:00,Online
D0010,2023-10-07 16:00:00,Busy
D0010,2023-10-08 08:00:00,Busy
D0010,2023-10-08 22:00:00,Offline
D0010,2023-10-09 08:00:00,Busy
D0010,2023-10-11 00:00:00,Busy
D0010,2023-10-12 06:00:00,Online
D0010,2023-10-12 14:00:00,Busy
D0010,2023-10-13 04:00:00,Busy
D0010,2023-10-14 00:00:00,Online
D0010,2023-10-16 08:00:00,Offline
D0010,2023-10-18 04:00:00,Busy
D0010,2023-10-18 10:00:00,Busy
D0010,2023-10-19 00:00:00,Offline
D0010,2023-10-19 04:00:00,Busy
D0010,2023-10-19 12:00:00,Online
D0010,2023-10-20 18:00:00,Offline
D0010,2023-10-24 00:00:00,Idle
D0010,2023-10-24 16:00:00,Idle
D0010,2023-10-25 18:00:00,Online
D0010,2023-10-26 14:00:00,Online
D0010,2023-10-27 00:00:00,Online
D0010,2023-10-28 02:00:00,Busy
D0010,2023-10-28 08:00:00,Online
D0010,2023-10-28 12:00:00,Busy
D0010,2023-10-30 00:00:00,Busy
D0010,2023-10-30 12:00:00,Online
D0011,2023-10-01 02:00:00,Busy
D0011,2023-10-01 18:00:00,Busy
D0011,2023-10-01 20:00:00,Busy
D0011,2023-10-02 22:00:00,Busy
D0011,2023-10-03 06:00:00,Online
D0011,2023-10-03 16:00:00,Busy
D0011,2023-10-04 20:00:00,Online
D0011,2023-10-05 04:00:00,Idle
D0011,2023-10-07 00:00:00,Busy
D0011,2023-10-08 10:00:00,Online
D0011,2023-10-08 14:00:00,Online
D0011,2023-10-09 08:00:00,Offline
D0011,2023-10-09 20:00:00,Busy
D0011,2023-10-10 04:00:00,Busy
D0011,2023-10-10 20:00:00,Offline
D0011,2023-10-12 20:00:00,Offline
D0011,2023-10-13 00:00:00,Online
D0011,2023-10-13 18:00:00,Offline
D0011,2023-10-14 02:00:00,Busy
D0011,2023-10-19 10:00:00,Online
D0011,2023-10-21 08:00:00,Online
D0011,2023-10-21 10:00:00,Online
D0011,2023-10-22 16:00:00,Idle
D0011,2023-10-23 08:00:00,Idle
D0011,2023-10-24 12:00:00,Busy
D0011,2023-10-25 10:00:00,Offline
D0011,2023-10-25 16:00:00,Offline
D0011,2023-10-27 14:00:00,Offline
D0011,2023-10-29 12:00:00,Busy
D0011,2023-10-30 16:00:00,Busy
D0012,2023-10-07 12:00:00,Idle
D0012,2023-10-07 18:00:00,Online
D0012,2023-10-09 00:00:00,Online
D0012,2023-10-09 20:00:00,Idle
D0012,2023-10-10 06:00:00,Idle
D0012,2023-10-11 06:00:00,Offline
D0012,2023-10-11 08:00:00,Busy
D0012,2023-10-11 18:00:00,Online
D0012,2023-10-13 04:00:00,Idle
D0012,2023-10-13 08:00:00,Offline
D0012,2023-10-13 18:00:00,Busy
D0012,2023-10-14 00:00:00,Idle
D0012,2023-10-16 04:00:00,Busy
D0012,2023-10-17 10:00:00,Busy
D0012,2023-10-19 10:00:00,Offline
D0012,2023-10-21 04:00:00,Online
D0012,2023-10-21 10:00:00,Online
D0012,2023-10-21 12:00:00,Busy
D0012,2023-10-22 08:00:00,Busy
D0012,2023-10-23 14:00:00,Online
D0012,2023-10-24 10:00:00,Offline
D0012,2023-10-24 18:00:00,Idle
D0012,2023-10-25 10:00:00,Online
D0012,2023-10-25 16:00:00,Idle
D0012,2023-10-27 18:00:00,Busy
D0012,2023-10-27 20:00:00,Idle
D0012,2023-10-28 12:00:00,Online
D0012,2023-10-29 18:00:00,Offline
D0012,2023-10-29 20:00:00,Idle
D0012,2023-10-30 00:00:00,Idle
D0013,2023-10-01 18:00:00,Online
D0013,2023-10-03 04:00:00,Idle
D0013,2023-10-04 08:00:00,Online
D0013,2023-10-04 12:00:00,Idle
D0013,2023-10-08 00:00:00,Busy
D0013,2023-10-08 06:00:00,Online
D0013,2023-10-11 06:00:00,Busy
D0013,2023-10-11 22:00:00,Online
D0013,2023-10-12 10:00:00,Online
D0013,2023-10-13 12:00:00,Online
D0013,2023-10-17 02:00:00,Idle
D0013,2023-10-17 04:00:00,Online
D0013,2023-10-17 06:00:00,Idle
D0013,2023-10-17 08:00:00,Busy
D0013,2023-10-19 14:00:00,Online
D0013,2023-10-19 20:00:00,Idle
D0013,2023-10-21 10:00:00,Online
D0013,2023-10-21 18:00:00,Idle
D0013,2023-10-22 04:00:00,Online
D0013,2023-10-22 14:00:00,Online
D0013,2023-10-22 18:00:00,Offline
D0013,2023-10-23 10:00:00,Busy
D0013,2023-10-23 22:00:00,Busy
D0013,2023-10-25 06:00:00,Offline
D0013,2023-10-26 02:00:00,Online
D0013,2023-10-26 08:00:00,Busy
D0013,2023-10-26 10:00:00,Idle
D0013,2023-10-27 06:00:00,Online
D0013,2023-10-27 10:00:00,Online
D0013,2023-10-29 08:00:00,Online
D0014,2023-10-02 06:00:00,Busy
D0014,2023-10-02 22:00:00,Online
D0014,2023-10-03 10:00:00,Busy
D0014,2023-10-03 16:00:00,Online
D0014,2023-10-03 18:00:00,Online
D0014,2023-10-04 08:00:00,Online
D0014,2023-10-04 20:00:00,Offline
D0014,2023-10-04 22:00:00,Offline
D0014,2023-10-05 20:00:00,Idle
D0014,2023-10-09 02:00:00,Busy
D0014,2023-10-09 22:00:00,Busy
D0014,2023-10-10 08:00:00,Online
D0014,2023-10-10 14:00:00,Busy
D0014,2023-10-12 16:00:00,Idle
D0014,2023-10-13 20:00:00,Idle
D0014,2023-10-14 18:00:00,Online
D0014,2023-10-16 08:00:00,Offline
D0014,2023-10-16 18:00:00,Online
D0014,2023-10-17 20:00:00,Idle
D0014,2023-10-19 20:00:00,Offline
D0014,2023-10-20 04:00:00,Busy
D0014,2023-10-20 16:00:00,Busy
D0014,2023-10-21 08:00:00,Online
D0014,2023-10-22 18:00:00,Idle
D0014,2023-10-25 04:00:00,Busy
D0014,2023-10-29 04:00:00,Offline
D0014,2023-10-29 08:00:00,Offline
D0014,2023-10-30 12:00:00,Online
D0014,2023-10-30 14:00:00,Idle
D0014,2023-10-30 18:00:00,Offline
D0015,2023-10-01 00:00:00,Online
D0015,2023-10-01 14:00:00,Online
D0015,2023-10-02 06:00:00,Online
D0015,2023-10-02 08:00:00,Online
D0015,2023-10-02 18:00:00,Online
D0015,2023-10-03 06:00:00,Online
D0015,2023-10-03 16:00:00,Offline
D0015,2023-10-04 06:00:00,Busy
D0015,2023-10-04 12:00:00,Offline
D0015,2023-10-04 14:00:00,Offline
D0015,2023-10-08 06:00:00,Idle
D0015,2023-10-09 20:00:00,Busy
D0015,2023-10-11 14:00:00,Idle
D0015,2023-10-12 12:00:00,Online
D0015,2023-10-12 18:00:00,Busy
D0015,2023-10-13 22:00:00,Idle
D0015,2023-10-14 08:00:00,Idle
D0015,2023-10-15 06:00:00,Idle
D0015,2023-10-15 12:00:00,Online
D0015,2023-10-17 06:00:00,Offline
D0015,2023-10-18 04:00:00,Idle
D0015,2023-10-18 16:00:00,Offline
D0015,2023-10-19 04:00:00,Busy
D0015,2023-10-21 02:00:00,Busy
D0015,2023-10-23 08:00:00,Idle
D0015,2023-10-24 02:00:00,Online
D0015,2023-10-24 18:00:00,Busy
D0015,2023-10-26 06:00:00,Offline
D0015,2023-10-28 16:00:00,Busy
D0015,2023-10-30 12:00:00,Online
D0016,2023-10-01 08:00:00,Busy
D0016,2023-10-03 10:00:00,Busy
D0016,2023-10-05 02:00:00,Busy
D0016,2023-10-05 12:00:00,Offline
D0016,2023-10-05 14:00:00,Busy
D0016,2023-10-05 16:00:00,Idle
D0016,2023-10-05 22:00:00,Offline
D0016,2023-10-07 18:00:00,Busy
D0016,2023-10-08 04:00:00,Busy
D0016,2023-10-08 14:00:00,Busy
D0016,2023-10-12 00:00:00,Busy
D0016,2023-10-12 02:00:00,Idle
D0016,2023-10-12 04:00:00,Busy
D0016,2023-10-12 14:00:00,Offline
D0016,2023-10-13 18:00:00,Offline
D0016,2023-10-14 04:00:00,Online
D0016,2023-10-15 08:00:00,Idle
D0016,2023-10-15 22:00:00,Online
D0016,2023-10-17 12:00:00,Online
D0016,2023-10-18 02:00:00,Offline
D0016,2023-10-18 16:00:00,Idle
D0016,2023-10-21 22:00:00,Busy
D0016,2023-10-22 06:00:00,Offline
D0016,2023-10-22 08:00:00,Idle
D0016,2023-10-23 02:00:00,Idle
D0016,2023-10-24 18:00:00,Busy
D0016,2023-10-24 22:00:00,Busy
D0016,2023-10-26 04:00:00,Busy
D0016,2023-10-29 06:00:00,Online
D0016,2023-10-30 12:00:00,Online
D0017,2023-10-01 04:00:00,Busy
D0017,2023-10-02 20:00:00,Online
D0017,2023-10-03 16:00:00,Busy
D0017,2023-10-03 18:00:00,Online
D0017,2023-10-04 08:00:00,Online
D0017,2023-10-05 22:00:00,Busy
D0017,2023-10-06 06:00:00,Busy
D0017,2023-10-07 02:00:00,Online
D0017,2023-10-07 08:00:00,Offline
D0017,2023-10-08 12:00:00,Busy
D0017,2023-10-10 16:00:00,Idle
D0017,2023-10-11 18:00:00,Busy
D0017,2023-10-11 20:00:00,Busy
D0017,2023-10-13 12:00:00,Online
D0017,2023-10-15 00:00:00,Online
D0017,2023-10-17 06:00:00,Online
D0017,2023-10-18 12:00:00,Offline
D0017,2023-10-18 16:00:00,Idle
D0017,2023-10-19 16:00:00,Online
D0017,2023-10-19 22:00:00,Online
D0017,2023-10-22 12:00:00,Busy
D0017,2023-10-22 18:00:00,Online
D0017,2023-10-22 20:00:00,Idle
D0017,2023-10-23 22:00:00,Offline
D0017,2023-10-25 00:00:00,Online
D0017,2023-10-27 08:00:00,Offline
D0017,2023-10-29 00:00:00,Idle
D0017,2023-10-29 02:00:00,Busy
D0017,2023-10-29 08:00:00,Online
D0017,2023-10-29 12:00:00,Offline
D0018,2023-10-02 22:00:00,Online
D0018,2023-10-04 22:00:00,Offline
D0018,2023-10-05 08:00:00,Busy
D0018,2023-10-06 00:00:00,Online
D0018,2023-10-06 14:00:00,Busy
D0018,2023-10-07 18:00:00,Busy
D0018,2023-10-08 12:00:00,Online
D0018,2023-10-08 14:00:00,Busy
D0018,2023-10-10 22:00:00,Busy
D0018,2023-10-11 16:00:00,Online
D0018,2023-10-12 00:00:00,Busy
D0018,2023-10-13 02:00:00,Idle
D0018,2023-10-13 18:00:00,Offline
D0018,2023-10-16 10:00:00,Online
D0018,2023-10-16 16:00:00,Idle
D0018,2023-10-19 06:00:00,Offline
D0018,2023-10-19 10:00:00,Idle
D0018,2023-10-19 14:00:00,Online
D0018,2023-10-20 10:00:00,Idle
D0018,2023-10-21 04:00:00,Online
D0018,2023-10-21 12:00:00,Busy
D0018,2023-10-21 14:00:00,Idle
D0018,2023-10-21 18:00:00,Idle
D0018,2023-10-22 14:00:00,Idle
D0018,2023-10-23 14:00:00,Busy
D0018,2023-10-24 14:00:00,Idle
D0018,2023-10-26 00:00:00,Busy
D0018,2023-10-26 18:00:00,Idle
D0018,2023-10-27 16:00:00,Offline
D0018,2023-10-30 08:00:00,Busy
D0019,2023-10-01 14:00:00,Offline
D0019,2023-10-02 14:00:00,Offline
D0019,2023-10-03 00:00:00,Busy
D0019,2023-10-03 14:00:00,Offline
D0019,2023-10-03 22:00:00,Busy
D0019,2023-10-04 20:00:00,Online
D0019,2023-10-05 02:00:00,Busy
D0019,2023-10-06 12:00:00,Offline
D0019,2023-10-07 08:00:00,Idle
D0019,2023-10-08 00:00:00,Busy
D0019,2023-10-08 04:00:00,Busy
D0019,2023-10-08 12:00:00,Offline
D0019,2023-10-10 04:00:00,Busy
D0019,2023-10-10 14:00:00,Idle
D0019,2023-10-11 06:00:00,Online
D0019,2023-10-15 14:00:00,Offline
D0019,2023-10-16 06:00:00,Offline
D0019,2023-10-17 22:00:00,Idle
D0019,2023-10-18 04:00:00,Busy
D0019,2023-10-18 06:00:00,Offline
D0019,2023-10-18 16:00:00,Online
D0019,2023-10-20 12:00:00,Busy
D0019,2023-10-21 22:00:00,Offline
D0019,2023-10-23 16:00:00,Busy
D0019,2023-10-24 00:00:00,Busy
D0019,2023-10-24 20:00:00,Offline
D0019,2023-10-28 16:00:00,Idle
D0019,2023-10-28 20:00:00,Busy
D0019,2023-10-29 00:00:00,Online
D0019,2023-10-29 14:00:00,Offline
D0020,2023-10-01 04:00:00,Busy
D0020,2023-10-01 18:00:00,Offline
D0020,2023-10-01 20:00:00,Offline
D0020,2023-10-02 22:00:00,Online
D0020,2023-10-03 04:00:00,Idle
D0020,2023-10-03 08:00:00,Idle
D0020,2023-10-05 02:00:00,Busy
D0020,2023-10-06 00:00:00,Offline
D0020,2023-10-09 12:00:00,Idle
D0020,2023-10-09 16:00:00,Online
D0020,2023-10-12 10:00:00,Online
D0020,2023-10-13 06:00:00,Idle
D0020,2023-10-13 10:00:00,Online
D0020,2023-10-14 18:00:00,Idle
D0020,2023-10-16 08:00:00,Busy
D0020,2023-10-17 12:00:00,Idle
D0020,2023-10-17 14:00:00,Busy
D0020,2023-10-19 14:00:00,Offline
D0020,2023-10-19 16:00:00,Busy
D0020,2023-10-20 18:00:00,Offline
D0020,2023-10-22 04:00:00,Busy
D0020,2023-10-23 20:00:00,Busy
D0020,2023-10-24 00:00:00,Idle
D0020,2023-10-24 10:00:00,Online
D0020,2023-10-24 20:00:00,Busy
D0020,2023-10-27 02:00:00,Idle
D0020,2023-10-27 04:00:00,Online
D0020,2023-10-28 02:00:00,Busy
D0020,2023-10-28 06:00:00,Busy
D0020,2023-10-28 16:00:00,Online
D0021,2023-10-01 04:00:00,Online
D0021,2023-10-01 14:00:00,Busy
D0021,2023-10-02 00:00:00,Offline
D0021,2023-10-03 00:00:00,Busy
D0021,2023-10-03 02:00:00,Online
D0021,2023-10-03 10:00:00,Online
D0021,2023-10-05 20:00:00,Busy
D0021,2023-10-06 00:00:00,Online
D0021,2023-10-06 08:00:00,Online
D0021,2023-10-07 18:00:00,Online
D0021,2023-10-09 00:00:00,Online
D0021,2023-10-11 08:00:00,Online
D0021,2023-10-12 04:00:00,Online
D0021,2023-10-14 10:00:00,Online
D0021,2023-10-14 16:00:00,Online
D0021,2023-10-14 22:00:00,Busy
D0021,2023-10-16 16:00:00,Online
D0021,2023-10-19 02:00:00,Busy
D0021,2023-10-20 10:00:00,Online
D0021,2023-10-21 00:00:00,Idle
D0021,2023-10-21 20:00:00,Offline
D0021,2023-10-21 22:00:00,Online
D0021,2023-10-23 14:00:00,Online
D0021,2023-10-24 06:00:00,Online
D0021,2023-10-24 14:00:00,Online
D0021,2023-10-25 14:00:00,Idle
D0021,2023-10-27 14:00:00,Busy
D0021,2023-10-27 20:00:00,Busy
D0021,2023-10-28 22:00:00,Idle
D0021,2023-10-30 06:00:00,Idle
D0022,2023-10-01 02:00:00,Busy
D0022,2023-10-01 12:00:00,Idle
D0022,2023-10-01 22:00:00,Online
D0022,2023-10-02 00:00:00,Idle
D0022,2023-10-02 18:00:00,Busy
D0022,2023-10-03 20:00:00,Idle
D0022,2023-10-04 16:00:00,Online
D0022,2023-10-04 22:00:00,Idle
D0022,2023-10-05 08:00:00,Busy
D0022,2023-10-06 02:00:00,Offline
D0022,2023-10-06 04:00:00,Busy
D0022,2023-10-06 10:00:00,Busy
D0022,2023-10-09 20:00:00,Busy
D0022,2023-10-12 00:00:00,Idle
D0022,2023-10-12 08:00:00,Online
D0022,2023-10-12 16:00:00,Busy
D0022,2023-10-13 08:00:00,Online
D0022,2023-10-15 02:00:00,Busy
D0022,2023-10-16 06:00:00,Offline
D0022,2023-10-16 10:00:00,Busy
D0022,2023-10-16 22:00:00,Busy
D0022,2023-10-19 06:00:00,Online
D0022,2023-10-22 00:00:00,Busy
D0022,2023-10-22 20:00:00,Busy
D0022,2023-10-23 14:00:00,Online
D0022,2023-10-25 18:00:00,Online
D0022,2023-10-27 12:00:00,Online
D0022,2023-10-27 22:00:00,Idle
D0022,2023-10-28 02:00:00,Online
D0022,2023-10-30 12:00:00,Busy
D0023,2023-10-03 22:00:00,Busy
D0023,2023-10-04 14:00:00,Online
D0023,2023-10-04 16:00:00,Online
D0023,2023-10-06 20:00:00,Busy
D0023,2023-10-09 02:00:00,Online
D0023,2023-10-09 06:00:00,Online
D0023,2023-10-09 20:00:00,Online
D0023,2023-10-10 10:00:00,Idle
D0023,2023-10-12 22:00:00,Idle
D0023,2023-10-13 06:00:00,Offline
D0023,2023-10-13 16:00:00,Online
D0023,2023-10-14 00:00:00,Busy
D0023,2023-10-14 08:00:00,Busy
D0023,2023-10-14 10:00:00,Busy
D0023,2023-10-15 22:00:00,Busy
D0023,2023-10-16 20:00:00,Online
D0023,2023-10-17 14:00:00,Offline
D0023,2023-10-18 22:00:00,Idle
D0023,2023-10-19 04:00:00,Online
D0023,2023-10-19 08:00:00,Online
D0023,2023-10-23 20:00:00,Online
D0023,2023-10-25 04:00:00,Idle
D0023,2023-10-25 16:00:00,Online
D0023,2023-10-26 10:00:00,Online
D0023,2023-10-27 00:00:00,Busy
D0023,2023-10-27 06:00:00,Busy
D0023,2023-10-28 12:00:00,Online
D0023,2023-10-29 00:00:00,Idle
D0023,2023-10-29 22:00:00,Busy
D0023,2023-10-30 12:00:00,Idle
D0024,2023-10-01 04:00:00,Busy
D0024,2023-10-01 16:00:00,Busy
D0024,2023-10-02 00:00:00,Busy
D0024,2023-10-02 02:00:00,Online
D0024,2023-10-02 16:00:00,Online
D0024,2023-10-02 18:00:00,Offline
D0024,2023-10-07 12:00:00,Online
D0024,2023-10-07 20:00:00,Online
D0024,2023-10-11 10:00:00,Busy
D0024,2023-10-12 00:00:00,Busy
D0024,2023-10-13 22:00:00,Offline
D0024,2023-10-14 04:00:00,Online
D0024,2023-10-14 10:00:00,Offline
D0024,2023-10-14 20:00:00,Online
D0024,2023-10-17 04:00:00,Busy
D0024,2023-10-17 14:00:00,Online
D0024,2023-10-19 06:00:00,Idle
D0024,2023-10-19 12:00:00,Busy
D0024,2023-10-20 18:00:00,Online
D0024,2023-10-20 22:00:00,Busy
D0024,2023-10-21 08:00:00,Online
D0024,2023-10-22 02:00:00,Idle
D0024,2023-10-22 06:00:00,Busy
D0024,2023-10-22 14:00:00,Busy
D0024,2023-10-22 22:00:00,Offline
D0024,2023-10-24 06:00:00,Online
D0024,2023-10-26 20:00:00,Online
D0024,2023-10-27 00:00:00,Busy
D0024,2023-10-28 18:00:00,Busy
D0024,2023-10-29 02:00:00,Idle
D0025,2023-10-01 10:00:00,Online
D0025,2023-10-01 14:00:00,Online
D0025,2023-10-03 00:00:00,Offline
D0025,2023-10-03 16:00:00,Busy
D0025,2023-10-03 20:00:00,Idle
D0025,2023-10-07 18:00:00,Idle
D0025,2023-10-07 22:00:00,Busy
D0025,2023-10-08 06:00:00,Online
D0025,2023-10-08 10:00:00,Online
D0025,2023-10-09 00:00:00,Idle
D0025,2023-10-14 06:00:00,Busy
D0025,2023-10-16 18:00:00,Busy
D0025,2023-10-17 02:00:00,Busy
D0025,2023-10-17 12:00:00,Online
D0025,2023-10-18 00:00:00,Online
D0025,2023-10-18 04:00:00,Busy
D0025,2023-10-18 14:00:00,Busy
D0025,2023-10-19 00:00:00,Online
D0025,2023-10-20 14:00:00,Idle
D0025,2023-10-21 18:00:00,Busy
D0025,2023-10-22 12:00:00,Offline
D0025,2023-10-23 08:00:00,Online
D0025,2023-10-23 12:00:00,Idle
D0025,2023-10-24 04:00:00,Online
D0025,2023-10-25 10:00:00,Busy
D0025,2023-10-26 02:00:00,Busy
D0025,2023-10-28 16:00:00,Busy
D0025,2023-10-29 16:00:00,Offline
D0025,2023-10-30 00:00:00,Idle
D0025,2023-10-30 06:00:00,Online
D0026,2023-10-02 06:00:00,Busy
D0026,2023-10-03 08:00:00,Idle
D0026,2023-10-03 12:00:00,Online
D0026,2023-10-03 22:00:00,Online
D0026,2023-10-05 06:00:00,Busy
D0026,2023-10-06 18:00:00,Busy
D0026,2023-10-08 18:00:00,Idle
D0026,2023-10-09 04:00:00,Online
D0026,2023-10-10 04:00:00,Busy
D0026,2023-10-11 12:00:00,Offline
D0026,2023-10-11 20:00:00,Busy
D0026,2023-10-13 16:00:00,Online
D0026,2023-10-14 12:00:00,Offline
D0026,2023-10-14 14:00:00,Online
D0026,2023-10-17 02:00:00,Online
D0026,2023-10-17 12:00:00,Busy
D0026,2023-10-18 16:00:00,Offline
D0026,2023-10-18 18:00:00,Busy
D0026,2023-10-19 00:00:00,Busy
D0026,2023-10-20 12:00:00,Online
D0026,2023-10-22 12:00:00,Offline
D0026,2023-10-23 18:00:00,Online
D0026,2023-10-24 00:00:00,Offline
D0026,2023-10-25 14:00:00,Busy
D0026,2023-10-26 20:00:00,Offline
D0026,2023-10-28 00:00:00,Online
D0026,2023-10-28 06:00:00,Busy
D0026,2023-10-29 14:00:00,Busy
D0026,2023-10-30 08:00:00,Idle
D0026,2023-10-30 12:00:00,Online
D0027,2023-10-02 08:00:00,Online
D0027,2023-10-02 14:00:00,Online
D0027,2023-10-05 16:00:00,Offline
D0027,2023-10-06 02:00:00,Busy
D0027,2023-10-06 18:00:00,Idle
D0027,2023-10-06 20:00:00,Busy
D0027,2023-10-07 18:00:00,Offline
D0027,2023-10-08 02:00:00,Idle
D0027,2023-10-09 08:00:00,Online
D0027,2023-10-10 14:00:00,Busy
D0027,2023-10-11 12:00:00,Busy
D0027,2023-10-11 18:00:00,Busy
D0027,2023-10-12 12:00:00,Online
D0027,2023-10-12 18:00:00,Busy
D0027,2023-10-15 10:00:00,Busy
D0027,2023-10-16 00:00:00,Idle
D0027,2023-10-17 12:00:00,Idle
D0027,2023-10-18 10:00:00,Online
D0027,2023-10-19 12:00:00,Online
D0027,2023-10-20 04:00:00,Offline
D0027,2023-10-21 08:00:00,Idle
D0027,2023-10-21 12:00:00,Online
D0027,2023-10-22 04:00:00,Online
D0027,2023-10-23 12:00:00,Busy
D0027,2023-10-24 04:00:00,Busy
D0027,2023-10-26 08:00:00,Busy
D0027,2023-10-26 16:00:00,Busy
D0027,2023-10-27 06:00:00,Busy
D0027,2023-10-28 16:00:00,Online
D0027,2023-10-29 12:00:00,Busy
D0028,2023-10-02 00:00:00,Online
D0028,2023-10-02 20:00:00,Busy
D0028,2023-10-05 04:00:00,Offline
D0028,2023-10-05 10:00:00,Busy
D0028,2023-10-06 18:00:00,Busy
D0028,2023-10-07 22:00:00,Busy
D0028,2023-10-09 14:00:00,Busy
D0028,2023-10-10 06:00:00,Offline
D0028,2023-10-10 16:00:00,Offline
D0028,2023-10-10 22:00:00,Online
D0028,2023-10-11 02:00:00,Busy
D0028,2023-10-12 02:00:00,Busy
D0028,2023-10-12 12:00:00,Online
D0028,2023-10-14 08:00:00,Busy
D0028,2023-10-17 14:00:00,Busy
D0028,2023-10-18 08:00:00,Online
D0028,2023-10-18 22:00:00,Busy
D0028,2023-10-19 10:00:00,Offline
D0028,2023-10-19 16:00:00,Idle
D0028,2023-10-21 02:00:00,Idle
D0028,2023-10-23 00:00:00,Busy
D0028,2023-10-23 08:00:00,Busy
D0028,2023-10-23 10:00:00,Busy
D0028,2023-10-23 20:00:00,Busy
D0028,2023-10-23 22:00:00,Online
D0028,2023-10-24 18:00:00,Busy
D0028,2023-10-26 20:00:00,Online
D0028,2023-10-27 06:00:00,Online
D0028,2023-10-29 10:00:00,Idle
D0028,2023-10-29 14:00:00,Busy
D0029,2023-10-01 06:00:00,Offline
D0029,2023-10-02 12:00:00,Offline
D0029,2023-10-02 14:00:00,Online
D0029,2023-10-03 00:00:00,Idle
D0029,2023-10-03 06:00:00,Busy
D0029,2023-10-04 04:00:00,Online
D0029,2023-10-04 12:00:00,Idle
D0029,2023-10-05 02:00:00,Idle
D0029,2023-10-05 12:00:00,Idle
D0029,2023-10-11 14:00:00,Online
D0029,2023-10-13 02:00:00,Busy
D0029,2023-10-13 04:00:00,Online
D0029,2023-10-14 04:00:00,Idle
D0029,2023-10-14 06:00:00,Online
D0029,2023-10-14 18:00:00,Idle
D0029,2023-10-15 10:00:00,Busy
D0029,2023-10-16 04:00:00,Offline
D0029,2023-10-17 14:00:00,Busy
D0029,2023-10-17 16:00:00,Offline
D0029,2023-10-19 08:00:00,Online
D0029,2023-10-19 12:00:00,Busy
D0029,2023-10-21 04:00:00,Offline
D0029,2023-10-23 02:00:00,Online
D0029,2023-10-25 04:00:00,Busy
D0029,2023-10-25 22:00:00,Busy
D0029,2023-10-26 06:00:00,Idle
D0029,2023-10-26 10:00:00,Offline
D0029,2023-10-26 18:00:00,Busy
D0029,2023-10-28 02:00:00,Online
D0029,2023-10-29 08:00:00,Idle
D0030,2023-10-01 00:00:00,Idle
D0030,2023-10-01 22:00:00,Busy
D0030,2023-10-02 10:00:00,Online
D0030,2023-10-03 12:00:00,Busy
D0030,2023-10-03 18:00:00,Idle
D0030,2023-10-04 22:00:00,Busy
D0030,2023-10-06 00:00:00,Idle
D0030,2023-10-07 06:00:00,Offline
D0030,2023-10-08 12:00:00,Online
D0030,2023-10-10 02:00:00,Offline
D0030,2023-10-11 10:00:00,Idle
D0030,2023-10-11 18:00:00,Online
D0030,2023-10-11 22:00:00,Online
D0030,2023-10-12 12:00:00,Busy
D0030,2023-10-14 00:00:00,Online
D0030,2023-10-14 04:00:00,Busy
D0030,2023-10-16 06:00:00,Busy
D0030,2023-10-18 04:00:00,Busy
D0030,2023-10-18 08:00:00,Idle
D0030,2023-10-18 22:00:00,Offline
D0030,2023-10-20 12:00:00,Offline
D0030,2023-10-22 02:00:00,Busy
D0030,2023-10-23 16:00:00,Busy
D0030,2023-10-25 12:00:00,Busy
D0030,2023-10-27 18:00:00,Busy
D0030,2023-10-28 06:00:00,Busy
D0030,2023-10-28 12:00:00,Offline
D0030,2023-10-29 10:00:00,Busy
D0030,2023-10-29 12:00:00,Idle
D0030,2023-10-29 22:00:00,Online
D0031,2023-10-01 20:00:00,Busy
D0031,2023-10-03 02:00:00,Busy
D0031,2023-10-03 22:00:00,Offline
D0031,2023-10-05 04:00:00,Busy
D0031,2023-10-06 16:00:00,Busy
D0031,2023-10-07 04:00:00,Online
D0031,2023-10-07 22:00:00,Idle
D0031,2023-10-08 00:00:00,Online
D0031,2023-10-10 16:00:00,Offline
D0031,2023-10-10 20:00:00,Busy
D0031,2023-10-11 12:00:00,Busy
D0031,2023-10-12 16:00:00,Online
D0031,2023-10-12 20:00:00,Busy
D0031,2023-10-13 06:00:00,Busy
D0031,2023-10-13 12:00:00,Online
D0031,2023-10-14 04:00:00,Busy
D0031,2023-10-14 18:00:00,Online
D0031,2023-10-15 16:00:00,Offline
D0031,2023-10-18 00:00:00,Idle
D0031,2023-10-20 12:00:00,Busy
D0031,2023-10-22 02:00:00,Idle
D0031,2023-10-23 14:00:00,Online
D0031,2023-10-26 06:00:00,Busy
D0031,2023-10-26 16:00:00,Online
D0031,2023-10-27 18:00:00,Busy
D0031,2023-10-28 10:00:00,Offline
D0031,2023-10-29 02:00:00,Idle
D0031,2023-10-29 16:00:00,Online
D0031,2023-10-29 22:00:00,Online
D0031,2023-10-30 22:00:00,Busy
D0032,2023-10-03 02:00:00,Online
D0032,2023-10-03 18:00:00,Busy
D0032,2023-10-04 00:00:00,Busy
D0032,2023-10-06 04:00:00,Busy
D0032,2023-10-06 08:00:00,Online
D0032,2023-10-06 10:00:00,Idle
D0032,2023-10-06 14:00:00,Idle
D0032,2023-10-08 00:00:00,Idle
D0032,2023-10-08 08:00:00,Online
D0032,2023-10-08 16:00:00,Idle
D0032,2023-10-11 12:00:00,Busy
D0032,2023-10-12 00:00:00,Busy
D0032,2023-10-13 02:00:00,Offline
D0032,2023-10-13 10:00:00,Idle
D0032,2023-10-15 20:00:00,Offline
D0032,2023-10-16 04:00:00,Online
D0032,2023-10-17 04:00:00,Online
D0032,2023-10-19 00:00:00,Online
D0032,2023-10-21 00:00:00,Online
D0032,2023-10-22 10:00:00,Offline
D0032,2023-10-22 14:00:00,Idle
D0032,2023-10-22 16:00:00,Busy
D0032,2023-10-23 00:00:00,Online
D0032,2023-10-24 20:00:00,Offline
D0032,2023-10-25 06:00:00,Online
D0032,2023-10-25 16:00:00,Offline
D0032,2023-10-26 06:00:00,Online
D0032,2023-10-26 18:00:00,Online
D0032,2023-10-27 04:00:00,Busy
D0032,2023-10-28 02:00:00,Online
D0033,2023-10-01 20:00:00,Offline
D0033,2023-10-04 00:00:00,Busy
D0033,2023-10-04 02:00:00,Online
D0033,2023-10-04 08:00:00,Busy
D0033,2023-10-05 00:00:00,Offline
D0033,2023-10-05 06:00:00,Online
D0033,2023-10-06 06:00:00,Online
D0033,2023-10-07 10:00:00,Offline
D0033,2023-10-07 14:00:00,Busy
D0033,2023-10-07 22:00:00,Busy
D0033,2023-10-08 18:00:00,Offline
D0033,2023-10-09 22:00:00,Idle
D0033,2023-10-11 22:00:00,Busy
D0033,2023-10-12 04:00:00,Offline
D0033,2023-10-12 10:00:00,Busy
D0033,2023-10-14 02:00:00,Online
D0033,2023-10-14 14:00:00,Busy
D0033,2023-10-14 20:00:00,Online
D0033,2023-10-17 18:00:00,Online
D0033,2023-10-20 04:00:00,Idle
D0033,2023-10-21 02:00:00,Idle
D0033,2023-10-22 02:00:00,Offline
D0033,2023-10-22 18:00:00,Online
D0033,2023-10-23 06:00:00,Online
D0033,2023-10-24 00:00:00,Online
D0033,2023-10-27 10:00:00,Offline
D0033,2023-10-28 04:00:00,Busy
D0033,2023-10-28 22:00:00,Busy
D0033,2023-10-29 02:00:00,Online
D0033,2023-10-30 10:00:00,Busy
D0034,2023-10-05 14:00:00,Busy
D0034,2023-10-07 22:00:00,Online
D0034,2023-10-09 02:00:00,Busy
D0034,2023-10-09 06:00:00,Busy
D0034,2023-10-11 06:00:00,Offline
D0034,2023-10-12 10:00:00,Offline
D0034,2023-10-12 18:00:00,Online
D0034,2023-10-13 18:00:00,Online
D0034,2023-10-15 00:00:00,Idle
D0034,2023-10-16 10:00:00,Idle
D0034,2023-10-17 14:00:00,Online
D0034,2023-10-19 12:00:00,Busy
D0034,2023-10-19 18:00:00,Offline
D0034,2023-10-21 12:00:00,Online
D0034,2023-10-22 02:00:00,Busy
D0034,2023-10-22 06:00:00,Busy
D0034,2023-10-22 20:00:00,Online
D0034,2023-10-23 00:00:00,Offline
D0034,2023-10-23 02:00:00,Busy
D0034,2023-10-25 02:00:00,Idle
D0034,2023-10-26 00:00:00,Idle
D0034,2023-10-26 02:00:00,Offline
D0034,2023-10-26 18:00:00,Offline
D0034,2023-10-27 10:00:00,Busy
D0034,2023-10-27 12:00:00,Online
D0034,2023-10-28 08:00:00,Online
D0034,2023-10-28 18:00:00,Offline
D0034,2023-10-29 06:00:00,Online
D0034,2023-10-29 22:00:00,Busy
D0034,2023-10-30 20:00:00,Busy
D0035,2023-10-01 20:00:00,Busy
D0035,2023-10-02 20:00:00,Idle
D0035,2023-10-03 02:00:00,Busy
D0035,2023-10-03 16:00:00,Offline
D0035,2023-10-04 00:00:00,Offline
D0035,2023-10-05 00:00:00,Busy
D0035,2023-10-05 18:00:00,Idle
D0035,2023-10-07 00:00:00,Busy
D0035,2023-10-08 06:00:00,Busy
D0035,2023-10-10 02:00:00,Offline
D0035,2023-10-10 16:00:00,Online
D0035,2023-10-13 16:00:00,Offline
D0035,2023-10-14 02:00:00,Online
D0035,2023-10-15 00:00:00,Busy
D0035,2023-10-16 08:00:00,Busy
D0035,2023-10-17 04:00:00,Online
D0035,2023-10-17 08:00:00,Idle
D0035,2023-10-19 00:00:00,Online
D0035,2023-10-19 02:00:00,Online
D0035,2023-10-20 18:00:00,Busy
D0035,2023-10-22 02:00:00,Offline
D0035,2023-10-22 06:00:00,Offline
D0035,2023-10-23 12:00:00,Online
D0035,2023-10-25 00:00:00,Idle
D0035,2023-10-27 00:00:00,Busy
D0035,2023-10-27 06:00:00,Busy
D0035,2023-10-27 20:00:00,Idle
D0035,2023-10-28 08:00:00,Online
D0035,2023-10-29 06:00:00,Offline
D0035,2023-10-29 08:00:00,Offline
D0036,2023-10-02 02:00:00,Online
D0036,2023-10-04 06:00:00,Idle
D0036,2023-10-04 18:00:00,Online
D0036,2023-10-05 02:00:00,Busy
D0036,2023-10-06 16:00:00,Idle
D0036,2023-10-07 22:00:00,Idle
D0036,2023-10-08 14:00:00,Busy
D0036,2023-10-08 22:00:00,Busy
D0036,2023-10-09 04:00:00,Idle
D0036,2023-10-09 06:00:00,Online
D0036,2023-10-09 18:00:00,Idle
D0036,2023-10-12 02:00:00,Offline
D0036,2023-10-13 04:00:00,Idle
D0036,2023-10-14 12:00:00,Idle
D0036,2023-10-14 20:00:00,Online
D0036,2023-10-15 20:00:00,Online
D0036,2023-10-17 10:00:00,Online
D0036,2023-10-17 20:00:00,Online
D0036,2023-10-19 22:00:00,Offline
D0036,2023-10-20 00:00:00,Offline
D0036,2023-10-21 06:00:00,Idle
D0036,2023-10-21 22:00:00,Online
D0036,2023-10-22 22:00:00,Busy
D0036,2023-10-23 22:00:00,Offline
D0036,2023-10-26 16:00:00,Online
D0036,2023-10-27 00:00:00,Busy
D0036,2023-10-29 00:00:00,Offline
D0036,2023-10-29 12:00:00,Online
D0036,2023-10-29 18:00:00,Busy
D0036,2023-10-29 20:00:00,Busy
D0037,2023-10-01 04:00:00,Offline
D0037,2023-10-01 18:00:00,Online
D0037,2023-10-02 06:00:00,Busy
D0037,2023-10-03 12:00:00,Busy
D0037,2023-10-04 18:00:00,Busy
D0037,2023-10-05 10:00:00,Busy
D0037,2023-10-05 16:00:00,Online
D0037,2023-10-06 00:00:00,Online
D0037,2023-10-06 12:00:00,Online
D0037,2023-10-07 14:00:00,Idle
D0037,2023-10-09 04:00:00,Online
D0037,2023-10-12 16:00:00,Offline
D0037,2023-10-12 20:00:00,Idle
D0037,2023-10-14 16:00:00,Online
D0037,2023-10-15 20:00:00,Online
D0037,2023-10-16 02:00:00,Idle
D0037,2023-10-16 22:00:00,Online
D0037,2023-10-18 16:00:00,Busy
D0037,2023-10-19 06:00:00,Online
D0037,2023-10-19 12:00:00,Busy
D0037,2023-10-19 22:00:00,Idle
D0037,2023-10-20 06:00:00,Idle
D0037,2023-10-21 08:00:00,Idle
D0037,2023-10-23 16:00:00,Busy
D0037,2023-10-24 02:00:00,Idle
D0037,2023-10-25 16:00:00,Offline
D0037,2023-10-28 12:00:00,Idle
D0037,2023-10-28 14:00:00,Busy
D0037,2023-10-28 20:00:00,Busy
D0037,2023-10-29 18:00:00,Offline
D0038,2023-10-01 02:00:00,Online
D0038,2023-10-01 12:00:00,Idle
D0038,2023-10-01 20:00:00,Offline
D0038,2023-10-01 22:00:00,Online
D0038,2023-10-03 06:00:00,Busy
D0038,2023-10-03 12:00:00,Offline
D0038,2023-10-04 12:00:00,Idle
D0038,2023-10-05 04:00:00,Online
D0038,2023-10-06 00:00:00,Offline
D0038,2023-10-07 10:00:00,Busy
D0038,2023-10-08 22:00:00,Busy
D0038,2023-10-10 08:00:00,Online
D0038,2023-10-11 06:00:00,Busy
D0038,2023-10-11 08:00:00,Busy
D0038,2023-10-13 16:00:00,Online
D0038,2023-10-14 06:00:00,Offline
D0038,2023-10-14 20:00:00,Busy
D0038,2023-10-15 06:00:00,Offline
D0038,2023-10-15 08:00:00,Online
D0038,2023-10-17 00:00:00,Busy
D0038,2023-10-18 20:00:00,Busy
D0038,2023-10-19 04:00:00,Online
D0038,2023-10-19 10:00:00,Busy
D0038,2023-10-20 16:00:00,Offline
D0038,2023-10-21 16:00:00,Online
D0038,2023-10-23 04:00:00,Busy
D0038,2023-10-27 02:00:00,Online
D0038,2023-10-27 04:00:00,Online
D0038,2023-10-28 02:00:00,Idle
D0038,2023-10-30 22:00:00,Busy
D0039,2023-10-01 18:00:00,Idle
D0039,2023-10-02 08:00:00,Busy
D0039,2023-10-03 00:00:00,Busy
D0039,2023-10-03 22:00:00,Idle
D0039,2023-10-05 10:00:00,Busy
D0039,2023-10-07 08:00:00,Busy
D0039,2023-10-09 14:00:00,Busy
D0039,2023-10-10 08:00:00,Busy
D0039,2023-10-12 12:00:00,Online
D0039,2023-10-13 02:00:00,Online
D0039,2023-10-17 12:00:00,Online
D0039,2023-10-18 14:00:00,Busy
D0039,2023-10-18 22:00:00,Busy
D0039,2023-10-19 08:00:00,Busy
D0039,2023-10-19 20:00:00,Idle
D0039,2023-10-20 16:00:00,Offline
D0039,2023-10-21 00:00:00,Busy
D0039,2023-10-22 18:00:00,Online
D0039,2023-10-22 20:00:00,Busy
D0039,2023-10-24 10:00:00,Offline
D0039,2023-10-25 04:00:00,Online
D0039,2023-10-25 12:00:00,Offline
D0039,2023-10-26 08:00:00,Offline
D0039,2023-10-26 18:00:00,Busy
D0039,2023-10-26 22:00:00,Busy
D0039,2023-10-27 06:00:00,Offline
D0039,2023-10-27 12:00:00,Online
D0039,2023-10-29 16:00:00,Idle
D0039,2023-10-29 18:00:00,Busy
D0039,2023-10-30 00:00:00,Busy
D0040,2023-10-01 18:00:00,Online
D0040,2023-10-03 18:00:00,Online
D0040,2023-10-04 08:00:00,Busy
D0040,2023-10-04 16:00:00,Idle
D0040,2023-10-05 22:00:00,Idle
D0040,2023-10-06 00:00:00,Idle
D0040,2023-10-07 10:00:00,Busy
D0040,2023-10-07 18:00:00,Busy
D0040,2023-10-08 18:00:00,Busy
D0040,2023-10-09 06:00:00,Busy
D0040,2023-10-10 04:00:00,Busy
D0040,2023-10-11 04:00:00,Idle
D0040,2023-10-12 18:00:00,Online
D0040,2023-10-13 12:00:00,Idle
D0040,2023-10-14 02:00:00,Busy
D0040,2023-10-14 20:00:00,Busy
D0040,2023-10-14 22:00:00,Busy
D0040,2023-10-17 06:00:00,Online
D0040,2023-10-17 08:00:00,Online
D0040,2023-10-18 06:00:00,Idle
D0040,2023-10-18 22:00:00,Idle
D0040,2023-10-20 00:00:00,Online
D0040,2023-10-20 04:00:00,Offline
D0040,2023-10-20 06:00:00,Busy
D0040,2023-10-23 06:00:00,Online
D0040,2023-10-23 18:00:00,Idle
D0040,2023-10-23 20:00:00,Online
D0040,2023-10-26 22:00:00,Online
D0040,2023-10-28 08:00:00,Idle
D0040,2023-10-29 00:00:00,Idle
D0041,2023-10-01 20:00:00,Idle
D0041,2023-10-03 02:00:00,Busy
D0041,2023-10-03 06:00:00,Offline
D0041,2023-10-03 18:00:00,Idle
D0041,2023-10-04 02:00:00,Online
D0041,2023-10-04 22:00:00,Online
D0041,2023-10-05 04:00:00,Offline
D0041,2023-10-07 14:00:00,Busy
D0041,2023-10-07 20:00:00,Idle
D0041,2023-10-10 12:00:00,Online
D0041,2023-10-11 20:00:00,Busy
D0041,2023-10-15 00:00:00,Busy
D0041,2023-10-19 00:00:00,Online
D0041,2023-10-19 04:00:00,Busy
D0041,2023-10-19 12:00:00,Online
D0041,2023-10-22 02:00:00,Online
D0041,2023-10-22 08:00:00,Offline
D0041,2023-10-23 18:00:00,Busy
D0041,2023-10-24 06:00:00,Busy
D0041,2023-10-24 20:00:00,Online
D0041,2023-10-25 02:00:00,Idle
D0041,2023-10-26 10:00:00,Idle
D0041,2023-10-26 18:00:00,Online
D0041,2023-10-27 06:00:00,Online
D0041,2023-10-27 12:00:00,Offline
D0041,2023-10-27 14:00:00,Online
D0041,2023-10-27 16:00:00,Busy
D0041,2023-10-28 06:00:00,Busy
D0041,2023-10-29 22:00:00,Idle
D0041,2023-10-30 06:00:00,Busy
D0042,2023-10-01 06:00:00,Busy
D0042,2023-10-02 10:00:00,Busy
D0042,2023-10-03 12:00:00,Online
D0042,2023-10-03 18:00:00,Online
D0042,2023-10-04 12:00:00,Offline
D0042,2023-10-04 22:00:00,Online
D0042,2023-10-07 10:00:00,Busy
D0042,2023-10-08 12:00:00,Online
D0042,2023-10-08 14:00:00,Offline
D0042,2023-10-09 10:00:00,Online
D0042,2023-10-10 20:00:00,Busy
D0042,2023-10-13 02:00:00,Online
D0042,2023-10-13 22:00:00,Online
D0042,2023-10-14 04:00:00,Offline
D0042,2023-10-14 18:00:00,Busy
D0042,2023-10-15 18:00:00,Online
D0042,2023-10-16 14:00:00,Offline
D0042,2023-10-18 14:00:00,Idle
D0042,2023-10-19 12:00:00,Offline
D0042,2023-10-20 02:00:00,Busy
D0042,2023-10-20 22:00:00,Idle
D0042,2023-10-21 14:00:00,Idle
D0042,2023-10-23 04:00:00,Busy
D0042,2023-10-24 18:00:00,Busy
D0042,2023-10-26 02:00:00,Busy
D0042,2023-10-26 22:00:00,Offline
D0042,2023-10-27 00:00:00,Online
D0042,2023-10-28 00:00:00,Busy
D0042,2023-10-30 06:00:00,Online
D0042,2023-10-30 22:00:00,Idle
D0043,2023-10-01 04:00:00,Offline
D0043,2023-10-04 20:00:00,Idle
D0043,2023-10-05 06:00:00,Online
D0043,2023-10-05 08:00:00,Offline
D0043,2023-10-06 00:00:00,Online
D0043,2023-10-06 02:00:00,Busy
D0043,2023-10-08 18:00:00,Busy
D0043,2023-10-09 10:00:00,Online
D0043,2023-10-09 22:00:00,Busy
D0043,2023-10-11 06:00:00,Online
D0043,2023-10-11 22:00:00,Online
D0043,2023-10-12 06:00:00,Online
D0043,2023-10-12 18:00:00,Online
D0043,2023-10-12 20:00:00,Idle
D0043,2023-10-14 08:00:00,Idle
D0043,2023-10-15 10:00:00,Online
D0043,2023-10-16 08:00:00,Online
D0043,2023-10-16 10:00:00,Idle
D0043,2023-10-16 18:00:00,Online
D0043,2023-10-18 06:00:00,Online
D0043,2023-10-21 08:00:00,Online
D0043,2023-10-23 06:00:00,Idle
D0043,2023-10-23 22:00:00,Idle
D0043,2023-10-24 06:00:00,Offline
D0043,2023-10-26 16:00:00,Online
D0043,2023-10-27 12:00:00,Busy
D0043,2023-10-28 00:00:00,Busy
D0043,2023-10-28 14:00:00,Busy
D0043,2023-10-29 16:00:00,Offline
D0043,2023-10-30 14:00:00,Busy
D0044,2023-10-01 12:00:00,Busy
D0044,2023-10-01 22:00:00,Offline
D0044,2023-10-02 18:00:00,Offline
D0044,2023-10-02 20:00:00,Idle
D0044,2023-10-07 16:00:00,Busy
D0044,2023-10-07 18:00:00,Busy
D0044,2023-10-08 06:00:00,Busy
D0044,2023-10-08 16:00:00,Busy
D0044,2023-10-08 22:00:00,Idle
D0044,2023-10-09 00:00:00,Online
D0044,2023-10-12 00:00:00,Online
D0044,2023-10-13 10:00:00,Online
D0044,2023-10-14 00:00:00,Idle
D0044,2023-10-14 20:00:00,Online
D0044,2023-10-15 18:00:00,Busy
D0044,2023-10-16 14:00:00,Busy
D0044,2023-10-17 04:00:00,Idle
D0044,2023-10-18 22:00:00,Online
D0044,2023-10-19 06:00:00,Busy
D0044,2023-10-19 18:00:00,Offline
D0044,2023-10-20 06:00:00,Busy
D0044,2023-10-21 06:00:00,Busy
D0044,2023-10-23 02:00:00,Online
D0044,2023-10-23 06:00:00,Idle
D0044,2023-10-24 02:00:00,Idle
D0044,2023-10-25 14:00:00,Idle
D0044,2023-10-27 02:00:00,Idle
D0044,2023-10-27 20:00:00,Offline
D0044,2023-10-29 22:00:00,Offline
D0044,2023-10-30 10:00:00,Busy
D0045,2023-10-01 08:00:00,Idle
D0045,2023-10-02 06:00:00,Idle
D0045,2023-10-04 04:00:00,Idle
D0045,2023-10-04 18:00:00,Offline
D0045,2023-10-08 12:00:00,Offline
D0045,2023-10-08 20:00:00,Busy
D0045,2023-10-10 00:00:00,Idle
D0045,2023-10-11 02:00:00,Busy
D0045,2023-10-11 14:00:00,Idle
D0045,2023-10-15 04:00:00,Idle
D0045,2023-10-15 08:00:00,Idle
D0045,2023-10-17 04:00:00,Busy
D0045,2023-10-18 22:00:00,Idle
D0045,2023-10-19 18:00:00,Online
D0045,2023-10-21 02:00:00,Online
D0045,2023-10-21 18:00:00,Online
D0045,2023-10-22 14:00:00,Busy
D0045,2023-10-22 16:00:00,Offline
D0045,2023-10-23 08:00:00,Online
D0045,2023-10-23 22:00:00,Online
D0045,2023-10-24 00:00:00,Online
D0045,2023-10-24 04:00:00,Offline
D0045,2023-10-24 10:00:00,Idle
D0045,2023-10-25 20:00:00,Idle
D0045,2023-10-26 00:00:00,Idle
D0045,2023-10-26 04:00:00,Idle
D0045,2023-10-29 18:00:00,Idle
D0045,2023-10-30 10:00:00,Idle
D0045,2023-10-30 16:00:00,Online
D0045,2023-10-30 18:00:00,Busy
D0046,2023-10-02 12:00:00,Online
D0046,2023-10-02 20:00:00,Busy
D0046,2023-10-03 10:00:00,Offline
D0046,2023-10-04 00:00:00,Busy
D0046,2023-10-04 04:00:00,Online
D0046,2023-10-06 04:00:00,Online
D0046,2023-10-07 00:00:00,Busy
D0046,2023-10-07 10:00:00,Idle
D0046,2023-10-09 12:00:00,Idle
D0046,2023-10-09 14:00:00,Online
D0046,2023-10-09 22:00:00,Online
D0046,2023-10-12 04:00:00,Busy
D0046,2023-10-15 12:00:00,Online
D0046,2023-10-17 00:00:00,Online
D0046,2023-10-17 06:00:00,Busy
D0046,2023-10-17 08:00:00,Online
D0046,2023-10-17 10:00:00,Offline
D0046,2023-10-19 10:00:00,Idle
D0046,2023-10-20 02:00:00,Offline
D0046,2023-10-23 02:00:00,Online
D0046,2023-10-23 12:00:00,Online
D0046,2023-10-24 20:00:00,Busy
D0046,2023-10-25 06:00:00,Busy
D0046,2023-10-26 06:00:00,Online
D0046,2023-10-26 12:00:00,Online
D0046,2023-10-26 18:00:00,Online
D0046,2023-10-27 06:00:00,Busy
D0046,2023-10-28 18:00:00,Busy
D0046,2023-10-29 00:00:00,Idle
D0046,2023-10-29 22:00:00,Idle
D0047,2023-10-01 02:00:00,Online
D0047,2023-10-02 02:00:00,Idle
D0047,2023-10-02 06:00:00,Online
D0047,2023-10-03 22:00:00,Online
D0047,2023-10-04 20:00:00,Online
D0047,2023-10-05 04:00:00,Busy
D0047,2023-10-08 10:00:00,Idle
D0047,2023-10-09 16:00:00,Idle
D0047,2023-10-11 10:00:00,Offline
D0047,2023-10-12 02:00:00,Offline
D0047,2023-10-12 14:00:00,Online
D0047,2023-10-13 00:00:00,Busy
D0047,2023-10-13 04:00:00,Offline
D0047,2023-10-15 04:00:00,Idle
D0047,2023-10-17 08:00:00,Online
D0047,2023-10-18 00:00:00,Busy
D0047,2023-10-18 14:00:00,Idle
D0047,2023-10-20 14:00:00,Busy
D0047,2023-10-22 12:00:00,Idle
D0047,2023-10-22 14:00:00,Online
D0047,2023-10-22 18:00:00,Offline
D0047,2023-10-22 22:00:00,Idle
D0047,2023-10-23 02:00:00,Online
D0047,2023-10-23 08:00:00,Busy
D0047,2023-10-24 08:00:00,Busy
D0047,2023-10-24 18:00:00,Offline
D0047,2023-10-26 10:00:00,Online
D0047,2023-10-28 16:00:00,Idle
D0047,2023-10-29 06:00:00,Busy
D0047,2023-10-29 20:00:00,Idle
D0048,2023-10-01 06:00:00,Online
D0048,2023-10-02 08:00:00,Busy
D0048,2023-10-03 10:00:00,Online
D0048,2023-10-03 18:00:00,Idle
D0048,2023-10-04 20:00:00,Online
D0048,2023-10-05 10:00:00,Online
D0048,2023-10-05 12:00:00,Online
D0048,2023-10-06 00:00:00,Online
D0048,2023-10-06 04:00:00,Offline
D0048,2023-10-06 14:00:00,Busy
D0048,2023-10-07 18:00:00,Busy
D0048,2023-10-08 02:00:00,Offline
D0048,2023-10-08 12:00:00,Busy
D0048,2023-10-10 00:00:00,Busy
D0048,2023-10-10 06:00:00,Online
D0048,2023-10-10 16:00:00,Busy
D0048,2023-10-12 20:00:00,Online
D0048,2023-10-14 04:00:00,Online
D0048,2023-10-16 04:00:00,Busy
D0048,2023-10-17 10:00:00,Online
D0048,2023-10-17 12:00:00,Busy
D0048,2023-10-19 18:00:00,Offline
D0048,2023-10-20 16:00:00,Online
D0048,2023-10-21 02:00:00,Offline
D0048,2023-10-23 10:00:00,Online
D0048,2023-10-24 16:00:00,Busy
D0048,2023-10-26 12:00:00,Online
D0048,2023-10-27 08:00:00,Offline
D0048,2023-10-30 06:00:00,Online
D0048,2023-10-30 12:00:00,Offline
D0049,2023-10-01 04:00:00,Online
D0049,2023-10-01 18:00:00,Offline
D0049,2023-10-02 06:00:00,Online
D0049,2023-10-02 08:00:00,Busy
D0049,2023-10-03 16:00:00,Online
D0049,2023-10-03 22:00:00,Idle
D0049,2023-10-04 04:00:00,Idle
D0049,2023-10-04 20:00:00,Online
D0049,2023-10-07 14:00:00,Busy
D0049,2023-10-08 04:00:00,Online
D0049,2023-10-08 12:00:00,Busy
D0049,2023-10-08 16:00:00,Online
D0049,2023-10-09 06:00:00,Idle
D0049,2023-10-10 04:00:00,Busy
D0049,2023-10-10 14:00:00,Idle
D0049,2023-10-14 06:00:00,Busy
D0049,2023-10-14 18:00:00,Busy
D0049,2023-10-17 22:00:00,Busy
D0049,2023-10-20 02:00:00,Idle
D0049,2023-10-20 14:00:00,Online
D0049,2023-10-24 04:00:00,Idle
D0049,2023-10-24 20:00:00,Offline
D0049,2023-10-25 02:00:00,Online
D0049,2023-10-26 10:00:00,Offline
D0049,2023-10-26 16:00:00,Busy
D0049,2023-10-28 04:00:00,Online
D0049,2023-10-28 18:00:00,Busy
D0049,2023-10-28 20:00:00,Online
D0049,2023-10-29 02:00:00,Online
D0049,2023-10-29 06:00:00,Offline
D0050,2023-10-01 00:00:00,Busy
D0050,2023-10-02 06:00:00,Online
D0050,2023-10-02 12:00:00,Busy
D0050,2023-10-03 08:00:00,Idle
D0050,2023-10-04 04:00:00,Busy
D0050,2023-10-04 22:00:00,Online
D0050,2023-10-05 06:00:00,Busy
D0050,2023-10-06 02:00:00,Online
D0050,2023-10-06 08:00:00,Busy
D0050,2023-10-07 08:00:00,Idle
D0050,2023-10-09 14:00:00,Busy
D0050,2023-10-09 18:00:00,Offline
D0050,2023-10-10 10:00:00,Busy
D0050,2023-10-11 10:00:00,Online
D0050,2023-10-12 14:00:00,Busy
D0050,2023-10-13 12:00:00,Busy
D0050,2023-10-14 04:00:00,Offline
D0050,2023-10-14 06:00:00,Online
D0050,2023-10-15 10:00:00,Online
D0050,2023-10-16 10:00:00,Idle
D0050,2023-10-17 02:00:00,Online
D0050,2023-10-17 20:00:00,Busy
D0050,2023-10-19 20:00:00,Idle
D0050,2023-10-21 08:00:00,Busy
D0050,2023-10-21 16:00:00,Online
D0050,2023-10-25 14:00:00,Idle
D0050,2023-10-26 00:00:00,Busy
D0050,2023-10-26 04:00:00,Online
D0050,2023-10-29 00:00:00,Online
D0050,2023-10-29 08:00:00,Busy
D0051,2023-10-01 02:00:00,Busy
D0051,2023-10-01 04:00:00,Busy
D0051,2023-10-01 18:00:00,Busy
D0051,2023-10-01 20:00:00,Busy
D0051,2023-10-03 12:00:00,Online
D0051,2023-10-05 00:00:00,Busy
D0051,2023-10-05 04:00:00,Offline
D0051,2023-10-05 10:00:00,Idle
D0051,2023-10-05 12:00:00,Online
D0051,2023-10-06 22:00:00,Offline
D0051,2023-10-07 20:00:00,Online
D0051,2023-10-08 04:00:00,Offline
D0051,2023-10-10 02:00:00,Busy
D0051,2023-10-10 14:00:00,Online
D0051,2023-10-11 20:00:00,Idle
D0051,2023-10-13 06:00:00,Busy
D0051,2023-10-13 08:00:00,Busy
D0051,2023-10-15 20:00:00,Idle
D0051,2023-10-16 08:00:00,Online
D0051,2023-10-16 18:00:00,Online
D0051,2023-10-17 00:00:00,Busy
D0051,2023-10-17 12:00:00,Online
D0051,2023-10-22 10:00:00,Online
D0051,2023-10-22 18:00:00,Busy
D0051,2023-10-25 14:00:00,Busy
D0051,2023-10-26 12:00:00,Offline
D0051,2023-10-28 00:00:00,Offline
D0051,2023-10-28 10:00:00,Idle
D0051,2023-10-28 12:00:00,Idle
D0051,2023-10-29 18:00:00,Online
D0052,2023-10-01 02:00:00,Offline
D0052,2023-10-01 10:00:00,Offline
D0052,2023-10-02 06:00:00,Online
D0052,2023-10-04 10:00:00,Online
D0052,2023-10-04 18:00:00,Online
D0052,2023-10-05 20:00:00,Busy
D0052,2023-10-07 00:00:00,Busy
D0052,2023-10-07 02:00:00,Offline
D0052,2023-10-08 00:00:00,Offline
D0052,2023-10-10 16:00:00,Online
D0052,2023-10-11 18:00:00,Busy
D0052,2023-10-11 22:00:00,Offline
D0052,2023-10-13 02:00:00,Offline
D0052,2023-10-13 10:00:00,Idle
D0052,2023-10-13 14:00:00,Busy
D0052,2023-10-15 10:00:00,Busy
D0052,2023-10-17 00:00:00,Offline
D0052,2023-10-17 08:00:00,Busy
D0052,2023-10-21 00:00:00,Offline
D0052,2023-10-21 16:00:00,Online
D0052,2023-10-21 18:00:00,Busy
D0052,2023-10-22 06:00:00,Online
D0052,2023-10-23 22:00:00,Online
D0052,2023-10-24 16:00:00,Busy
D0052,2023-10-24 18:00:00,Online
D0052,2023-10-25 20:00:00,Offline
D0052,2023-10-28 02:00:00,Busy
D0052,2023-10-28 06:00:00,Busy
D0052,2023-10-29 16:00:00,Offline
D0052,2023-10-30 06:00:00,Online
D0053,2023-10-01 06:00:00,Online
D0053,2023-10-01 12:00:00,Online
D0053,2023-10-02 18:00:00,Online
D0053,2023-10-03 10:00:00,Busy
D0053,2023-10-03 12:00:00,Offline
D0053,2023-10-05 18:00:00,Busy
D0053,2023-10-05 22:00:00,Offline
D0053,2023-10-07 10:00:00,Online
D0053,2023-10-08 02:00:00,Offline
D0053,2023-10-08 04:00:00,Busy
D0053,2023-10-08 08:00:00,Online
D0053,2023-10-09 10:00:00,Online
D0053,2023-10-09 14:00:00,Busy
D0053,2023-10-12 06:00:00,Offline
D0053,2023-10-13 14:00:00,Busy
D0053,2023-10-13 16:00:00,Online
D0053,2023-10-14 18:00:00,Idle
D0053,2023-10-15 06:00:00,Online
D0053,2023-10-16 10:00:00,Online
D0053,2023-10-18 20:00:00,Online
D0053,2023-10-19 06:00:00,Online
D0053,2023-10-19 08:00:00,Online
D0053,2023-10-19 18:00:00,Idle
D0053,2023-10-19 20:00:00,Busy
D0053,2023-10-21 22:00:00,Busy
D0053,2023-10-23 06:00:00,Busy
D0053,2023-10-28 12:00:00,Online
D0053,2023-10-29 02:00:00,Idle
D0053,2023-10-29 04:00:00,Offline
D0053,2023-10-29 08:00:00,Offline
D0054,2023-10-03 00:00:00,Busy
D0054,2023-10-03 10:00:00,Offline
D0054,2023-10-03 14:00:00,Offline
D0054,2023-10-04 06:00:00,Online
D0054,2023-10-05 14:00:00,Offline
D0054,2023-10-06 18:00:00,Offline
D0054,2023-10-07 22:00:00,Busy
D0054,2023-10-08 04:00:00,Online
D0054,2023-10-12 00:00:00,Busy
D0054,2023-10-12 02:00:00,Online
D0054,2023-10-12 20:00:00,Busy
D0054,2023-10-13 02:00:00,Offline
D0054,2023-10-15 02:00:00,Busy
D0054,2023-10-16 00:00:00,Online
D0054,2023-10-16 02:00:00,Online
D0054,2023-10-16 04:00:00,Online
D0054,2023-10-17 00:00:00,Online
D0054,2023-10-17 06:00:00,Idle
D0054,2023-10-17 10:00:00,Online
D0054,2023-10-18 10:00:00,Busy
D0054,2023-10-19 00:00:00,Offline
D0054,2023-10-19 12:00:00,Online
D0054,2023-10-20 18:00:00,Online
D0054,2023-10-21 10:00:00,Online
D0054,2023-10-24 04:00:00,Online
D0054,2023-10-24 16:00:00,Offline
D0054,2023-10-25 22:00:00,Offline
D0054,2023-10-28 18:00:00,Busy
D0054,2023-10-29 04:00:00,Busy
D0054,2023-10-30 00:00:00,Idle
D0055,2023-10-01 14:00:00,Busy
D0055,2023-10-01 18:00:00,Idle
D0055,2023-10-02 12:00:00,Busy
D0055,2023-10-02 18:00:00,Idle
D0055,2023-10-03 06:00:00,Offline
D0055,2023-10-05 10:00:00,Busy
D0055,2023-10-06 00:00:00,Busy
D0055,2023-10-06 04:00:00,Idle
D0055,2023-10-08 22:00:00,Online
D0055,2023-10-09 06:00:00,Idle
D0055,2023-10-09 18:00:00,Offline
D0055,2023-10-10 08:00:00,Busy
D0055,2023-10-10 14:00:00,Online
D0055,2023-10-10 16:00:00,Busy
D0055,2023-10-13 08:00:00,Busy
D0055,2023-10-15 10:00:00,Offline
D0055,2023-10-15 20:00:00,Idle
D0055,2023-10-19 08:00:00,Online
D0055,2023-10-19 10:00:00,Idle
D0055,2023-10-21 20:00:00,Online
D0055,2023-10-23 10:00:00,Busy
D0055,2023-10-23 12:00:00,Offline
D0055,2023-10-23 14:00:00,Offline
D0055,2023-10-23 20:00:00,Offline
D0055,2023-10-24 02:00:00,Online
D0055,2023-10-24 22:00:00,Busy
D0055,2023-10-25 00:00:00,Busy
D0055,2023-10-26 18:00:00,Online
D0055,2023-10-28 04:00:00,Busy
D0055,2023-10-29 14:00:00,Online
D0056,2023-10-02 18:00:00,Idle
D0056,2023-10-04 08:00:00,Online
D0056,2023-10-07 22:00:00,Busy
D0056,2023-10-08 00:00:00,Idle
D0056,2023-10-08 02:00:00,Idle
D0056,2023-10-08 16:00:00,Offline
D0056,2023-10-09 02:00:00,Offline
D0056,2023-10-10 06:00:00,Online
D0056,2023-10-10 16:00:00,Idle
D0056,2023-10-12 06:00:00,Online
D0056,2023-10-14 10:00:00,Online
D0056,2023-10-14 12:00:00,Busy
D0056,2023-10-16 20:00:00,Busy
D0056,2023-10-17 02:00:00,Offline
D0056,2023-10-18 10:00:00,Online
D0056,2023-10-18 14:00:00,Busy
D0056,2023-10-19 02:00:00,Busy
D0056,2023-10-20 16:00:00,Busy
D0056,2023-10-21 06:00:00,Idle
D0056,2023-10-21 20:00:00,Online
D0056,2023-10-22 02:00:00,Busy
D0056,2023-10-25 00:00:00,Busy
D0056,2023-10-25 08:00:00,Offline
D0056,2023-10-26 12:00:00,Idle
D0056,2023-10-26 22:00:00,Busy
D0056,2023-10-27 06:00:00,Busy
D0056,2023-10-27 14:00:00,Busy
D0056,2023-10-28 00:00:00,Online
D0056,2023-10-29 20:00:00,Idle
D0056,2023-10-30 12:00:00,Online
D0057,2023-10-02 22:00:00,Idle
D0057,2023-10-03 18:00:00,Online
D0057,2023-10-03 20:00:00,Busy
D0057,2023-10-04 04:00:00,Offline
D0057,2023-10-05 14:00:00,Online
D0057,2023-10-06 02:00:00,Online
D0057,2023-10-06 06:00:00,Busy
D0057,2023-10-07 02:00:00,Busy
D0057,2023-10-09 00:00:00,Idle
D0057,2023-10-09 04:00:00,Online
D0057,2023-10-10 04:00:00,Online
D0057,2023-10-10 06:00:00,Online
D0057,2023-10-11 02:00:00,Idle
D0057,2023-10-11 06:00:00,Online
D0057,2023-10-11 14:00:00,Online
D0057,2023-10-11 16:00:00,Offline
D0057,2023-10-12 04:00:00,Offline
D0057,2023-10-13 06:00:00,Busy
D0057,2023-10-15 16:00:00,Offline
D0057,2023-10-18 14:00:00,Online
D0057,2023-10-19 06:00:00,Idle
D0057,2023-10-19 14:00:00,Idle
D0057,2023-10-19 20:00:00,Busy
D0057,2023-10-20 16:00:00,Online
D0057,2023-10-21 12:00:00,Online
D0057,2023-10-23 10:00:00,Busy
D0057,2023-10-23 18:00:00,Busy
D0057,2023-10-24 22:00:00,Idle
D0057,2023-10-29 04:00:00,Online
D0057,2023-10-29 18:00:00,Offline
D0058,2023-10-01 10:00:00,Online
D0058,2023-10-02 14:00:00,Offline
D0058,2023-10-02 22:00:00,Idle
D0058,2023-10-03 00:00:00,Online
D0058,2023-10-03 22:00:00,Busy
D0058,2023-10-05 10:00:00,Online
D0058,2023-10-06 06:00:00,Online
D0058,2023-10-06 12:00:00,Online
D0058,2023-10-09 06:00:00,Idle
D0058,2023-10-10 12:00:00,Online
D0058,2023-10-12 06:00:00,Offline
D0058,2023-10-12 10:00:00,Busy
D0058,2023-10-13 16:00:00,Online
D0058,2023-10-16 14:00:00,Idle
D0058,2023-10-16 22:00:00,Idle
D0058,2023-10-18 06:00:00,Online
D0058,2023-10-19 10:00:00,Busy
D0058,2023-10-21 04:00:00,Idle
D0058,2023-10-22 14:00:00,Busy
D0058,2023-10-22 16:00:00,Online
D0058,2023-10-23 02:00:00,Offline
D0058,2023-10-23 06:00:00,Idle
D0058,2023-10-23 14:00:00,Busy
D0058,2023-10-24 08:00:00,Online
D0058,2023-10-26 18:00:00,Idle
D0058,2023-10-27 10:00:00,Online
D0058,2023-10-29 10:00:00,Online
D0058,2023-10-29 14:00:00,Busy
D0058,2023-10-29 22:00:00,Online
D0058,2023-10-30 04:00:00,Offline
D0059,2023-10-04 10:00:00,Idle
D0059,2023-10-05 02:00:00,Idle
D0059,2023-10-05 18:00:00,Online
D0059,2023-10-06 14:00:00,Online
D0059,2023-10-07 20:00:00,Online
D0059,2023-10-08 20:00:00,Online
D0059,2023-10-09 10:00:00,Busy
D0059,2023-10-09 16:00:00,Busy
D0059,2023-10-10 18:00:00,Busy
D0059,2023-10-10 22:00:00,Online
D0059,2023-10-11 20:00:00,Offline
D0059,2023-10-12 18:00:00,Online
D0059,2023-10-13 04:00:00,Busy
D0059,2023-10-18 02:00:00,Online
D0059,2023-10-18 08:00:00,Online
D0059,2023-10-18 14:00:00,Online
D0059,2023-10-21 06:00:00,Busy
D0059,2023-10-21 08:00:00,Online
D0059,2023-10-21 18:00:00,Idle
D0059,2023-10-21 20:00:00,Idle
D0059,2023-10-23 08:00:00,Busy
D0059,2023-10-24 16:00:00,Online
D0059,2023-10-24 22:00:00,Busy
D0059,2023-10-25 04:00:00,Online
D0059,2023-10-25 18:00:00,Offline
D0059,2023-10-28 02:00:00,Busy
D0059,2023-10-28 16:00:00,Busy
D0059,2023-10-28 22:00:00,Idle
D0059,2023-10-30 10:00:00,Online
D0059,2023-10-30 18:00:00,Busy
D0060,2023-10-01 02:00:00,Idle
D0060,2023-10-02 06:00:00,Busy
D0060,2023-10-03 10:00:00,Busy
D0060,2023-10-04 04:00:00,Online
D0060,2023-10-04 18:00:00,Busy
D0060,2023-10-07 14:00:00,Online
D0060,2023-10-08 08:00:00,Online
D0060,2023-10-08 20:00:00,Idle
D0060,2023-10-10 10:00:00,Busy
D0060,2023-10-10 12:00:00,Busy
D0060,2023-10-11 08:00:00,Online
D0060,2023-10-11 14:00:00,Offline
D0060,2023-10-15 00:00:00,Idle
D0060,2023-10-15 10:00:00,Online
D0060,2023-10-18 18:00:00,Online
D0060,2023-10-19 22:00:00,Online
D0060,2023-10-21 12:00:00,Busy
D0060,2023-10-22 18:00:00,Online
D0060,2023-10-23 14:00:00,Idle
D0060,2023-10-23 20:00:00,Online
D0060,2023-10-24 00:00:00,Idle
D0060,2023-10-24 16:00:00,Idle
D0060,2023-10-25 04:00:00,Idle
D0060,2023-10-26 00:00:00,Idle
D0060,2023-10-26 16:00:00,Online
D0060,2023-10-27 00:00:00,Online
D0060,2023-10-28 00:00:00,Idle
D0060,2023-10-28 14:00:00,Busy
D0060,2023-10-29 12:00:00,Online
D0060,2023-10-30 14:00:00,Idle
D0061,2023-10-01 00:00:00,Offline
D0061,2023-10-02 14:00:00,Busy
D0061,2023-10-04 06:00:00,Online
D0061,2023-10-04 14:00:00,Offline
D0061,2023-10-05 10:00:00,Idle
D0061,2023-10-06 10:00:00,Online
D0061,2023-10-07 10:00:00,Busy
D0061,2023-10-07 18:00:00,Offline
D0061,2023-10-08 22:00:00,Online
D0061,2023-10-09 14:00:00,Busy
D0061,2023-10-10 02:00:00,Idle
D0061,2023-10-11 20:00:00,Busy
D0061,2023-10-12 18:00:00,Idle
D0061,2023-10-12 22:00:00,Online
D0061,2023-10-13 02:00:00,Online
D0061,2023-10-13 12:00:00,Online
D0061,2023-10-14 02:00:00,Busy
D0061,2023-10-15 00:00:00,Offline
D0061,2023-10-17 10:00:00,Online
D0061,2023-10-18 04:00:00,Busy
D0061,2023-10-18 20:00:00,Busy
D0061,2023-10-19 16:00:00,Online
D0061,2023-10-20 00:00:00,Busy
D0061,2023-10-20 02:00:00,Busy
D0061,2023-10-21 22:00:00,Busy
D0061,2023-10-22 10:00:00,Offline
D0061,2023-10-24 04:00:00,Busy
D0061,2023-10-24 08:00:00,Offline
D0061,2023-10-24 22:00:00,Online
D0061,2023-10-28 14:00:00,Online
D0062,2023-10-04 02:00:00,Online
D0062,2023-10-04 14:00:00,Offline
D0062,2023-10-06 20:00:00,Offline
D0062,2023-10-09 04:00:00,Online
D0062,2023-10-10 10:00:00,Busy
D0062,2023-10-10 22:00:00,Offline
D0062,2023-10-12 14:00:00,Online
D0062,2023-10-12 18:00:00,Online
D0062,2023-10-13 10:00:00,Online
D0062,2023-10-15 10:00:00,Online
D0062,2023-10-15 14:00:00,Busy
D0062,2023-10-16 02:00:00,Idle
D0062,2023-10-16 10:00:00,Busy
D0062,2023-10-16 20:00:00,Online
D0062,2023-10-18 14:00:00,Online
D0062,2023-10-18 18:00:00,Busy
D0062,2023-10-19 18:00:00,Busy
D0062,2023-10-20 06:00:00,Busy
D0062,2023-10-21 12:00:00,Idle
D0062,2023-10-22 02:00:00,Busy
D0062,2023-10-22 12:00:00,Busy
D0062,2023-10-22 14:00:00,Online
D0062,2023-10-22 20:00:00,Busy
D0062,2023-10-23 08:00:00,Online
D0062,2023-10-23 20:00:00,Online
D0062,2023-10-25 00:00:00,Online
D0062,2023-10-27 00:00:00,Idle
D0062,2023-10-30 00:00:00,Online
D0062,2023-10-30 08:00:00,Online
D0062,2023-10-30 18:00:00,Online
D0063,2023-10-01 02:00:00,Idle
D0063,2023-10-01 08:00:00,Idle
D0063,2023-10-01 14:00:00,Online
D0063,2023-10-02 06:00:00,Busy
D0063,2023-10-04 20:00:00,Online
D0063,2023-10-05 08:00:00,Idle
D0063,2023-10-06 02:00:00,Idle
D0063,2023-10-07 16:00:00,Busy
D0063,2023-10-09 18:00:00,Online
D0063,2023-10-10 02:00:00,Offline
D0063,2023-10-10 12:00:00,Online
D0063,2023-10-11 20:00:00,Offline
D0063,2023-10-13 22:00:00,Busy
D0063,2023-10-14 14:00:00,Busy
D0063,2023-10-17 00:00:00,Online
D0063,2023-10-18 14:00:00,Online
D0063,2023-10-19 14:00:00,Busy
D0063,2023-10-20 16:00:00,Busy
D0063,2023-10-21 22:00:00,Busy
D0063,2023-10-22 02:00:00,Offline
D0063,2023-10-22 10:00:00,Idle
D0063,2023-10-22 16:00:00,Idle
D0063,2023-10-22 20:00:00,Idle
D0063,2023-10-23 08:00:00,Idle
D0063,2023-10-24 10:00:00,Idle
D0063,2023-10-26 06:00:00,Busy
D0063,2023-10-27 00:00:00,Offline
D0063,2023-10-27 04:00:00,Online
D0063,2023-10-27 14:00:00,Online
D0063,2023-10-27 16:00:00,Online
D0064,2023-10-01 06:00:00,Busy
D0064,2023-10-01 20:00:00,Busy
D0064,2023-10-02 04:00:00,Online
D0064,2023-10-03 04:00:00,Online
D0064,2023-10-03 20:00:00,Idle
D0064,2023-10-04 08:00:00,Offline
D0064,2023-10-05 22:00:00,Busy
D0064,2023-10-08 00:00:00,Busy
D0064,2023-10-09 06:00:00,Busy
D0064,2023-10-13 02:00:00,Busy
D0064,2023-10-13 10:00:00,Idle
D0064,2023-10-13 12:00:00,Busy
D0064,2023-10-15 14:00:00,Busy
D0064,2023-10-16 22:00:00,Online
D0064,2023-10-17 00:00:00,Busy
D0064,2023-10-17 02:00:00,Online
D0064,2023-10-17 04:00:00,Offline
D0064,2023-10-18 06:00:00,Busy
D0064,2023-10-18 08:00:00,Busy
D0064,2023-10-19 08:00:00,Online
D0064,2023-10-19 18:00:00,Busy
D0064,2023-10-20 18:00:00,Online
D0064,2023-10-25 08:00:00,Busy
D0064,2023-10-26 14:00:00,Busy
D0064,2023-10-27 16:00:00,Busy
D0064,2023-10-29 02:00:00,Busy
D0064,2023-10-29 18:00:00,Busy
D0064,2023-10-30 12:00:00,Idle
D0064,2023-10-30 14:00:00,Busy
D0064,2023-10-30 22:00:00,Idle
D0065,2023-10-01 20:00:00,Offline
D0065,2023-10-02 12:00:00,Online
D0065,2023-10-03 08:00:00,Idle
D0065,2023-10-05 10:00:00,Busy
D0065,2023-10-05 14:00:00,Offline
D0065,2023-10-05 22:00:00,Busy
D0065,2023-10-06 02:00:00,Idle
D0065,2023-10-06 20:00:00,Online
D0065,2023-10-09 04:00:00,Offline
D0065,2023-10-10 12:00:00,Online
D0065,2023-10-11 06:00:00,Online
D0065,2023-10-12 02:00:00,Idle
D0065,2023-10-13 06:00:00,Online
D0065,2023-10-13 08:00:00,Idle
D0065,2023-10-14 00:00:00,Online
D0065,2023-10-14 14:00:00,Idle
D0065,2023-10-15 04:00:00,Busy
D0065,2023-10-17 14:00:00,Busy
D0065,2023-10-18 20:00:00,Offline
D0065,2023-10-19 22:00:00,Busy
D0065,2023-10-20 04:00:00,Online
D0065,2023-10-20 20:00:00,Busy
D0065,2023-10-22 22:00:00,Offline
D0065,2023-10-23 00:00:00,Idle
D0065,2023-10-23 10:00:00,Busy
D0065,2023-10-24 16:00:00,Offline
D0065,2023-10-25 00:00:00,Online
D0065,2023-10-27 02:00:00,Busy
D0065,2023-10-28 06:00:00,Offline
D0065,2023-10-30 04:00:00,Online
D0066,2023-10-03 04:00:00,Busy
D0066,2023-10-04 02:00:00,Online
D0066,2023-10-05 04:00:00,Online
D0066,2023-10-05 14:00:00,Busy
D0066,2023-10-06 10:00:00,Online
D0066,2023-10-06 14:00:00,Idle
D0066,2023-10-09 10:00:00,Busy
D0066,2023-10-09 14:00:00,Online
D0066,2023-10-11 00:00:00,Online
D0066,2023-10-12 12:00:00,Idle
D0066,2023-10-13 02:00:00,Online
D0066,2023-10-16 08:00:00,Online
D0066,2023-10-16 18:00:00,Online
D0066,2023-10-17 04:00:00,Online
D0066,2023-10-18 00:00:00,Idle
D0066,2023-10-19 20:00:00,Offline
D0066,2023-10-20 10:00:00,Online
D0066,2023-10-21 14:00:00,Online
D0066,2023-10-21 16:00:00,Busy
D0066,2023-10-21 18:00:00,Idle
D0066,2023-10-23 10:00:00,Online
D0066,2023-10-25 16:00:00,Idle
D0066,2023-10-26 14:00:00,Busy
D0066,2023-10-26 20:00:00,Busy
D0066,2023-10-28 10:00:00,Offline
D0066,2023-10-28 14:00:00,Online
D0066,2023-10-29 00:00:00,Busy
D0066,2023-10-30 00:00:00,Busy
D0066,2023-10-30 12:00:00,Idle
D0066,2023-10-30 18:00:00,Busy
D0067,2023-10-01 08:00:00,Online
D0067,2023-10-02 14:00:00,Online
D0067,2023-10-03 06:00:00,Online
D0067,2023-10-04 08:00:00,Online
D0067,2023-10-06 04:00:00,Online
D0067,2023-10-10 20:00:00,Online
D0067,2023-10-11 04:00:00,Busy
D0067,2023-10-12 02:00:00,Online
D0067,2023-10-12 20:00:00,Busy
D0067,2023-10-13 00:00:00,Online
D0067,2023-10-13 04:00:00,Idle
D0067,2023-10-13 10:00:00,Online
D0067,2023-10-13 16:00:00,Busy
D0067,2023-10-14 18:00:00,Offline
D0067,2023-10-17 16:00:00,Busy
D0067,2023-10-19 02:00:00,Offline
D0067,2023-10-20 20:00:00,Offline
D0067,2023-10-21 10:00:00,Online
D0067,2023-10-22 14:00:00,Online
D0067,2023-10-23 02:00:00,Online
D0067,2023-10-24 00:00:00,Idle
D0067,2023-10-25 02:00:00,Online
D0067,2023-10-25 20:00:00,Busy
D0067,2023-10-25 22:00:00,Offline
D0067,2023-10-26 16:00:00,Offline
D0067,2023-10-26 18:00:00,Online
D0067,2023-10-27 00:00:00,Online
D0067,2023-10-27 14:00:00,Busy
D0067,2023-10-30 06:00:00,Busy
D0067,2023-10-30 12:00:00,Idle
D0068,2023-10-01 00:00:00,Idle
D0068,2023-10-01 18:00:00,Idle
D0068,2023-10-02 06:00:00,Idle
D0068,2023-10-05 12:00:00,Idle
D0068,2023-10-08 08:00:00,Online
D0068,2023-10-09 02:00:00,Offline
D0068,2023-10-10 04:00:00,Idle
D0068,2023-10-14 18:00:00,Online
D0068,2023-10-16 06:00:00,Busy
D0068,2023-10-16 20:00:00,Busy
D0068,2023-10-17 18:00:00,Idle
D0068,2023-10-20 06:00:00,Idle
D0068,2023-10-20 14:00:00,Offline
D0068,2023-10-21 00:00:00,Busy
D0068,2023-10-21 08:00:00,Busy
D0068,2023-10-21 10:00:00,Online
D0068,2023-10-22 02:00:00,Online
D0068,2023-10-23 18:00:00,Busy
D0068,2023-10-24 20:00:00,Online
D0068,2023-10-25 12:00:00,Busy
D0068,2023-10-26 14:00:00,Online
D0068,2023-10-27 02:00:00,Offline
D0068,2023-10-27 14:00:00,Online
D0068,2023-10-27 18:00:00,Idle
D0068,2023-10-28 14:00:00,Online
D0068,2023-10-28 18:00:00,Idle
D0068,2023-10-28 20:00:00,Busy
D0068,2023-10-29 16:00:00,Busy
D0068,2023-10-29 20:00:00,Online
D0068,2023-10-30 12:00:00,Online
D0069,2023-10-02 06:00:00,Idle
D0069,2023-10-02 08:00:00,Offline
D0069,2023-10-03 00:00:00,Busy
D0069,2023-10-04 06:00:00,Offline
D0069,2023-10-05 08:00:00,Offline
D0069,2023-10-05 14:00:00,Online
D0069,2023-10-06 14:00:00,Online
D0069,2023-10-08 06:00:00,Online
D0069,2023-10-10 14:00:00,Idle
D0069,2023-10-11 14:00:00,Online
D0069,2023-10-11 22:00:00,Online
D0069,2023-10-12 10:00:00,Online
D0069,2023-10-12 18:00:00,Busy
D0069,2023-10-13 06:00:00,Online
D0069,2023-10-13 16:00:00,Busy
D0069,2023-10-14 08:00:00,Busy
D0069,2023-10-15 08:00:00,Busy
D0069,2023-10-16 14:00:00,Busy
D0069,2023-10-17 04:00:00,Online
D0069,2023-10-17 18:00:00,Offline
D0069,2023-10-17 22:00:00,Busy
D0069,2023-10-20 06:00:00,Offline
D0069,2023-10-20 20:00:00,Online
D0069,2023-10-21 18:00:00,Idle
D0069,2023-10-24 00:00:00,Online
D0069,2023-10-25 00:00:00,Idle
D0069,2023-10-25 04:00:00,Online
D0069,2023-10-28 16:00:00,Online
D0069,2023-10-28 18:00:00,Offline
D0069,2023-10-28 20:00:00,Offline
D0070,2023-10-01 20:00:00,Online
D0070,2023-10-04 22:00:00,Online
D0070,2023-10-07 04:00:00,Busy
D0070,2023-10-07 14:00:00,Busy
D0070,2023-10-08 10:00:00,Busy
D0070,2023-10-09 10:00:00,Idle
D0070,2023-10-10 14:00:00,Idle
D0070,2023-10-11 04:00:00,Online
D0070,2023-10-11 06:00:00,Busy
D0070,2023-10-12 08:00:00,Idle
D0070,2023-10-12 10:00:00,Idle
D0070,2023-10-14 06:00:00,Busy
D0070,2023-10-14 22:00:00,Idle
D0070,2023-10-15 00:00:00,Online
D0070,2023-10-18 18:00:00,Online
D0070,2023-10-19 00:00:00,Online
D0070,2023-10-19 14:00:00,Online
D0070,2023-10-20 02:00:00,Busy
D0070,2023-10-20 10:00:00,Offline
D0070,2023-10-20 16:00:00,Offline
D0070,2023-10-21 10:00:00,Offline
D0070,2023-10-22 22:00:00,Idle
D0070,2023-10-23 00:00:00,Busy
D0070,2023-10-24 12:00:00,Busy
D0070,2023-10-25 08:00:00,Online
D0070,2023-10-27 06:00:00,Online
D0070,2023-10-28 04:00:00,Offline
D0070,2023-10-28 18:00:00,Busy
D0070,2023-10-30 10:00:00,Offline
D0070,2023-10-30 14:00:00,Busy
D0071,2023-10-03 04:00:00,Idle
D0071,2023-10-03 14:00:00,Online
D0071,2023-10-03 16:00:00,Idle
D0071,2023-10-04 04:00:00,Idle
D0071,2023-10-05 20:00:00,Online
D0071,2023-10-06 10:00:00,Offline
D0071,2023-10-08 08:00:00,Idle
D0071,2023-10-09 22:00:00,Busy
D0071,2023-10-10 00:00:00,Idle
D0071,2023-10-10 08:00:00,Online
D0071,2023-10-12 02:00:00,Idle
D0071,2023-10-12 04:00:00,Busy
D0071,2023-10-12 22:00:00,Idle
D0071,2023-10-13 18:00:00,Online
D0071,2023-10-13 20:00:00,Offline
D0071,2023-10-15 04:00:00,Busy
D0071,2023-10-15 10:00:00,Offline
D0071,2023-10-18 12:00:00,Busy
D0071,2023-10-19 06:00:00,Online
D0071,2023-10-19 14:00:00,Online
D0071,2023-10-20 08:00:00,Idle
D0071,2023-10-22 18:00:00,Online
D0071,2023-10-22 20:00:00,Online
D0071,2023-10-24 02:00:00,Idle
D0071,2023-10-26 16:00:00,Busy
D0071,2023-10-27 08:00:00,Busy
D0071,2023-10-28 06:00:00,Idle
D0071,2023-10-29 02:00:00,Online
D0071,2023-10-29 18:00:00,Idle
D0071,2023-10-29 22:00:00,Busy
D0072,2023-10-01 22:00:00,Online
D0072,2023-10-03 04:00:00,Idle
D0072,2023-10-03 12:00:00,Online
D0072,2023-10-04 06:00:00,Online
D0072,2023-10-05 02:00:00,Online
D0072,2023-10-05 14:00:00,Online
D0072,2023-10-06 14:00:00,Offline
D0072,2023-10-06 20:00:00,Busy
D0072,2023-10-07 14:00:00,Online
D0072,2023-10-10 06:00:00,Offline
D0072,2023-10-12 02:00:00,Idle
D0072,2023-10-12 10:00:00,Busy
D0072,2023-10-14 10:00:00,Idle
D0072,2023-10-15 18:00:00,Online
D0072,2023-10-15 20:00:00,Online
D0072,2023-10-15 22:00:00,Busy
D0072,2023-10-18 02:00:00,Online
D0072,2023-10-18 18:00:00,Offline
D0072,2023-10-19 08:00:00,Idle
D0072,2023-10-19 18:00:00,Online
D0072,2023-10-20 08:00:00,Busy
D0072,2023-10-26 06:00:00,Offline
D0072,2023-10-27 06:00:00,Offline
D0072,2023-10-27 14:00:00,Busy
D0072,2023-10-27 18:00:00,Online
D0072,2023-10-28 06:00:00,Offline
D0072,2023-10-28 12:00:00,Online
D0072,2023-10-29 04:00:00,Online
D0072,2023-10-29 12:00:00,Online
D0072,2023-10-29 14:00:00,Online
D0073,2023-10-02 00:00:00,Online
D0073,2023-10-07 00:00:00,Busy
D0073,2023-10-07 06:00:00,Online
D0073,2023-10-07 18:00:00,Online
D0073,2023-10-08 22:00:00,Busy
D0073,2023-10-09 22:00:00,Busy
D0073,2023-10-10 08:00:00,Offline
D0073,2023-10-10 18:00:00,Busy
D0073,2023-10-12 14:00:00,Busy
D0073,2023-10-13 20:00:00,Busy
D0073,2023-10-15 02:00:00,Busy
D0073,2023-10-15 16:00:00,Offline
D0073,2023-10-15 18:00:00,Idle
D0073,2023-10-16 12:00:00,Busy
D0073,2023-10-16 16:00:00,Offline
D0073,2023-10-16 20:00:00,Idle
D0073,2023-10-17 06:00:00,Busy
D0073,2023-10-17 08:00:00,Busy
D0073,2023-10-17 12:00:00,Idle
D0073,2023-10-19 20:00:00,Idle
D0073,2023-10-22 04:00:00,Online
D0073,2023-10-22 12:00:00,Busy
D0073,2023-10-24 06:00:00,Online
D0073,2023-10-26 08:00:00,Idle
D0073,2023-10-26 20:00:00,Online
D0073,2023-10-27 12:00:00,Busy
D0073,2023-10-27 22:00:00,Busy
D0073,2023-10-28 00:00:00,Busy
D0073,2023-10-30 00:00:00,Busy
D0073,2023-10-30 12:00:00,Offline
D0074,2023-10-01 02:00:00,Busy
D0074,2023-10-01 18:00:00,Online
D0074,2023-10-03 06:00:00,Online
D0074,2023-10-05 04:00:00,Busy
D0074,2023-10-07 16:00:00,Offline
D0074,2023-10-09 22:00:00,Idle
D0074,2023-10-13 10:00:00,Online
D0074,2023-10-14 14:00:00,Online
D0074,2023-10-15 00:00:00,Idle
D0074,2023-10-15 12:00:00,Busy
D0074,2023-10-16 04:00:00,Online
D0074,2023-10-17 02:00:00,Busy
D0074,2023-10-18 04:00:00,Online
D0074,2023-10-18 20:00:00,Busy
D0074,2023-10-20 00:00:00,Busy
D0074,2023-10-20 02:00:00,Idle
D0074,2023-10-20 04:00:00,Offline
D0074,2023-10-20 06:00:00,Online
D0074,2023-10-20 22:00:00,Offline
D0074,2023-10-22 14:00:00,Online
D0074,2023-10-23 04:00:00,Online
D0074,2023-10-23 06:00:00,Online
D0074,2023-10-23 18:00:00,Busy
D0074,2023-10-25 16:00:00,Online
D0074,2023-10-28 02:00:00,Offline
D0074,2023-10-28 06:00:00,Online
D0074,2023-10-29 12:00:00,Idle
D0074,2023-10-29 22:00:00,Online
D0074,2023-10-30 00:00:00,Online
D0074,2023-10-30 12:00:00,Busy
D0075,2023-10-01 00:00:00,Online
D0075,2023-10-03 10:00:00,Online
D0075,2023-10-03 20:00:00,Idle
D0075,2023-10-04 00:00:00,Online
D0075,2023-10-04 12:00:00,Online
D0075,2023-10-06 02:00:00,Online
D0075,2023-10-06 08:00:00,Busy
D0075,2023-10-08 16:00:00,Offline
D0075,2023-10-09 08:00:00,Idle
D0075,2023-10-11 18:00:00,Busy
D0075,2023-10-12 16:00:00,Online
D0075,2023-10-17 16:00:00,Idle
D0075,2023-10-17 20:00:00,Offline
D0075,2023-10-17 22:00:00,Idle
D0075,2023-10-18 16:00:00,Online
D0075,2023-10-18 22:00:00,Online
D0075,2023-10-19 10:00:00,Idle
D0075,2023-10-21 14:00:00,Online
D0075,2023-10-21 20:00:00,Offline
D0075,2023-10-24 02:00:00,Online
D0075,2023-10-27 00:00:00,Online
D0075,2023-10-27 08:00:00,Online
D0075,2023-10-27 14:00:00,Busy
D0075,2023-10-27 20:00:00,Online
D0075,2023-10-28 04:00:00,Idle
D0075,2023-10-28 16:00:00,Busy
D0075,2023-10-28 20:00:00,Online
D0075,2023-10-29 06:00:00,Idle
D0075,2023-10-29 16:00:00,Offline
D0075,2023-10-30 00:00:00,Idle
D0076,2023-10-02 00:00:00,Online
D0076,2023-10-02 14:00:00,Offline
D0076,2023-10-03 00:00:00,Busy
D0076,2023-10-03 14:00:00,Offline
D0076,2023-10-05 02:00:00,Online
D0076,2023-10-05 22:00:00,Online
D0076,2023-10-06 12:00:00,Busy
D0076,2023-10-06 22:00:00,Online
D0076,2023-10-07 06:00:00,Busy
D0076,2023-10-09 22:00:00,Idle
D0076,2023-10-10 00:00:00,Online
D0076,2023-10-11 00:00:00,Idle
D0076,2023-10-11 18:00:00,Busy
D0076,2023-10-12 10:00:00,Idle
D0076,2023-10-12 22:00:00,Idle
D0076,2023-10-13 14:00:00,Idle
D0076,2023-10-13 18:00:00,Idle
D0076,2023-10-17 02:00:00,Idle
D0076,2023-10-17 04:00:00,Busy
D0076,2023-10-17 06:00:00,Idle
D0076,2023-10-17 18:00:00,Idle
D0076,2023-10-17 22:00:00,Online
D0076,2023-10-19 08:00:00,Busy
D0076,2023-10-20 08:00:00,Idle
D0076,2023-10-21 04:00:00,Idle
D0076,2023-10-21 22:00:00,Busy
D0076,2023-10-24 10:00:00,Busy
D0076,2023-10-24 16:00:00,Idle
D0076,2023-10-28 10:00:00,Busy
D0076,2023-10-29 06:00:00,Online
D0077,2023-10-01 04:00:00,Offline
D0077,2023-10-01 20:00:00,Online
D0077,2023-10-02 20:00:00,Busy
D0077,2023-10-04 12:00:00,Busy
D0077,2023-10-07 22:00:00,Online
D0077,2023-10-09 06:00:00,Busy
D0077,2023-10-10 02:00:00,Online
D0077,2023-10-10 06:00:00,Online
D0077,2023-10-10 14:00:00,Busy
D0077,2023-10-12 06:00:00,Idle
D0077,2023-10-12 22:00:00,Online
D0077,2023-10-13 00:00:00,Online
D0077,2023-10-13 06:00:00,Online
D0077,2023-10-14 10:00:00,Idle
D0077,2023-10-14 14:00:00,Idle
D0077,2023-10-18 00:00:00,Busy
D0077,2023-10-18 02:00:00,Online
D0077,2023-10-20 16:00:00,Idle
D0077,2023-10-21 14:00:00,Offline
D0077,2023-10-21 20:00:00,Online
D0077,2023-10-23 12:00:00,Online
D0077,2023-10-23 22:00:00,Online
D0077,2023-10-24 00:00:00,Busy
D0077,2023-10-25 20:00:00,Idle
D0077,2023-10-26 02:00:00,Idle
D0077,2023-10-26 16:00:00,Busy
D0077,2023-10-27 08:00:00,Online
D0077,2023-10-27 16:00:00,Idle
D0077,2023-10-27 18:00:00,Online
D0077,2023-10-28 00:00:00,Online
D0078,2023-10-01 12:00:00,Offline
D0078,2023-10-01 20:00:00,Idle
D0078,2023-10-02 04:00:00,Idle
D0078,2023-10-03 06:00:00,Offline
D0078,2023-10-03 12:00:00,Online
D0078,2023-10-04 08:00:00,Online
D0078,2023-10-05 12:00:00,Busy
D0078,2023-10-08 02:00:00,Idle
D0078,2023-10-08 10:00:00,Busy
D0078,2023-10-10 14:00:00,Online
D0078,2023-10-10 20:00:00,Busy
D0078,2023-10-11 14:00:00,Online
D0078,2023-10-12 00:00:00,Offline
D0078,2023-10-13 20:00:00,Idle
D0078,2023-10-13 22:00:00,Busy
D0078,2023-10-16 16:00:00,Busy
D0078,2023-10-17 12:00:00,Busy
D0078,2023-10-17 22:00:00,Online
D0078,2023-10-19 06:00:00,Busy
D0078,2023-10-21 06:00:00,Online
D0078,2023-10-22 10:00:00,Online
D0078,2023-10-22 22:00:00,Busy
D0078,2023-10-23 20:00:00,Online
D0078,2023-10-24 04:00:00,Idle
D0078,2023-10-24 14:00:00,Online
D0078,2023-10-28 04:00:00,Online
D0078,2023-10-30 04:00:00,Idle
D0078,2023-10-30 10:00:00,Offline
D0078,2023-10-30 14:00:00,Busy
D0078,2023-10-30 22:00:00,Busy
D0079,2023-10-05 06:00:00,Busy
D0079,2023-10-08 08:00:00,Busy
D0079,2023-10-08 22:00:00,Idle
D0079,2023-10-09 04:00:00,Idle
D0079,2023-10-11 00:00:00,Busy
D0079,2023-10-12 16:00:00,Online
D0079,2023-10-13 08:00:00,Busy
D0079,2023-10-13 10:00:00,Busy
D0079,2023-10-14 02:00:00,Online
D0079,2023-10-14 06:00:00,Online
D0079,2023-10-14 12:00:00,Idle
D0079,2023-10-15 06:00:00,Online
D0079,2023-10-15 14:00:00,Busy
D0079,2023-10-15 22:00:00,Idle
D0079,2023-10-17 04:00:00,Online
D0079,2023-10-18 20:00:00,Idle
D0079,2023-10-19 04:00:00,Online
D0079,2023-10-19 10:00:00,Busy
D0079,2023-10-19 22:00:00,Idle
D0079,2023-10-20 14:00:00,Offline
D0079,2023-10-20 20:00:00,Idle
D0079,2023-10-21 04:00:00,Idle
D0079,2023-10-23 22:00:00,Idle
D0079,2023-10-24 10:00:00,Busy
D0079,2023-10-25 06:00:00,Offline
D0079,2023-10-25 20:00:00,Online
D0079,2023-10-26 20:00:00,Busy
D0079,2023-10-28 02:00:00,Busy
D0079,2023-10-28 06:00:00,Idle
D0079,2023-10-30 14:00:00,Idle
D0080,2023-10-01 16:00:00,Busy
D0080,2023-10-03 10:00:00,Busy
D0080,2023-10-04 04:00:00,Idle
D0080,2023-10-04 20:00:00,Online
D0080,2023-10-06 08:00:00,Idle
D0080,2023-10-07 00:00:00,Idle
D0080,2023-10-07 10:00:00,Busy
D0080,2023-10-10 12:00:00,Idle
D0080,2023-10-10 18:00:00,Idle
D0080,2023-10-13 10:00:00,Online
D0080,2023-10-14 02:00:00,Offline
D0080,2023-10-15 08:00:00,Busy
D0080,2023-10-15 16:00:00,Online
D0080,2023-10-16 10:00:00,Offline
D0080,2023-10-17 18:00:00,Busy
D0080,2023-10-18 20:00:00,Online
D0080,2023-10-21 18:00:00,Offline
D0080,2023-10-21 22:00:00,Online
D0080,2023-10-22 12:00:00,Busy
D0080,2023-10-25 16:00:00,Busy
D0080,2023-10-26 04:00:00,Online
D0080,2023-10-26 22:00:00,Busy
D0080,2023-10-27 20:00:00,Idle
D0080,2023-10-28 04:00:00,Offline
D0080,2023-10-28 08:00:00,Busy
D0080,2023-10-28 18:00:00,Busy
D0080,2023-10-30 02:00:00,Offline
D0080,2023-10-30 04:00:00,Offline
D0080,2023-10-30 06:00:00,Online
D0080,2023-10-30 22:00:00,Busy
D0081,2023-10-01 20:00:00,Idle
D0081,2023-10-02 00:00:00,Busy
D0081,2023-10-05 00:00:00,Busy
D0081,2023-10-06 12:00:00,Online
D0081,2023-10-06 22:00:00,Busy
D0081,2023-10-07 02:00:00,Online
D0081,2023-10-09 12:00:00,Idle
D0081,2023-10-11 00:00:00,Online
D0081,2023-10-11 06:00:00,Online
D0081,2023-10-12 02:00:00,Online
D0081,2023-10-13 04:00:00,Idle
D0081,2023-10-13 08:00:00,Busy
D0081,2023-10-13 12:00:00,Busy
D0081,2023-10-13 20:00:00,Offline
D0081,2023-10-17 12:00:00,Online
D0081,2023-10-17 16:00:00,Offline
D0081,2023-10-18 08:00:00,Online
D0081,2023-10-19 02:00:00,Busy
D0081,2023-10-20 18:00:00,Online
D0081,2023-10-21 14:00:00,Idle
D0081,2023-10-21 22:00:00,Idle
D0081,2023-10-22 06:00:00,Offline
D0081,2023-10-23 06:00:00,Busy
D0081,2023-10-23 12:00:00,Busy
D0081,2023-10-23 20:00:00,Online
D0081,2023-10-26 16:00:00,Online
D0081,2023-10-26 18:00:00,Online
D0081,2023-10-27 08:00:00,Busy
D0081,2023-10-28 06:00:00,Offline
D0081,2023-10-30 22:00:00,Online
D0082,2023-10-03 20:00:00,Busy
D0082,2023-10-04 00:00:00,Online
D0082,2023-10-05 10:00:00,Busy
D0082,2023-10-05 20:00:00,Online
D0082,2023-10-06 12:00:00,Busy
D0082,2023-10-07 02:00:00,Busy
D0082,2023-10-08 14:00:00,Offline
D0082,2023-10-08 18:00:00,Online
D0082,2023-10-11 12:00:00,Online
D0082,2023-10-12 02:00:00,Busy
D0082,2023-10-13 16:00:00,Online
D0082,2023-10-13 22:00:00,Busy
D0082,2023-10-14 22:00:00,Online
D0082,2023-10-15 02:00:00,Busy
D0082,2023-10-15 12:00:00,Online
D0082,2023-10-16 18:00:00,Online
D0082,2023-10-16 20:00:00,Idle
D0082,2023-10-18 02:00:00,Online
D0082,2023-10-18 14:00:00,Busy
D0082,2023-10-19 02:00:00,Online
D0082,2023-10-20 16:00:00,Busy
D0082,2023-10-20 22:00:00,Online
D0082,2023-10-21 08:00:00,Busy
D0082,2023-10-23 00:00:00,Online
D0082,2023-10-24 14:00:00,Online
D0082,2023-10-26 06:00:00,Offline
D0082,2023-10-27 00:00:00,Idle
D0082,2023-10-27 20:00:00,Offline
D0082,2023-10-29 00:00:00,Busy
D0082,2023-10-30 08:00:00,Online
D0083,2023-10-01 14:00:00,Offline
D0083,2023-10-02 08:00:00,Busy
D0083,2023-10-05 04:00:00,Idle
D0083,2023-10-05 06:00:00,Offline
D0083,2023-10-05 08:00:00,Busy
D0083,2023-10-05 12:00:00,Idle
D0083,2023-10-05 14:00:00,Busy
D0083,2023-10-06 00:00:00,Idle
D0083,2023-10-09 00:00:00,Offline
D0083,2023-10-11 14:00:00,Online
D0083,2023-10-12 04:00:00,Online
D0083,2023-10-13 10:00:00,Busy
D0083,2023-10-14 04:00:00,Offline
D0083,2023-10-14 06:00:00,Online
D0083,2023-10-16 00:00:00,Online
D0083,2023-10-16 12:00:00,Busy
D0083,2023-10-17 12:00:00,Online
D0083,2023-10-18 08:00:00,Offline
D0083,2023-10-19 02:00:00,Offline
D0083,2023-10-20 16:00:00,Idle
D0083,2023-10-21 18:00:00,Offline
D0083,2023-10-23 20:00:00,Busy
D0083,2023-10-24 02:00:00,Busy
D0083,2023-10-25 16:00:00,Online
D0083,2023-10-28 12:00:00,Idle
D0083,2023-10-28 20:00:00,Busy
D0083,2023-10-28 22:00:00,Idle
D0083,2023-10-29 06:00:00,Online
D0083,2023-10-29 16:00:00,Busy
D0083,2023-10-30 20:00:00,Online
D0084,2023-10-01 02:00:00,Online
D0084,2023-10-01 14:00:00,Online
D0084,2023-10-02 04:00:00,Busy
D0084,2023-10-02 08:00:00,Online
D0084,2023-10-02 20:00:00,Busy
D0084,2023-10-05 02:00:00,Online
D0084,2023-10-07 14:00:00,Online
D0084,2023-10-07 18:00:00,Online
D0084,2023-10-08 02:00:00,Busy
D0084,2023-10-09 04:00:00,Busy
D0084,2023-10-11 10:00:00,Busy
D0084,2023-10-11 18:00:00,Offline
D0084,2023-10-12 02:00:00,Online
D0084,2023-10-13 14:00:00,Online
D0084,2023-10-14 20:00:00,Online
D0084,2023-10-17 14:00:00,Busy
D0084,2023-10-18 04:00:00,Online
D0084,2023-10-18 22:00:00,Offline
D0084,2023-10-20 18:00:00,Offline
D0084,2023-10-23 10:00:00,Idle
D0084,2023-10-23 22:00:00,Busy
D0084,2023-10-24 16:00:00,Online
D0084,2023-10-25 02:00:00,Online
D0084,2023-10-25 06:00:00,Online
D0084,2023-10-26 08:00:00,Offline
D0084,2023-10-26 18:00:00,Busy
D0084,2023-10-27 08:00:00,Online
D0084,2023-10-28 02:00:00,Offline
D0084,2023-10-29 00:00:00,Offline
D0084,2023-10-30 14:00:00,Idle
D0085,2023-10-01 10:00:00,Offline
D0085,2023-10-03 04:00:00,Offline
D0085,2023-10-03 14:00:00,Online
D0085,2023-10-03 16:00:00,Online
D0085,2023-10-03 20:00:00,Idle
D0085,2023-10-03 22:00:00,Offline
D0085,2023-10-04 00:00:00,Busy
D0085,2023-10-05 18:00:00,Online
D0085,2023-10-07 14:00:00,Idle
D0085,2023-10-07 20:00:00,Idle
D0085,2023-10-08 02:00:00,Idle
D0085,2023-10-08 06:00:00,Online
D0085,2023-10-09 02:00:00,Idle
D0085,2023-10-09 16:00:00,Online
D0085,2023-10-12 10:00:00,Busy
D0085,2023-10-15 20:00:00,Online
D0085,2023-10-16 14:00:00,Busy
D0085,2023-10-17 02:00:00,Offline
D0085,2023-10-17 16:00:00,Online
D0085,2023-10-19 02:00:00,Online
D0085,2023-10-20 08:00:00,Offline
D0085,2023-10-20 22:00:00,Online
D0085,2023-10-24 02:00:00,Busy
D0085,2023-10-25 08:00:00,Offline
D0085,2023-10-26 04:00:00,Idle
D0085,2023-10-27 18:00:00,Busy
D0085,2023-10-27 20:00:00,Idle
D0085,2023-10-28 14:00:00,Busy
D0085,2023-10-28 22:00:00,Busy
D0085,2023-10-30 16:00:00,Online
D0086,2023-10-02 02:00:00,Busy
D0086,2023-10-04 10:00:00,Online
D0086,2023-10-05 02:00:00,Idle
D0086,2023-10-07 00:00:00,Online
D0086,2023-10-07 08:00:00,Busy
D0086,2023-10-10 04:00:00,Online
D0086,2023-10-10 10:00:00,Busy
D0086,2023-10-10 18:00:00,Idle
D0086,2023-10-11 04:00:00,Online
D0086,2023-10-12 04:00:00,Idle
D0086,2023-10-14 16:00:00,Idle
D0086,2023-10-15 20:00:00,Idle
D0086,2023-10-15 22:00:00,Busy
D0086,2023-10-16 08:00:00,Online
D0086,2023-10-16 10:00:00,Busy
D0086,2023-10-18 00:00:00,Online
D0086,2023-10-19 12:00:00,Idle
D0086,2023-10-20 10:00:00,Idle
D0086,2023-10-22 12:00:00,Online
D0086,2023-10-22 22:00:00,Busy
D0086,2023-10-23 00:00:00,Offline
D0086,2023-10-23 08:00:00,Busy
D0086,2023-10-24 16:00:00,Idle
D0086,2023-10-26 14:00:00,Online
D0086,2023-10-26 22:00:00,Online
D0086,2023-10-27 00:00:00,Online
D0086,2023-10-28 14:00:00,Busy
D0086,2023-10-28 16:00:00,Idle
D0086,2023-10-28 22:00:00,Busy
D0086,2023-10-29 06:00:00,Busy
D0087,2023-10-01 20:00:00,Busy
D0087,2023-10-01 22:00:00,Online
D0087,2023-10-02 18:00:00,Busy
D0087,2023-10-02 20:00:00,Online
D0087,2023-10-03 08:00:00,Busy
D0087,2023-10-06 02:00:00,Busy
D0087,2023-10-07 20:00:00,Offline
D0087,2023-10-08 10:00:00,Offline
D0087,2023-10-08 20:00:00,Idle
D0087,2023-10-11 22:00:00,Offline
D0087,2023-10-12 12:00:00,Busy
D0087,2023-10-12 22:00:00,Idle
D0087,2023-10-13 20:00:00,Idle
D0087,2023-10-15 08:00:00,Busy
D0087,2023-10-15 18:00:00,Online
D0087,2023-10-17 22:00:00,Offline
D0087,2023-10-18 22:00:00,Offline
D0087,2023-10-21 04:00:00,Idle
D0087,2023-10-21 14:00:00,Offline
D0087,2023-10-22 00:00:00,Busy
D0087,2023-10-22 20:00:00,Online
D0087,2023-10-23 00:00:00,Idle
D0087,2023-10-23 20:00:00,Online
D0087,2023-10-24 00:00:00,Idle
D0087,2023-10-24 12:00:00,Idle
D0087,2023-10-24 18:00:00,Online
D0087,2023-10-25 14:00:00,Online
D0087,2023-10-26 00:00:00,Idle
D0087,2023-10-27 16:00:00,Online
D0087,2023-10-29 00:00:00,Idle
D0088,2023-10-01 04:00:00,Idle
D0088,2023-10-02 14:00:00,Busy
D0088,2023-10-02 16:00:00,Busy
D0088,2023-10-03 02:00:00,Online
D0088,2023-10-05 22:00:00,Online
D0088,2023-10-06 18:00:00,Busy
D0088,2023-10-06 22:00:00,Online
D0088,2023-10-07 12:00:00,Busy
D0088,2023-10-08 22:00:00,Offline
D0088,2023-10-12 10:00:00,Offline
D0088,2023-10-12 14:00:00,Offline
D0088,2023-10-13 04:00:00,Busy
D0088,2023-10-13 12:00:00,Online
D0088,2023-10-14 02:00:00,Online
D0088,2023-10-15 16:00:00,Busy
D0088,2023-10-16 08:00:00,Online
D0088,2023-10-17 04:00:00,Busy
D0088,2023-10-17 18:00:00,Offline
D0088,2023-10-19 02:00:00,Idle
D0088,2023-10-20 02:00:00,Online
D0088,2023-10-21 14:00:00,Idle
D0088,2023-10-25 08:00:00,Busy
D0088,2023-10-27 10:00:00,Online
D0088,2023-10-27 12:00:00,Busy
D0088,2023-10-28 12:00:00,Busy
D0088,2023-10-28 18:00:00,Idle
D0088,2023-10-29 22:00:00,Busy
D0088,2023-10-30 02:00:00,Idle
D0088,2023-10-30 12:00:00,Offline
D0088,2023-10-30 14:00:00,Online
D0089,2023-10-01 14:00:00,Offline
D0089,2023-10-06 22:00:00,Busy
D0089,2023-10-07 12:00:00,Idle
D0089,2023-10-07 16:00:00,Busy
D0089,2023-10-08 22:00:00,Busy
D0089,2023-10-09 06:00:00,Offline
D0089,2023-10-10 02:00:00,Busy
D0089,2023-10-11 14:00:00,Busy
D0089,2023-10-14 10:00:00,Idle
D0089,2023-10-14 18:00:00,Online
D0089,2023-10-15 02:00:00,Offline
D0089,2023-10-15 16:00:00,Busy
D0089,2023-10-15 18:00:00,Online
D0089,2023-10-16 04:00:00,Online
D0089,2023-10-16 08:00:00,Online
D0089,2023-10-17 02:00:00,Busy
D0089,2023-10-17 08:00:00,Busy
D0089,2023-10-18 14:00:00,Online
D0089,2023-10-19 10:00:00,Idle
D0089,2023-10-20 04:00:00,Online
D0089,2023-10-20 10:00:00,Busy
D0089,2023-10-21 08:00:00,Busy
D0089,2023-10-21 10:00:00,Online
D0089,2023-10-22 08:00:00,Online
D0089,2023-10-22 16:00:00,Busy
D0089,2023-10-24 16:00:00,Busy
D0089,2023-10-24 18:00:00,Online
D0089,2023-10-25 00:00:00,Online
D0089,2023-10-28 20:00:00,Idle
D0089,2023-10-29 22:00:00,Idle
D0090,2023-10-02 12:00:00,Online
D0090,2023-10-02 16:00:00,Online
D0090,2023-10-03 18:00:00,Online
D0090,2023-10-05 10:00:00,Busy
D0090,2023-10-05 12:00:00,Online
D0090,2023-10-06 02:00:00,Online
D0090,2023-10-09 08:00:00,Offline
D0090,2023-10-09 10:00:00,Busy
D0090,2023-10-10 00:00:00,Online
D0090,2023-10-14 06:00:00,Busy
D0090,2023-10-15 00:00:00,Busy
D0090,2023-10-15 06:00:00,Idle
D0090,2023-10-15 20:00:00,Offline
D0090,2023-10-16 12:00:00,Idle
D0090,2023-10-16 20:00:00,Online
D0090,2023-10-17 10:00:00,Online
D0090,2023-10-17 18:00:00,Online
D0090,2023-10-19 04:00:00,Idle
D0090,2023-10-19 18:00:00,Busy
D0090,2023-10-21 12:00:00,Idle
D0090,2023-10-23 06:00:00,Online
D0090,2023-10-23 18:00:00,Idle
D0090,2023-10-26 04:00:00,Busy
D0090,2023-10-26 16:00:00,Idle
D0090,2023-10-27 06:00:00,Busy
D0090,2023-10-28 12:00:00,Offline
D0090,2023-10-28 14:00:00,Offline
D0090,2023-10-28 16:00:00,Busy
D0090,2023-10-28 22:00:00,Busy
D0090,2023-10-29 10:00:00,Busy
D0091,2023-10-04 10:00:00,Busy
D0091,2023-10-04 20:00:00,Offline
D0091,2023-10-09 18:00:00,Online
D0091,2023-10-10 00:00:00,Idle
D0091,2023-10-10 12:00:00,Busy
D0091,2023-10-11 18:00:00,Online
D0091,2023-10-12 00:00:00,Idle
D0091,2023-10-12 12:00:00,Busy
D0091,2023-10-14 00:00:00,Online
D0091,2023-10-17 14:00:00,Idle
D0091,2023-10-17 16:00:00,Offline
D0091,2023-10-18 16:00:00,Busy
D0091,2023-10-18 18:00:00,Busy
D0091,2023-10-20 14:00:00,Online
D0091,2023-10-21 00:00:00,Idle
D0091,2023-10-21 10:00:00,Offline
D0091,2023-10-21 12:00:00,Online
D0091,2023-10-22 12:00:00,Online
D0091,2023-10-23 00:00:00,Offline
D0091,2023-10-23 10:00:00,Online
D0091,2023-10-23 18:00:00,Online
D0091,2023-10-25 10:00:00,Idle
D0091,2023-10-25 20:00:00,Online
D0091,2023-10-26 18:00:00,Online
D0091,2023-10-27 22:00:00,Busy
D0091,2023-10-28 02:00:00,Idle
D0091,2023-10-29 08:00:00,Idle
D0091,2023-10-30 04:00:00,Online
D0091,2023-10-30 16:00:00,Online
D0091,2023-10-30 20:00:00,Busy
D0092,2023-10-02 10:00:00,Idle
D0092,2023-10-04 20:00:00,Online
D0092,2023-10-05 00:00:00,Idle
D0092,2023-10-05 14:00:00,Idle
D0092,2023-10-08 06:00:00,Online
D0092,2023-10-09 22:00:00,Idle
D0092,2023-10-10 16:00:00,Online
D0092,2023-10-11 00:00:00,Online
D0092,2023-10-11 06:00:00,Busy
D0092,2023-10-12 02:00:00,Offline
D0092,2023-10-14 02:00:00,Idle
D0092,2023-10-14 16:00:00,Offline
D0092,2023-10-14 22:00:00,Idle
D0092,2023-10-15 20:00:00,Busy
D0092,2023-10-16 22:00:00,Idle
D0092,2023-10-18 16:00:00,Online
D0092,2023-10-19 00:00:00,Offline
D0092,2023-10-19 20:00:00,Online
D0092,2023-10-20 04:00:00,Online
D0092,2023-10-22 02:00:00,Idle
D0092,2023-10-23 00:00:00,Online
D0092,2023-10-23 02:00:00,Busy
D0092,2023-10-23 04:00:00,Online
D0092,2023-10-25 02:00:00,Online
D0092,2023-10-25 10:00:00,Busy
D0092,2023-10-25 18:00:00,Busy
D0092,2023-10-25 20:00:00,Offline
D0092,2023-10-28 06:00:00,Online
D0092,2023-10-30 10:00:00,Idle
D0092,2023-10-30 14:00:00,Online
D0093,2023-10-01 02:00:00,Online
D0093,2023-10-02 14:00:00,Busy
D0093,2023-10-04 02:00:00,Idle
D0093,2023-10-08 06:00:00,Online
D0093,2023-10-08 14:00:00,Idle
D0093,2023-10-08 16:00:00,Offline
D0093,2023-10-09 20:00:00,Online
D0093,2023-10-10 20:00:00,Busy
D0093,2023-10-11 10:00:00,Offline
D0093,2023-10-12 16:00:00,Busy
D0093,2023-10-12 20:00:00,Busy
D0093,2023-10-12 22:00:00,Idle
D0093,2023-10-13 14:00:00,Offline
D0093,2023-10-15 02:00:00,Busy
D0093,2023-10-16 14:00:00,Online
D0093,2023-10-17 00:00:00,Idle
D0093,2023-10-17 04:00:00,Idle
D0093,2023-10-17 12:00:00,Busy
D0093,2023-10-17 22:00:00,Online
D0093,2023-10-18 04:00:00,Online
D0093,2023-10-18 16:00:00,Offline
D0093,2023-10-21 16:00:00,Online
D0093,2023-10-22 02:00:00,Idle
D0093,2023-10-24 08:00:00,Online
D0093,2023-10-26 06:00:00,Online
D0093,2023-10-27 22:00:00,Busy
D0093,2023-10-28 04:00:00,Offline
D0093,2023-10-28 16:00:00,Online
D0093,2023-10-29 06:00:00,Offline
D0093,2023-10-30 00:00:00,Offline
D0094,2023-10-01 04:00:00,Online
D0094,2023-10-01 16:00:00,Online
D0094,2023-10-02 12:00:00,Offline
D0094,2023-10-02 22:00:00,Busy
D0094,2023-10-03 04:00:00,Busy
D0094,2023-10-04 06:00:00,Busy
D0094,2023-10-05 22:00:00,Online
D0094,2023-10-06 18:00:00,Idle
D0094,2023-10-08 00:00:00,Busy
D0094,2023-10-09 08:00:00,Offline
D0094,2023-10-10 14:00:00,Busy
D0094,2023-10-11 02:00:00,Idle
D0094,2023-10-12 08:00:00,Online
D0094,2023-10-12 10:00:00,Idle
D0094,2023-10-16 08:00:00,Busy
D0094,2023-10-16 12:00:00,Online
D0094,2023-10-16 14:00:00,Offline
D0094,2023-10-16 22:00:00,Idle
D0094,2023-10-18 06:00:00,Busy
D0094,2023-10-18 20:00:00,Offline
D0094,2023-10-21 04:00:00,Idle
D0094,2023-10-21 22:00:00,Idle
D0094,2023-10-22 14:00:00,Offline
D0094,2023-10-23 14:00:00,Online
D0094,2023-10-24 22:00:00,Busy
D0094,2023-10-26 18:00:00,Idle
D0094,2023-10-27 02:00:00,Online
D0094,2023-10-28 00:00:00,Busy
D0094,2023-10-28 22:00:00,Online
D0094,2023-10-29 08:00:00,Idle
D0095,2023-10-01 10:00:00,Online
D0095,2023-10-01 14:00:00,Online
D0095,2023-10-02 02:00:00,Online
D0095,2023-10-02 14:00:00,Online
D0095,2023-10-05 08:00:00,Online
D0095,2023-10-06 16:00:00,Online
D0095,2023-10-07 22:00:00,Online
D0095,2023-10-08 04:00:00,Online
D0095,2023-10-09 14:00:00,Busy
D0095,2023-10-11 16:00:00,Busy
D0095,2023-10-13 22:00:00,Idle
D0095,2023-10-14 10:00:00,Online
D0095,2023-10-14 18:00:00,Idle
D0095,2023-10-15 04:00:00,Busy
D0095,2023-10-15 18:00:00,Online
D0095,2023-10-16 18:00:00,Busy
D0095,2023-10-17 16:00:00,Idle
D0095,2023-10-17 22:00:00,Idle
D0095,2023-10-18 14:00:00,Online
D0095,2023-10-20 08:00:00,Online
D0095,2023-10-20 10:00:00,Idle
D0095,2023-10-22 04:00:00,Idle
D0095,2023-10-23 00:00:00,Offline
D0095,2023-10-23 18:00:00,Online
D0095,2023-10-26 04:00:00,Busy
D0095,2023-10-26 08:00:00,Online
D0095,2023-10-27 02:00:00,Online
D0095,2023-10-28 00:00:00,Online
D0095,2023-10-28 12:00:00,Busy
D0095,2023-10-29 22:00:00,Offline
D0096,2023-10-01 02:00:00,Idle
D0096,2023-10-01 14:00:00,Online
D0096,2023-10-01 22:00:00,Idle
D0096,2023-10-02 02:00:00,Online
D0096,2023-10-03 08:00:00,Busy
D0096,2023-10-05 02:00:00,Idle
D0096,2023-10-06 02:00:00,Busy
D0096,2023-10-06 12:00:00,Idle
D0096,2023-10-06 14:00:00,Online
D0096,2023-10-06 18:00:00,Online
D0096,2023-10-07 04:00:00,Online
D0096,2023-10-07 08:00:00,Online
D0096,2023-10-07 14:00:00,Busy
D0096,2023-10-08 06:00:00,Busy
D0096,2023-10-09 02:00:00,Busy
D0096,2023-10-10 20:00:00,Busy
D0096,2023-10-11 04:00:00,Busy
D0096,2023-10-12 02:00:00,Offline
D0096,2023-10-12 12:00:00,Idle
D0096,2023-10-13 06:00:00,Online
D0096,2023-10-13 16:00:00,Idle
D0096,2023-10-15 00:00:00,Idle
D0096,2023-10-20 02:00:00,Online
D0096,2023-10-23 10:00:00,Offline
D0096,2023-10-24 04:00:00,Busy
D0096,2023-10-26 08:00:00,Offline
D0096,2023-10-26 18:00:00,Offline
D0096,2023-10-28 02:00:00,Offline
D0096,2023-10-30 10:00:00,Busy
D0096,2023-10-30 22:00:00,Offline
D0097,2023-10-01 00:00:00,Online
D0097,2023-10-01 02:00:00,Online
D0097,2023-10-02 16:00:00,Busy
D0097,2023-10-03 06:00:00,Busy
D0097,2023-10-03 08:00:00,Busy
D0097,2023-10-03 22:00:00,Busy
D0097,2023-10-06 04:00:00,Busy
D0097,2023-10-06 10:00:00,Busy
D0097,2023-10-07 22:00:00,Idle
D0097,2023-10-08 22:00:00,Idle
D0097,2023-10-09 00:00:00,Online
D0097,2023-10-09 10:00:00,Busy
D0097,2023-10-10 04:00:00,Online
D0097,2023-10-11 02:00:00,Busy
D0097,2023-10-11 10:00:00,Busy
D0097,2023-10-12 16:00:00,Online
D0097,2023-10-15 06:00:00,Offline
D0097,2023-10-17 00:00:00,Offline
D0097,2023-10-17 16:00:00,Offline
D0097,2023-10-18 22:00:00,Online
D0097,2023-10-19 00:00:00,Idle
D0097,2023-10-19 06:00:00,Online
D0097,2023-10-20 20:00:00,Busy
D0097,2023-10-21 00:00:00,Offline
D0097,2023-10-21 16:00:00,Online
D0097,2023-10-21 20:00:00,Online
D0097,2023-10-24 12:00:00,Online
D0097,2023-10-26 00:00:00,Offline
D0097,2023-10-26 10:00:00,Busy
D0097,2023-10-28 08:00:00,Busy
D0098,2023-10-02 02:00:00,Busy
D0098,2023-10-02 04:00:00,Online
D0098,2023-10-02 18:00:00,Busy
D0098,2023-10-04 04:00:00,Online
D0098,2023-10-05 02:00:00,Offline
D0098,2023-10-07 14:00:00,Idle
D0098,2023-10-07 20:00:00,Online
D0098,2023-10-08 06:00:00,Offline
D0098,2023-10-08 20:00:00,Online
D0098,2023-10-10 08:00:00,Busy
D0098,2023-10-10 16:00:00,Online
D0098,2023-10-11 16:00:00,Online
D0098,2023-10-12 20:00:00,Idle
D0098,2023-10-13 10:00:00,Idle
D0098,2023-10-13 18:00:00,Offline
D0098,2023-10-14 06:00:00,Online
D0098,2023-10-15 10:00:00,Idle
D0098,2023-10-16 18:00:00,Busy
D0098,2023-10-17 12:00:00,Busy
D0098,2023-10-19 20:00:00,Busy
D0098,2023-10-23 06:00:00,Idle
D0098,2023-10-25 04:00:00,Online
D0098,2023-10-25 12:00:00,Offline
D0098,2023-10-25 18:00:00,Offline
D0098,2023-10-26 04:00:00,Online
D0098,2023-10-28 12:00:00,Online
D0098,2023-10-29 08:00:00,Online
D0098,2023-10-29 18:00:00,Busy
D0098,2023-10-30 06:00:00,Online
D0098,2023-10-30 18:00:00,Busy
D0099,2023-10-01 04:00:00,Idle
D0099,2023-10-01 14:00:00,Idle
D0099,2023-10-03 12:00:00,Online
D0099,2023-10-03 22:00:00,Busy
D0099,2023-10-06 12:00:00,Online
D0099,2023-10-08 18:00:00,Online
D0099,2023-10-08 20:00:00,Busy
D0099,2023-10-09 02:00:00,Busy
D0099,2023-10-10 14:00:00,Offline
D0099,2023-10-13 02:00:00,Online
D0099,2023-10-13 16:00:00,Busy
D0099,2023-10-13 22:00:00,Busy
D0099,2023-10-15 16:00:00,Online
D0099,2023-10-16 10:00:00,Idle
D0099,2023-10-17 18:00:00,Busy
D0099,2023-10-18 22:00:00,Offline
D0099,2023-10-19 14:00:00,Offline
D0099,2023-10-20 10:00:00,Online
D0099,2023-10-20 20:00:00,Online
D0099,2023-10-21 08:00:00,Idle
D0099,2023-10-21 12:00:00,Idle
D0099,2023-10-22 10:00:00,Busy
D0099,2023-10-22 16:00:00,Idle
D0099,2023-10-24 18:00:00,Idle
D0099,2023-10-24 20:00:00,Online
D0099,2023-10-25 08:00:00,Busy
D0099,2023-10-26 16:00:00,Idle
D0099,2023-10-30 00:00:00,Idle
D0099,2023-10-30 18:00:00,Online
D0099,2023-10-30 20:00:00,Idle
D0100,2023-10-02 02:00:00,Idle
D0100,2023-10-02 12:00:00,Idle
D0100,2023-10-03 02:00:00,Online
D0100,2023-10-04 00:00:00,Online
D0100,2023-10-07 02:00:00,Idle
D0100,2023-10-08 06:00:00,Online
D0100,2023-10-08 14:00:00,Online
D0100,2023-10-09 12:00:00,Offline
D0100,2023-10-11 14:00:00,Idle
D0100,2023-10-12 06:00:00,Online
D0100,2023-10-12 08:00:00,Busy
D0100,2023-10-13 20:00:00,Online
D0100,2023-10-13 22:00:00,Offline
D0100,2023-10-14 08:00:00,Online
D0100,2023-10-16 02:00:00,Online
D0100,2023-10-16 16:00:00,Idle
D0100,2023-10-18 02:00:00,Offline
D0100,2023-10-18 08:00:00,Idle
D0100,2023-10-18 12:00:00,Idle
D0100,2023-10-18 22:00:00,Busy
D0100,2023-10-19 00:00:00,Online
D0100,2023-10-19 02:00:00,Offline
D0100,2023-10-20 00:00:00,Idle
D0100,2023-10-21 14:00:00,Online
D0100,2023-10-22 14:00:00,Online
D0100,2023-10-25 06:00:00,Busy
D0100,2023-10-28 12:00:00,Online
D0100,2023-10-28 14:00:00,Idle
D0100,2023-10-28 20:00:00,Busy
D0100,2023-10-29 02:00:00,Online
D0101,2023-10-02 06:00:00,Busy
D0101,2023-10-02 12:00:00,Idle
D0101,2023-10-03 14:00:00,Idle
D0101,2023-10-04 06:00:00,Idle
D0101,2023-10-07 22:00:00,Online
D0101,2023-10-08 22:00:00,Online
D0101,2023-10-10 22:00:00,Idle
D0101,2023-10-11 06:00:00,Online
D0101,2023-10-12 18:00:00,Idle
D0101,2023-10-13 00:00:00,Busy
D0101,2023-10-13 08:00:00,Busy
D0101,2023-10-16 12:00:00,Online
D0101,2023-10-17 06:00:00,Online
D0101,2023-10-18 02:00:00,Online
D0101,2023-10-18 14:00:00,Busy
D0101,2023-10-19 12:00:00,Online
D0101,2023-10-19 16:00:00,Busy
D0101,2023-10-19 22:00:00,Online
D0101,2023-10-20 14:00:00,Online
D0101,2023-10-20 18:00:00,Busy
D0101,2023-10-20 20:00:00,Idle
D0101,2023-10-22 14:00:00,Idle
D0101,2023-10-24 10:00:00,Idle
D0101,2023-10-26 00:00:00,Online
D0101,2023-10-27 08:00:00,Online
D0101,2023-10-27 16:00:00,Online
D0101,2023-10-27 18:00:00,Online
D0101,2023-10-28 18:00:00,Idle
D0101,2023-10-29 02:00:00,Online
D0101,2023-10-29 12:00:00,Busy
D0102,2023-10-01 08:00:00,Busy
D0102,2023-10-01 16:00:00,Online
D0102,2023-10-02 04:00:00,Busy
D0102,2023-10-02 06:00:00,Online
D0102,2023-10-02 16:00:00,Busy
D0102,2023-10-03 08:00:00,Offline
D0102,2023-10-03 12:00:00,Busy
D0102,2023-10-04 02:00:00,Online
D0102,2023-10-04 04:00:00,Online
D0102,2023-10-04 14:00:00,Busy
D0102,2023-10-04 18:00:00,Online
D0102,2023-10-06 12:00:00,Online
D0102,2023-10-09 18:00:00,Busy
D0102,2023-10-09 20:00:00,Busy
D0102,2023-10-10 06:00:00,Online
D0102,2023-10-12 06:00:00,Idle
D0102,2023-10-12 16:00:00,Offline
D0102,2023-10-13 02:00:00,Busy
D0102,2023-10-13 08:00:00,Idle
D0102,2023-10-15 20:00:00,Online
D0102,2023-10-16 12:00:00,Idle
D0102,2023-10-16 18:00:00,Busy
D0102,2023-10-18 16:00:00,Online
D0102,2023-10-20 12:00:00,Offline
D0102,2023-10-22 20:00:00,Online
D0102,2023-10-23 06:00:00,Online
D0102,2023-10-25 06:00:00,Idle
D0102,2023-10-26 14:00:00,Online
D0102,2023-10-29 14:00:00,Idle
D0102,2023-10-30 04:00:00,Idle
D0103,2023-10-01 06:00:00,Idle
D0103,2023-10-01 10:00:00,Busy
D0103,2023-10-02 12:00:00,Offline
D0103,2023-10-04 04:00:00,Online
D0103,2023-10-05 10:00:00,Idle
D0103,2023-10-05 18:00:00,Online
D0103,2023-10-06 04:00:00,Offline
D0103,2023-10-07 04:00:00,Busy
D0103,2023-10-08 22:00:00,Busy
D0103,2023-10-09 04:00:00,Idle
D0103,2023-10-09 12:00:00,Idle
D0103,2023-10-09 20:00:00,Busy
D0103,2023-10-10 04:00:00,Busy
D0103,2023-10-11 20:00:00,Online
D0103,2023-10-11 22:00:00,Offline
D0103,2023-10-12 04:00:00,Idle
D0103,2023-10-14 12:00:00,Busy
D0103,2023-10-14 16:00:00,Online
D0103,2023-10-14 20:00:00,Online
D0103,2023-10-15 20:00:00,Offline
D0103,2023-10-16 18:00:00,Idle
D0103,2023-10-17 18:00:00,Busy
D0103,2023-10-18 22:00:00,Online
D0103,2023-10-19 16:00:00,Online
D0103,2023-10-22 04:00:00,Offline
D0103,2023-10-22 06:00:00,Offline
D0103,2023-10-27 06:00:00,Offline
D0103,2023-10-27 22:00:00,Idle
D0103,2023-10-28 14:00:00,Online
D0103,2023-10-30 18:00:00,Online
D0104,2023-10-04 06:00:00,Idle
D0104,2023-10-05 16:00:00,Idle
D0104,2023-10-05 20:00:00,Online
D0104,2023-10-06 18:00:00,Busy
D0104,2023-10-07 08:00:00,Busy
D0104,2023-10-08 00:00:00,Busy
D0104,2023-10-08 20:00:00,Busy
D0104,2023-10-09 04:00:00,Idle
D0104,2023-10-11 22:00:00,Busy
D0104,2023-10-12 06:00:00,Offline
D0104,2023-10-13 16:00:00,Idle
D0104,2023-10-14 00:00:00,Offline
D0104,2023-10-15 06:00:00,Busy
D0104,2023-10-16 04:00:00,Offline
D0104,2023-10-20 02:00:00,Online
D0104,2023-10-20 06:00:00,Online
D0104,2023-10-22 12:00:00,Idle
D0104,2023-10-23 00:00:00,Busy
D0104,2023-10-23 04:00:00,Idle
D0104,2023-10-26 00:00:00,Idle
D0104,2023-10-26 04:00:00,Busy
D0104,2023-10-26 08:00:00,Idle
D0104,2023-10-27 00:00:00,Online
D0104,2023-10-27 12:00:00,Idle
D0104,2023-10-27 14:00:00,Busy
D0104,2023-10-28 02:00:00,Busy
D0104,2023-10-28 10:00:00,Busy
D0104,2023-10-29 04:00:00,Idle
D0104,2023-10-30 02:00:00,Busy
D0104,2023-10-30 20:00:00,Busy
D0105,2023-10-01 02:00:00,Busy
D0105,2023-10-01 10:00:00,Online
D0105,2023-10-03 06:00:00,Busy
D0105,2023-10-03 08:00:00,Offline
D0105,2023-10-04 12:00:00,Online
D0105,2023-10-05 02:00:00,Idle
D0105,2023-10-06 16:00:00,Online
D0105,2023-10-08 14:00:00,Online
D0105,2023-10-08 16:00:00,Online
D0105,2023-10-09 02:00:00,Busy
D0105,2023-10-10 08:00:00,Offline
D0105,2023-10-10 12:00:00,Online
D0105,2023-10-11 14:00:00,Idle
D0105,2023-10-11 16:00:00,Offline
D0105,2023-10-16 02:00:00,Busy
D0105,2023-10-16 06:00:00,Busy
D0105,2023-10-17 10:00:00,Idle
D0105,2023-10-17 12:00:00,Offline
D0105,2023-10-19 10:00:00,Offline
D0105,2023-10-20 08:00:00,Online
D0105,2023-10-22 00:00:00,Online
D0105,2023-10-22 10:00:00,Idle
D0105,2023-10-22 18:00:00,Busy
D0105,2023-10-24 22:00:00,Idle
D0105,2023-10-25 14:00:00,Online
D0105,2023-10-27 00:00:00,Idle
D0105,2023-10-28 00:00:00,Offline
D0105,2023-10-29 14:00:00,Busy
D0105,2023-10-30 10:00:00,Offline
D0105,2023-10-30 14:00:00,Online
D0106,2023-10-01 08:00:00,Online
D0106,2023-10-01 20:00:00,Online
D0106,2023-10-02 02:00:00,Busy
D0106,2023-10-02 12:00:00,Busy
D0106,2023-10-02 20:00:00,Busy
D0106,2023-10-03 00:00:00,Idle
D0106,2023-10-09 18:00:00,Busy
D0106,2023-10-10 06:00:00,Busy
D0106,2023-10-10 18:00:00,Online
D0106,2023-10-15 10:00:00,Offline
D0106,2023-10-15 12:00:00,Offline
D0106,2023-10-15 18:00:00,Offline
D0106,2023-10-16 02:00:00,Offline
D0106,2023-10-17 16:00:00,Online
D0106,2023-10-18 06:00:00,Online
D0106,2023-10-18 12:00:00,Busy
D0106,2023-10-18 18:00:00,Online
D0106,2023-10-19 06:00:00,Online
D0106,2023-10-22 00:00:00,Online
D0106,2023-10-23 10:00:00,Online
D0106,2023-10-23 12:00:00,Online
D0106,2023-10-25 20:00:00,Online
D0106,2023-10-26 08:00:00,Online
D0106,2023-10-26 22:00:00,Online
D0106,2023-10-28 10:00:00,Busy
D0106,2023-10-28 12:00:00,Offline
D0106,2023-10-28 14:00:00,Busy
D0106,2023-10-28 16:00:00,Online
D0106,2023-10-29 22:00:00,Busy
D0106,2023-10-30 22:00:00,Busy
D0107,2023-10-01 14:00:00,Online
D0107,2023-10-01 22:00:00,Idle
D0107,2023-10-02 16:00:00,Online
D0107,2023-10-04 22:00:00,Offline
D0107,2023-10-05 16:00:00,Idle
D0107,2023-10-06 00:00:00,Online
D0107,2023-10-06 16:00:00,Idle
D0107,2023-10-09 22:00:00,Busy
D0107,2023-10-11 02:00:00,Offline
D0107,2023-10-12 04:00:00,Offline
D0107,2023-10-12 20:00:00,Offline
D0107,2023-10-14 04:00:00,Busy
D0107,2023-10-15 04:00:00,Online
D0107,2023-10-16 20:00:00,Busy
D0107,2023-10-18 14:00:00,Idle
D0107,2023-10-19 12:00:00,Busy
D0107,2023-10-19 16:00:00,Offline
D0107,2023-10-19 20:00:00,Offline
D0107,2023-10-20 04:00:00,Online
D0107,2023-10-21 08:00:00,Busy
D0107,2023-10-22 00:00:00,Online
D0107,2023-10-22 12:00:00,Busy
D0107,2023-10-23 06:00:00,Offline
D0107,2023-10-23 20:00:00,Offline
D0107,2023-10-25 00:00:00,Busy
D0107,2023-10-27 00:00:00,Busy
D0107,2023-10-27 20:00:00,Online
D0107,2023-10-29 10:00:00,Idle
D0107,2023-10-30 12:00:00,Offline
D0107,2023-10-30 16:00:00,Offline
D0108,2023-10-01 00:00:00,Online
D0108,2023-10-01 02:00:00,Online
D0108,2023-10-01 04:00:00,Idle
D0108,2023-10-02 02:00:00,Online
D0108,2023-10-02 20:00:00,Idle
D0108,2023-10-03 10:00:00,Online
D0108,2023-10-04 18:00:00,Busy
D0108,2023-10-05 10:00:00,Busy
D0108,2023-10-05 22:00:00,Busy
D0108,2023-10-06 18:00:00,Idle
D0108,2023-10-07 02:00:00,Busy
D0108,2023-10-07 10:00:00,Offline
D0108,2023-10-08 06:00:00,Busy
D0108,2023-10-09 14:00:00,Busy
D0108,2023-10-09 20:00:00,Busy
D0108,2023-10-11 04:00:00,Busy
D0108,2023-10-11 14:00:00,Online
D0108,2023-10-12 00:00:00,Offline
D0108,2023-10-13 02:00:00,Online
D0108,2023-10-20 12:00:00,Online
D0108,2023-10-22 00:00:00,Busy
D0108,2023-10-22 04:00:00,Idle
D0108,2023-10-22 10:00:00,Idle
D0108,2023-10-23 02:00:00,Offline
D0108,2023-10-24 00:00:00,Idle
D0108,2023-10-24 06:00:00,Busy
D0108,2023-10-26 12:00:00,Busy
D0108,2023-10-28 00:00:00,Online
D0108,2023-10-29 04:00:00,Online
D0108,2023-10-30 18:00:00,Busy
D0109,2023-10-01 18:00:00,Busy
D0109,2023-10-02 14:00:00,Online
D0109,2023-10-04 20:00:00,Online
D0109,2023-10-05 10:00:00,Busy
D0109,2023-10-06 14:00:00,Offline
D0109,2023-10-07 00:00:00,Busy
D0109,2023-10-08 04:00:00,Offline
D0109,2023-10-08 16:00:00,Offline
D0109,2023-10-11 16:00:00,Busy
D0109,2023-10-12 10:00:00,Online
D0109,2023-10-13 20:00:00,Busy
D0109,2023-10-14 12:00:00,Busy
D0109,2023-10-15 02:00:00,Busy
D0109,2023-10-15 12:00:00,Idle
D0109,2023-10-16 04:00:00,Online
D0109,2023-10-17 06:00:00,Online
D0109,2023-10-17 08:00:00,Idle
D0109,2023-10-18 02:00:00,Idle
D0109,2023-10-18 14:00:00,Idle
D0109,2023-10-19 08:00:00,Idle
D0109,2023-10-19 22:00:00,Offline
D0109,2023-10-22 14:00:00,Busy
D0109,2023-10-23 06:00:00,Busy
D0109,2023-10-23 14:00:00,Online
D0109,2023-10-24 00:00:00,Offline
D0109,2023-10-25 22:00:00,Online
D0109,2023-10-26 00:00:00,Online
D0109,2023-10-27 14:00:00,Online
D0109,2023-10-28 14:00:00,Idle
D0109,2023-10-28 16:00:00,Busy
D0110,2023-10-01 12:00:00,Idle
D0110,2023-10-01 16:00:00,Busy
D0110,2023-10-03 22:00:00,Busy
D0110,2023-10-04 08:00:00,Online
D0110,2023-10-05 10:00:00,Busy
D0110,2023-10-05 18:00:00,Busy
D0110,2023-10-07 16:00:00,Online
D0110,2023-10-07 18:00:00,Online
D0110,2023-10-08 00:00:00,Offline
D0110,2023-10-08 16:00:00,Busy
D0110,2023-10-09 14:00:00,Online
D0110,2023-10-10 04:00:00,Offline
D0110,2023-10-10 06:00:00,Busy
D0110,2023-10-11 20:00:00,Idle
D0110,2023-10-13 04:00:00,Idle
D0110,2023-10-13 14:00:00,Online
D0110,2023-10-14 00:00:00,Busy
D0110,2023-10-14 12:00:00,Busy
D0110,2023-10-15 14:00:00,Busy
D0110,2023-10-17 16:00:00,Idle
D0110,2023-10-18 00:00:00,Online
D0110,2023-10-19 20:00:00,Idle
D0110,2023-10-21 18:00:00,Online
D0110,2023-10-23 12:00:00,Busy
D0110,2023-10-23 22:00:00,Online
D0110,2023-10-25 10:00:00,Idle
D0110,2023-10-26 06:00:00,Idle
D0110,2023-10-28 08:00:00,Busy
D0110,2023-10-28 20:00:00,Online
D0110,2023-10-29 02:00:00,Online
D0111,2023-10-01 22:00:00,Idle
D0111,2023-10-02 20:00:00,Online
D0111,2023-10-04 06:00:00,Busy
D0111,2023-10-06 02:00:00,Busy
D0111,2023-10-06 20:00:00,Busy
D0111,2023-10-08 18:00:00,Offline
D0111,2023-10-09 06:00:00,Busy
D0111,2023-10-09 10:00:00,Idle
D0111,2023-10-10 12:00:00,Idle
D0111,2023-10-10 14:00:00,Idle
D0111,2023-10-11 18:00:00,Busy
D0111,2023-10-11 22:00:00,Offline
D0111,2023-10-13 12:00:00,Online
D0111,2023-10-15 02:00:00,Online
D0111,2023-10-15 16:00:00,Idle
D0111,2023-10-17 02:00:00,Busy
D0111,2023-10-17 14:00:00,Online
D0111,2023-10-17 16:00:00,Offline
D0111,2023-10-18 00:00:00,Offline
D0111,2023-10-18 06:00:00,Online
D0111,2023-10-23 06:00:00,Online
D0111,2023-10-23 10:00:00,Online
D0111,2023-10-23 14:00:00,Busy
D0111,2023-10-24 10:00:00,Busy
D0111,2023-10-24 16:00:00,Busy
D0111,2023-10-25 12:00:00,Online
D0111,2023-10-26 16:00:00,Online
D0111,2023-10-26 18:00:00,Online
D0111,2023-10-26 20:00:00,Online
D0111,2023-10-30 06:00:00,Idle
D0112,2023-10-01 00:00:00,Idle
D0112,2023-10-02 00:00:00,Online
D0112,2023-10-02 10:00:00,Idle
D0112,2023-10-02 22:00:00,Busy
D0112,2023-10-03 08:00:00,Offline
D0112,2023-10-03 12:00:00,Busy
D0112,2023-10-05 14:00:00,Offline
D0112,2023-10-06 16:00:00,Busy
D0112,2023-10-07 04:00:00,Online
D0112,2023-10-09 12:00:00,Online
D0112,2023-10-10 10:00:00,Offline
D0112,2023-10-13 22:00:00,Online
D0112,2023-10-14 02:00:00,Offline
D0112,2023-10-15 04:00:00,Online
D0112,2023-10-15 06:00:00,Online
D0112,2023-10-15 22:00:00,Online
D0112,2023-10-16 04:00:00,Online
D0112,2023-10-19 06:00:00,Offline
D0112,2023-10-19 20:00:00,Idle
D0112,2023-10-20 00:00:00,Online
D0112,2023-10-20 12:00:00,Busy
D0112,2023-10-21 22:00:00,Online
D0112,2023-10-22 16:00:00,Busy
D0112,2023-10-23 04:00:00,Busy
D0112,2023-10-23 10:00:00,Idle
D0112,2023-10-24 20:00:00,Busy
D0112,2023-10-26 08:00:00,Busy
D0112,2023-10-28 16:00:00,Idle
D0112,2023-10-28 18:00:00,Idle
D0112,2023-10-29 16:00:00,Online
D0113,2023-10-02 06:00:00,Busy
D0113,2023-10-03 12:00:00,Online
D0113,2023-10-03 20:00:00,Offline
D0113,2023-10-04 04:00:00,Online
D0113,2023-10-04 08:00:00,Idle
D0113,2023-10-04 16:00:00,Busy
D0113,2023-10-07 20:00:00,Online
D0113,2023-10-09 14:00:00,Idle
D0113,2023-10-11 06:00:00,Idle
D0113,2023-10-11 20:00:00,Offline
D0113,2023-10-12 02:00:00,Idle
D0113,2023-10-12 06:00:00,Offline
D0113,2023-10-13 20:00:00,Idle
D0113,2023-10-15 14:00:00,Busy
D0113,2023-10-16 10:00:00,Online
D0113,2023-10-17 12:00:00,Busy
D0113,2023-10-17 16:00:00,Busy
D0113,2023-10-18 18:00:00,Offline
D0113,2023-10-19 22:00:00,Busy
D0113,2023-10-20 04:00:00,Busy
D0113,2023-10-21 04:00:00,Online
D0113,2023-10-22 00:00:00,Online
D0113,2023-10-22 02:00:00,Online
D0113,2023-10-23 12:00:00,Offline
D0113,2023-10-24 06:00:00,Busy
D0113,2023-10-28 20:00:00,Online
D0113,2023-10-29 12:00:00,Online
D0113,2023-10-30 00:00:00,Offline
D0113,2023-10-30 16:00:00,Busy
D0113,2023-10-30 20:00:00,Idle
D0114,2023-10-01 06:00:00,Offline
D0114,2023-10-01 14:00:00,Idle
D0114,2023-10-06 10:00:00,Offline
D0114,2023-10-07 22:00:00,Online
D0114,2023-10-08 14:00:00,Busy
D0114,2023-10-08 16:00:00,Busy
D0114,2023-10-10 12:00:00,Online
D0114,2023-10-10 22:00:00,Busy
D0114,2023-10-11 16:00:00,Online
D0114,2023-10-12 00:00:00,Offline
D0114,2023-10-14 00:00:00,Online
D0114,2023-10-15 12:00:00,Online
D0114,2023-10-15 14:00:00,Busy
D0114,2023-10-16 04:00:00,Busy
D0114,2023-10-16 10:00:00,Online
D0114,2023-10-16 18:00:00,Offline
D0114,2023-10-17 00:00:00,Busy
D0114,2023-10-17 12:00:00,Busy
D0114,2023-10-18 20:00:00,Busy
D0114,2023-10-19 08:00:00,Idle
D0114,2023-10-20 08:00:00,Online
D0114,2023-10-21 10:00:00,Idle
D0114,2023-10-23 16:00:00,Idle
D0114,2023-10-25 06:00:00,Offline
D0114,2023-10-25 22:00:00,Online
D0114,2023-10-28 00:00:00,Offline
D0114,2023-10-28 12:00:00,Idle
D0114,2023-10-28 14:00:00,Busy
D0114,2023-10-29 10:00:00,Idle
D0114,2023-10-29 18:00:00,Offline
D0115,2023-10-02 00:00:00,Online
D0115,2023-10-03 14:00:00,Idle
D0115,2023-10-03 16:00:00,Idle
D0115,2023-10-06 14:00:00,Online
D0115,2023-10-07 06:00:00,Busy
D0115,2023-10-08 00:00:00,Offline
D0115,2023-10-10 14:00:00,Online
D0115,2023-10-10 22:00:00,Offline
D0115,2023-10-11 04:00:00,Idle
D0115,2023-10-12 08:00:00,Online
D0115,2023-10-12 12:00:00,Busy
D0115,2023-10-12 14:00:00,Busy
D0115,2023-10-14 06:00:00,Idle
D0115,2023-10-14 12:00:00,Offline
D0115,2023-10-15 02:00:00,Busy
D0115,2023-10-16 00:00:00,Offline
D0115,2023-10-20 00:00:00,Busy
D0115,2023-10-20 04:00:00,Online
D0115,2023-10-20 20:00:00,Idle
D0115,2023-10-22 18:00:00,Busy
D0115,2023-10-23 02:00:00,Offline
D0115,2023-10-24 00:00:00,Idle
D0115,2023-10-24 10:00:00,Offline
D0115,2023-10-25 20:00:00,Online
D0115,2023-10-27 10:00:00,Online
D0115,2023-10-28 16:00:00,Busy
D0115,2023-10-28 18:00:00,Busy
D0115,2023-10-29 06:00:00,Online
D0115,2023-10-30 08:00:00,Busy
D0115,2023-10-30 10:00:00,Busy
D0116,2023-10-01 20:00:00,Offline
D0116,2023-10-03 16:00:00,Idle
D0116,2023-10-03 18:00:00,Busy
D0116,2023-10-04 04:00:00,Online
D0116,2023-10-04 14:00:00,Idle
D0116,2023-10-06 00:00:00,Busy
D0116,2023-10-06 04:00:00,Idle
D0116,2023-10-07 16:00:00,Busy
D0116,2023-10-09 10:00:00,Busy
D0116,2023-10-10 00:00:00,Idle
D0116,2023-10-10 04:00:00,Busy
D0116,2023-10-11 00:00:00,Offline
D0116,2023-10-13 10:00:00,Online
D0116,2023-10-15 12:00:00,Idle
D0116,2023-10-17 02:00:00,Busy
D0116,2023-10-17 22:00:00,Online
D0116,2023-10-18 04:00:00,Busy
D0116,2023-10-18 08:00:00,Offline
D0116,2023-10-18 16:00:00,Busy
D0116,2023-10-19 02:00:00,Online
D0116,2023-10-21 04:00:00,Busy
D0116,2023-10-21 10:00:00,Idle
D0116,2023-10-21 20:00:00,Offline
D0116,2023-10-22 02:00:00,Busy
D0116,2023-10-23 12:00:00,Busy
D0116,2023-10-23 20:00:00,Offline
D0116,2023-10-25 06:00:00,Busy
D0116,2023-10-28 06:00:00,Busy
D0116,2023-10-30 10:00:00,Busy
D0116,2023-10-30 18:00:00,Busy
D0117,2023-10-02 02:00:00,Online
D0117,2023-10-03 08:00:00,Online
D0117,2023-10-03 22:00:00,Idle
D0117,2023-10-07 00:00:00,Idle
D0117,2023-10-07 10:00:00,Online
D0117,2023-10-08 08:00:00,Online
D0117,2023-10-09 00:00:00,Offline
D0117,2023-10-09 04:00:00,Busy
D0117,2023-10-10 12:00:00,Online
D0117,2023-10-11 04:00:00,Online
D0117,2023-10-11 16:00:00,Online
D0117,2023-10-12 10:00:00,Online
D0117,2023-10-13 10:00:00,Busy
D0117,2023-10-14 10:00:00,Online
D0117,2023-10-15 04:00:00,Online
D0117,2023-10-15 12:00:00,Busy
D0117,2023-10-16 06:00:00,Online
D0117,2023-10-16 18:00:00,Idle
D0117,2023-10-19 20:00:00,Busy
D0117,2023-10-20 10:00:00,Busy
D0117,2023-10-20 14:00:00,Busy
D0117,2023-10-22 10:00:00,Idle
D0117,2023-10-23 02:00:00,Online
D0117,2023-10-23 20:00:00,Offline
D0117,2023-10-25 08:00:00,Online
D0117,2023-10-26 10:00:00,Idle
D0117,2023-10-27 00:00:00,Busy
D0117,2023-10-27 10:00:00,Offline
D0117,2023-10-29 08:00:00,Online
D0117,2023-10-30 12:00:00,Busy
D0118,2023-10-01 08:00:00,Idle
D0118,2023-10-02 08:00:00,Idle
D0118,2023-10-03 22:00:00,Idle
D0118,2023-10-04 18:00:00,Busy
D0118,2023-10-05 06:00:00,Online
D0118,2023-10-07 20:00:00,Idle
D0118,2023-10-08 10:00:00,Busy
D0118,2023-10-09 04:00:00,Busy
D0118,2023-10-10 12:00:00,Busy
D0118,2023-10-11 08:00:00,Idle
D0118,2023-10-11 10:00:00,Busy
D0118,2023-10-13 10:00:00,Online
D0118,2023-10-13 14:00:00,Online
D0118,2023-10-13 18:00:00,Offline
D0118,2023-10-14 18:00:00,Idle
D0118,2023-10-14 22:00:00,Online
D0118,2023-10-15 08:00:00,Online
D0118,2023-10-15 20:00:00,Busy
D0118,2023-10-16 06:00:00,Offline
D0118,2023-10-16 08:00:00,Online
D0118,2023-10-18 00:00:00,Busy
D0118,2023-10-18 04:00:00,Busy
D0118,2023-10-20 04:00:00,Busy
D0118,2023-10-25 16:00:00,Idle
D0118,2023-10-26 02:00:00,Offline
D0118,2023-10-26 10:00:00,Online
D0118,2023-10-26 18:00:00,Busy
D0118,2023-10-29 12:00:00,Online
D0118,2023-10-30 14:00:00,Busy
D0118,2023-10-30 18:00:00,Idle
D0119,2023-10-01 22:00:00,Online
D0119,2023-10-02 02:00:00,Online
D0119,2023-10-02 06:00:00,Online
D0119,2023-10-04 06:00:00,Idle
D0119,2023-10-04 18:00:00,Busy
D0119,2023-10-05 22:00:00,Online
D0119,2023-10-06 14:00:00,Busy
D0119,2023-10-06 22:00:00,Busy
D0119,2023-10-07 06:00:00,Offline
D0119,2023-10-08 10:00:00,Online
D0119,2023-10-09 04:00:00,Busy
D0119,2023-10-09 06:00:00,Online
D0119,2023-10-12 16:00:00,Busy
D0119,2023-10-13 12:00:00,Offline
D0119,2023-10-14 04:00:00,Online
D0119,2023-10-14 06:00:00,Offline
D0119,2023-10-17 02:00:00,Online
D0119,2023-10-18 04:00:00,Online
D0119,2023-10-18 14:00:00,Busy
D0119,2023-10-20 02:00:00,Busy
D0119,2023-10-22 14:00:00,Busy
D0119,2023-10-25 02:00:00,Idle
D0119,2023-10-25 16:00:00,Busy
D0119,2023-10-25 18:00:00,Idle
D0119,2023-10-27 00:00:00,Online
D0119,2023-10-27 04:00:00,Busy
D0119,2023-10-27 06:00:00,Online
D0119,2023-10-28 00:00:00,Idle
D0119,2023-10-29 04:00:00,Idle
D0119,2023-10-29 12:00:00,Offline
D0120,2023-10-01 06:00:00,Offline
D0120,2023-10-01 16:00:00,Busy
D0120,2023-10-02 06:00:00,Offline
D0120,2023-10-02 10:00:00,Busy
D0120,2023-10-02 14:00:00,Online
D0120,2023-10-03 14:00:00,Online
D0120,2023-10-04 08:00:00,Offline
D0120,2023-10-06 00:00:00,Online
D0120,2023-10-09 12:00:00,Offline
D0120,2023-10-10 00:00:00,Online
D0120,2023-10-11 02:00:00,Online
D0120,2023-10-12 12:00:00,Busy
D0120,2023-10-12 16:00:00,Idle
D0120,2023-10-13 16:00:00,Busy
D0120,2023-10-14 04:00:00,Busy
D0120,2023-10-14 22:00:00,Idle
D0120,2023-10-15 20:00:00,Busy
D0120,2023-10-17 12:00:00,Idle
D0120,2023-10-18 22:00:00,Online
D0120,2023-10-19 04:00:00,Busy
D0120,2023-10-19 12:00:00,Offline
D0120,2023-10-21 20:00:00,Offline
D0120,2023-10-22 20:00:00,Idle
D0120,2023-10-23 04:00:00,Online
D0120,2023-10-24 20:00:00,Offline
D0120,2023-10-27 12:00:00,Online
D0120,2023-10-27 18:00:00,Online
D0120,2023-10-30 02:00:00,Busy
D0120,2023-10-30 16:00:00,Busy
D0120,2023-10-30 20:00:00,Offline
D0121,2023-10-01 12:00:00,Idle
D0121,2023-10-01 18:00:00,Online
D0121,2023-10-02 00:00:00,Online
D0121,2023-10-02 02:00:00,Busy
D0121,2023-10-04 04:00:00,Online
D0121,2023-10-04 12:00:00,Online
D0121,2023-10-05 12:00:00,Offline
D0121,2023-10-06 10:00:00,Busy
D0121,2023-10-09 16:00:00,Offline
D0121,2023-10-09 22:00:00,Busy
D0121,2023-10-10 04:00:00,Online
D0121,2023-10-13 10:00:00,Idle
D0121,2023-10-13 18:00:00,Offline
D0121,2023-10-13 20:00:00,Idle
D0121,2023-10-15 12:00:00,Busy
D0121,2023-10-16 12:00:00,Online
D0121,2023-10-16 16:00:00,Idle
D0121,2023-10-17 10:00:00,Offline
D0121,2023-10-17 22:00:00,Idle
D0121,2023-10-18 18:00:00,Offline
D0121,2023-10-18 22:00:00,Idle
D0121,2023-10-23 04:00:00,Offline
D0121,2023-10-24 02:00:00,Busy
D0121,2023-10-25 06:00:00,Offline
D0121,2023-10-25 10:00:00,Busy
D0121,2023-10-26 22:00:00,Idle
D0121,2023-10-27 14:00:00,Offline
D0121,2023-10-27 22:00:00,Online
D0121,2023-10-28 00:00:00,Idle
D0121,2023-10-29 04:00:00,Offline
D0122,2023-10-02 08:00:00,Busy
D0122,2023-10-02 20:00:00,Busy
D0122,2023-10-04 10:00:00,Online
D0122,2023-10-05 02:00:00,Busy
D0122,2023-10-05 06:00:00,Busy
D0122,2023-10-07 22:00:00,Idle
D0122,2023-10-09 10:00:00,Idle
D0122,2023-10-09 16:00:00,Busy
D0122,2023-10-09 22:00:00,Busy
D0122,2023-10-12 06:00:00,Online
D0122,2023-10-12 18:00:00,Offline
D0122,2023-10-13 00:00:00,Offline
D0122,2023-10-13 08:00:00,Online
D0122,2023-10-14 18:00:00,Offline
D0122,2023-10-15 02:00:00,Offline
D0122,2023-10-15 04:00:00,Online
D0122,2023-10-16 04:00:00,Busy
D0122,2023-10-16 18:00:00,Offline
D0122,2023-10-18 06:00:00,Busy
D0122,2023-10-18 12:00:00,Idle
D0122,2023-10-20 04:00:00,Online
D0122,2023-10-22 02:00:00,Offline
D0122,2023-10-24 12:00:00,Busy
D0122,2023-10-25 02:00:00,Online
D0122,2023-10-25 06:00:00,Online
D0122,2023-10-28 04:00:00,Offline
D0122,2023-10-28 06:00:00,Busy
D0122,2023-10-29 16:00:00,Idle
D0122,2023-10-30 02:00:00,Busy
D0122,2023-10-30 20:00:00,Online
D0123,2023-10-02 00:00:00,Online
D0123,2023-10-02 22:00:00,Online
D0123,2023-10-03 04:00:00,Busy
D0123,2023-10-04 12:00:00,Busy
D0123,2023-10-07 12:00:00,Idle
D0123,2023-10-09 04:00:00,Online
D0123,2023-10-09 12:00:00,Online
D0123,2023-10-09 18:00:00,Busy
D0123,2023-10-10 02:00:00,Idle
D0123,2023-10-14 00:00:00,Online
D0123,2023-10-14 20:00:00,Online
D0123,2023-10-16 02:00:00,Online
D0123,2023-10-16 16:00:00,Idle
D0123,2023-10-18 10:00:00,Busy
D0123,2023-10-20 06:00:00,Online
D0123,2023-10-21 02:00:00,Idle
D0123,2023-10-21 08:00:00,Busy
D0123,2023-10-21 14:00:00,Busy
D0123,2023-10-22 22:00:00,Online
D0123,2023-10-23 02:00:00,Online
D0123,2023-10-24 00:00:00,Online
D0123,2023-10-24 04:00:00,Idle
D0123,2023-10-24 12:00:00,Online
D0123,2023-10-24 16:00:00,Idle
D0123,2023-10-25 04:00:00,Idle
D0123,2023-10-26 22:00:00,Idle
D0123,2023-10-28 00:00:00,Idle
D0123,2023-10-28 08:00:00,Idle
D0123,2023-10-30 08:00:00,Idle
D0123,2023-10-30 12:00:00,Busy
D0124,2023-10-01 08:00:00,Busy
D0124,2023-10-03 10:00:00,Idle
D0124,2023-10-03 14:00:00,Online
D0124,2023-10-03 16:00:00,Online
D0124,2023-10-04 08:00:00,Online
D0124,2023-10-05 06:00:00,Busy
D0124,2023-10-05 10:00:00,Busy
D0124,2023-10-07 04:00:00,Online
D0124,2023-10-07 14:00:00,Offline
D0124,2023-10-08 00:00:00,Online
D0124,2023-10-11 14:00:00,Offline
D0124,2023-10-12 10:00:00,Online
D0124,2023-10-12 14:00:00,Idle
D0124,2023-10-13 02:00:00,Online
D0124,2023-10-14 12:00:00,Busy
D0124,2023-10-14 18:00:00,Online
D0124,2023-10-14 20:00:00,Idle
D0124,2023-10-14 22:00:00,Offline
D0124,2023-10-16 08:00:00,Busy
D0124,2023-10-17 10:00:00,Online
D0124,2023-10-19 08:00:00,Online
D0124,2023-10-20 00:00:00,Idle
D0124,2023-10-24 02:00:00,Busy
D0124,2023-10-25 00:00:00,Idle
D0124,2023-10-25 08:00:00,Online
D0124,2023-10-25 20:00:00,Online
D0124,2023-10-29 06:00:00,Idle
D0124,2023-10-29 22:00:00,Busy
D0124,2023-10-30 12:00:00,Online
D0124,2023-10-30 20:00:00,Online
D0125,2023-10-01 22:00:00,Online
D0125,2023-10-05 04:00:00,Busy
D0125,2023-10-06 04:00:00,Idle
D0125,2023-10-08 04:00:00,Online
D0125,2023-10-08 22:00:00,Busy
D0125,2023-10-09 04:00:00,Online
D0125,2023-10-09 20:00:00,Offline
D0125,2023-10-10 08:00:00,Busy
D0125,2023-10-10 10:00:00,Offline
D0125,2023-10-11 06:00:00,Idle
D0125,2023-10-11 10:00:00,Idle
D0125,2023-10-13 00:00:00,Online
D0125,2023-10-13 12:00:00,Idle
D0125,2023-10-14 02:00:00,Busy
D0125,2023-10-15 08:00:00,Busy
D0125,2023-10-16 16:00:00,Offline
D0125,2023-10-17 06:00:00,Idle
D0125,2023-10-17 12:00:00,Online
D0125,2023-10-17 14:00:00,Busy
D0125,2023-10-17 18:00:00,Online
D0125,2023-10-18 20:00:00,Busy
D0125,2023-10-20 08:00:00,Busy
D0125,2023-10-20 18:00:00,Online
D0125,2023-10-22 12:00:00,Busy
D0125,2023-10-24 08:00:00,Online
D0125,2023-10-25 16:00:00,Online
D0125,2023-10-27 16:00:00,Busy
D0125,2023-10-28 14:00:00,Online
D0125,2023-10-28 18:00:00,Online
D0125,2023-10-30 16:00:00,Offline
D0126,2023-10-03 02:00:00,Online
D0126,2023-10-04 08:00:00,Online
D0126,2023-10-04 14:00:00,Online
D0126,2023-10-04 20:00:00,Busy
D0126,2023-10-05 02:00:00,Offline
D0126,2023-10-06 20:00:00,Idle
D0126,2023-10-06 22:00:00,Busy
D0126,2023-10-08 02:00:00,Online
D0126,2023-10-09 10:00:00,Online
D0126,2023-10-11 12:00:00,Offline
D0126,2023-10-11 22:00:00,Busy
D0126,2023-10-14 06:00:00,Busy
D0126,2023-10-14 12:00:00,Busy
D0126,2023-10-15 08:00:00,Online
D0126,2023-10-15 10:00:00,Online
D0126,2023-10-15 22:00:00,Online
D0126,2023-10-16 04:00:00,Busy
D0126,2023-10-16 16:00:00,Idle
D0126,2023-10-16 20:00:00,Online
D0126,2023-10-16 22:00:00,Online
D0126,2023-10-19 02:00:00,Online
D0126,2023-10-20 14:00:00,Busy
D0126,2023-10-21 14:00:00,Idle
D0126,2023-10-22 16:00:00,Offline
D0126,2023-10-24 12:00:00,Online
D0126,2023-10-25 10:00:00,Online
D0126,2023-10-25 20:00:00,Offline
D0126,2023-10-26 06:00:00,Offline
D0126,2023-10-27 12:00:00,Online
D0126,2023-10-27 16:00:00,Busy
D0127,2023-10-01 14:00:00,Online
D0127,2023-10-01 16:00:00,Online
D0127,2023-10-02 04:00:00,Busy
D0127,2023-10-03 12:00:00,Busy
D0127,2023-10-03 14:00:00,Offline
D0127,2023-10-03 18:00:00,Online
D0127,2023-10-04 12:00:00,Online
D0127,2023-10-05 18:00:00,Online
D0127,2023-10-05 22:00:00,Busy
D0127,2023-10-06 20:00:00,Busy
D0127,2023-10-08 20:00:00,Idle
D0127,2023-10-09 22:00:00,Busy
D0127,2023-10-10 06:00:00,Idle
D0127,2023-10-10 08:00:00,Busy
D0127,2023-10-11 14:00:00,Busy
D0127,2023-10-12 22:00:00,Online
D0127,2023-10-13 00:00:00,Busy
D0127,2023-10-13 20:00:00,Busy
D0127,2023-10-14 02:00:00,Busy
D0127,2023-10-15 06:00:00,Online
D0127,2023-10-16 20:00:00,Online
D0127,2023-10-19 02:00:00,Online
D0127,2023-10-20 20:00:00,Offline
D0127,2023-10-21 08:00:00,Idle
D0127,2023-10-22 10:00:00,Idle
D0127,2023-10-27 06:00:00,Busy
D0127,2023-10-28 08:00:00,Busy
D0127,2023-10-29 06:00:00,Online
D0127,2023-10-29 20:00:00,Busy
D0127,2023-10-29 22:00:00,Busy
D0128,2023-10-01 08:00:00,Online
D0128,2023-10-02 02:00:00,Idle
D0128,2023-10-02 16:00:00,Online
D0128,2023-10-02 22:00:00,Idle
D0128,2023-10-03 00:00:00,Online
D0128,2023-10-03 18:00:00,Online
D0128,2023-10-05 00:00:00,Online
D0128,2023-10-05 12:00:00,Busy
D0128,2023-10-05 18:00:00,Offline
D0128,2023-10-06 10:00:00,Online
D0128,2023-10-07 00:00:00,Offline
D0128,2023-10-07 02:00:00,Idle
D0128,2023-10-08 20:00:00,Busy
D0128,2023-10-10 06:00:00,Idle
D0128,2023-10-10 12:00:00,Online
D0128,2023-10-13 00:00:00,Online
D0128,2023-10-14 08:00:00,Offline
D0128,2023-10-16 04:00:00,Busy
D0128,2023-10-16 18:00:00,Online
D0128,2023-10-18 12:00:00,Online
D0128,2023-10-19 20:00:00,Busy
D0128,2023-10-21 14:00:00,Busy
D0128,2023-10-22 06:00:00,Idle
D0128,2023-10-22 14:00:00,Online
D0128,2023-10-25 02:00:00,Online
D0128,2023-10-25 06:00:00,Online
D0128,2023-10-27 06:00:00,Busy
D0128,2023-10-28 02:00:00,Busy
D0128,2023-10-29 00:00:00,Busy
D0128,2023-10-30 20:00:00,Online
D0129,2023-10-01 10:00:00,Offline
D0129,2023-10-03 12:00:00,Busy
D0129,2023-10-03 22:00:00,Online
D0129,2023-10-06 00:00:00,Busy
D0129,2023-10-06 12:00:00,Busy
D0129,2023-10-08 14:00:00,Online
D0129,2023-10-08 18:00:00,Offline
D0129,2023-10-09 08:00:00,Idle
D0129,2023-10-09 18:00:00,Busy
D0129,2023-10-09 22:00:00,Online
D0129,2023-10-12 22:00:00,Online
D0129,2023-10-13 04:00:00,Online
D0129,2023-10-13 20:00:00,Online
D0129,2023-10-14 16:00:00,Busy
D0129,2023-10-15 10:00:00,Online
D0129,2023-10-15 18:00:00,Busy
D0129,2023-10-16 16:00:00,Online
D0129,2023-10-17 00:00:00,Online
D0129,2023-10-18 02:00:00,Offline
D0129,2023-10-18 04:00:00,Busy
D0129,2023-10-20 00:00:00,Idle
D0129,2023-10-20 16:00:00,Busy
D0129,2023-10-22 02:00:00,Busy
D0129,2023-10-22 04:00:00,Online
D0129,2023-10-22 16:00:00,Online
D0129,2023-10-23 00:00:00,Idle
D0129,2023-10-23 22:00:00,Idle
D0129,2023-10-24 12:00:00,Idle
D0129,2023-10-25 18:00:00,Online
D0129,2023-10-28 14:00:00,Busy
D0130,2023-10-03 20:00:00,Idle
D0130,2023-10-04 04:00:00,Offline
D0130,2023-10-05 08:00:00,Online
D0130,2023-10-06 08:00:00,Busy
D0130,2023-10-08 04:00:00,Online
D0130,2023-10-10 08:00:00,Online
D0130,2023-10-11 00:00:00,Idle
D0130,2023-10-11 08:00:00,Idle
D0130,2023-10-13 06:00:00,Online
D0130,2023-10-13 10:00:00,Idle
D0130,2023-10-13 14:00:00,Busy
D0130,2023-10-16 22:00:00,Online
D0130,2023-10-18 08:00:00,Busy
D0130,2023-10-18 18:00:00,Busy
D0130,2023-10-19 16:00:00,Idle
D0130,2023-10-19 18:00:00,Idle
D0130,2023-10-20 00:00:00,Busy
D0130,2023-10-20 16:00:00,Idle
D0130,2023-10-20 18:00:00,Busy
D0130,2023-10-21 20:00:00,Busy
D0130,2023-10-23 00:00:00,Online
D0130,2023-10-23 02:00:00,Online
D0130,2023-10-23 10:00:00,Busy
D0130,2023-10-26 02:00:00,Online
D0130,2023-10-28 00:00:00,Online
D0130,2023-10-28 06:00:00,Offline
D0130,2023-10-28 08:00:00,Online
D0130,2023-10-28 12:00:00,Online
D0130,2023-10-30 12:00:00,Idle
D0130,2023-10-30 20:00:00,Online
D0131,2023-10-03 04:00:00,Busy
D0131,2023-10-05 10:00:00,Online
D0131,2023-10-05 14:00:00,Offline
D0131,2023-10-06 10:00:00,Busy
D0131,2023-10-07 10:00:00,Offline
D0131,2023-10-07 22:00:00,Idle
D0131,2023-10-08 08:00:00,Idle
D0131,2023-10-08 10:00:00,Online
D0131,2023-10-08 18:00:00,Online
D0131,2023-10-12 00:00:00,Busy
D0131,2023-10-13 06:00:00,Online
D0131,2023-10-14 22:00:00,Online
D0131,2023-10-15 14:00:00,Online
D0131,2023-10-15 22:00:00,Online
D0131,2023-10-16 04:00:00,Online
D0131,2023-10-16 14:00:00,Busy
D0131,2023-10-17 06:00:00,Offline
D0131,2023-10-20 02:00:00,Busy
D0131,2023-10-21 00:00:00,Busy
D0131,2023-10-21 02:00:00,Busy
D0131,2023-10-22 06:00:00,Online
D0131,2023-10-23 16:00:00,Online
D0131,2023-10-24 14:00:00,Idle
D0131,2023-10-25 12:00:00,Idle
D0131,2023-10-26 00:00:00,Idle
D0131,2023-10-27 16:00:00,Busy
D0131,2023-10-28 00:00:00,Busy
D0131,2023-10-28 04:00:00,Busy
D0131,2023-10-28 12:00:00,Busy
D0131,2023-10-30 10:00:00,Online
D0132,2023-10-01 00:00:00,Busy
D0132,2023-10-02 10:00:00,Online
D0132,2023-10-02 18:00:00,Online
D0132,2023-10-03 08:00:00,Offline
D0132,2023-10-03 12:00:00,Online
D0132,2023-10-05 20:00:00,Offline
D0132,2023-10-06 00:00:00,Online
D0132,2023-10-07 20:00:00,Online
D0132,2023-10-08 06:00:00,Offline
D0132,2023-10-08 14:00:00,Online
D0132,2023-10-09 06:00:00,Busy
D0132,2023-10-11 04:00:00,Busy
D0132,2023-10-11 18:00:00,Busy
D0132,2023-10-12 14:00:00,Online
D0132,2023-10-15 06:00:00,Online
D0132,2023-10-15 14:00:00,Idle
D0132,2023-10-15 18:00:00,Online
D0132,2023-10-16 22:00:00,Offline
D0132,2023-10-17 12:00:00,Online
D0132,2023-10-17 14:00:00,Busy
D0132,2023-10-17 22:00:00,Idle
D0132,2023-10-19 00:00:00,Idle
D0132,2023-10-23 04:00:00,Online
D0132,2023-10-24 00:00:00,Busy
D0132,2023-10-25 04:00:00,Busy
D0132,2023-10-25 10:00:00,Idle
D0132,2023-10-27 12:00:00,Offline
D0132,2023-10-27 18:00:00,Busy
D0132,2023-10-29 12:00:00,Online
D0132,2023-10-29 16:00:00,Busy
D0133,2023-10-02 08:00:00,Online
D0133,2023-10-02 22:00:00,Idle
D0133,2023-10-04 08:00:00,Online
D0133,2023-10-04 10:00:00,Busy
D0133,2023-10-07 02:00:00,Busy
D0133,2023-10-08 00:00:00,Offline
D0133,2023-10-08 04:00:00,Busy
D0133,2023-10-08 14:00:00,Idle
D0133,2023-10-09 04:00:00,Busy
D0133,2023-10-10 00:00:00,Offline
D0133,2023-10-10 06:00:00,Offline
D0133,2023-10-10 22:00:00,Idle
D0133,2023-10-11 18:00:00,Busy
D0133,2023-10-12 12:00:00,Online
D0133,2023-10-13 04:00:00,Online
D0133,2023-10-13 12:00:00,Online
D0133,2023-10-15 04:00:00,Idle
D0133,2023-10-18 00:00:00,Online
D0133,2023-10-20 10:00:00,Offline
D0133,2023-10-20 12:00:00,Online
D0133,2023-10-20 20:00:00,Online
D0133,2023-10-21 18:00:00,Online
D0133,2023-10-22 02:00:00,Offline
D0133,2023-10-22 14:00:00,Online
D0133,2023-10-24 22:00:00,Online
D0133,2023-10-25 04:00:00,Busy
D0133,2023-10-26 10:00:00,Online
D0133,2023-10-27 08:00:00,Online
D0133,2023-10-29 22:00:00,Busy
D0133,2023-10-30 04:00:00,Online
D0134,2023-10-02 10:00:00,Busy
D0134,2023-10-05 10:00:00,Online
D0134,2023-10-05 16:00:00,Offline
D0134,2023-10-06 12:00:00,Online
D0134,2023-10-08 04:00:00,Busy
D0134,2023-10-08 22:00:00,Idle
D0134,2023-10-09 08:00:00,Busy
D0134,2023-10-11 06:00:00,Idle
D0134,2023-10-11 12:00:00,Online
D0134,2023-10-11 16:00:00,Busy
D0134,2023-10-12 06:00:00,Busy
D0134,2023-10-12 20:00:00,Online
D0134,2023-10-14 06:00:00,Offline
D0134,2023-10-14 20:00:00,Offline
D0134,2023-10-16 14:00:00,Idle
D0134,2023-10-17 20:00:00,Busy
D0134,2023-10-18 00:00:00,Offline
D0134,2023-10-18 10:00:00,Online
D0134,2023-10-18 20:00:00,Online
D0134,2023-10-20 22:00:00,Idle
D0134,2023-10-24 10:00:00,Idle
D0134,2023-10-25 08:00:00,Online
D0134,2023-10-25 22:00:00,Busy
D0134,2023-10-26 02:00:00,Offline
D0134,2023-10-27 00:00:00,Online
D0134,2023-10-27 20:00:00,Idle
D0134,2023-10-27 22:00:00,Busy
D0134,2023-10-28 20:00:00,Offline
D0134,2023-10-29 02:00:00,Online
D0134,2023-10-30 00:00:00,Online
D0135,2023-10-01 08:00:00,Online
D0135,2023-10-02 08:00:00,Busy
D0135,2023-10-04 00:00:00,Online
D0135,2023-10-04 14:00:00,Online
D0135,2023-10-04 16:00:00,Busy
D0135,2023-10-05 22:00:00,Online
D0135,2023-10-08 04:00:00,Busy
D0135,2023-10-08 12:00:00,Idle
D0135,2023-10-08 22:00:00,Busy
D0135,2023-10-11 00:00:00,Busy
D0135,2023-10-11 02:00:00,Online
D0135,2023-10-12 10:00:00,Online
D0135,2023-10-12 16:00:00,Online
D0135,2023-10-13 12:00:00,Offline
D0135,2023-10-14 14:00:00,Busy
D0135,2023-10-14 20:00:00,Offline
D0135,2023-10-16 04:00:00,Online
D0135,2023-10-17 18:00:00,Online
D0135,2023-10-17 22:00:00,Busy
D0135,2023-10-18 04:00:00,Online
D0135,2023-10-18 06:00:00,Offline
D0135,2023-10-18 14:00:00,Offline
D0135,2023-10-20 04:00:00,Busy
D0135,2023-10-21 16:00:00,Busy
D0135,2023-10-23 22:00:00,Busy
D0135,2023-10-25 22:00:00,Busy
D0135,2023-10-26 06:00:00,Online
D0135,2023-10-26 18:00:00,Online
D0135,2023-10-29 10:00:00,Offline
D0135,2023-10-29 16:00:00,Busy
D0136,2023-10-01 14:00:00,Busy
D0136,2023-10-03 00:00:00,Online
D0136,2023-10-05 18:00:00,Offline
D0136,2023-10-08 18:00:00,Busy
D0136,2023-10-09 06:00:00,Busy
D0136,2023-10-09 12:00:00,Online
D0136,2023-10-10 04:00:00,Online
D0136,2023-10-10 06:00:00,Online
D0136,2023-10-11 00:00:00,Idle
D0136,2023-10-13 00:00:00,Busy
D0136,2023-10-16 00:00:00,Busy
D0136,2023-10-17 06:00:00,Busy
D0136,2023-10-17 14:00:00,Idle
D0136,2023-10-17 16:00:00,Idle
D0136,2023-10-18 06:00:00,Online
D0136,2023-10-18 16:00:00,Busy
D0136,2023-10-19 10:00:00,Online
D0136,2023-10-19 14:00:00,Online
D0136,2023-10-21 02:00:00,Online
D0136,2023-10-22 06:00:00,Offline
D0136,2023-10-22 18:00:00,Busy
D0136,2023-10-22 22:00:00,Online
D0136,2023-10-23 04:00:00,Online
D0136,2023-10-23 06:00:00,Online
D0136,2023-10-24 20:00:00,Idle
D0136,2023-10-25 14:00:00,Online
D0136,2023-10-25 22:00:00,Idle
D0136,2023-10-28 00:00:00,Busy
D0136,2023-10-28 02:00:00,Busy
D0136,2023-10-29 06:00:00,Busy
D0137,2023-10-02 06:00:00,Busy
D0137,2023-10-04 14:00:00,Online
D0137,2023-10-06 08:00:00,Offline
D0137,2023-10-07 00:00:00,Busy
D0137,2023-10-07 02:00:00,Online
D0137,2023-10-07 16:00:00,Busy
D0137,2023-10-08 10:00:00,Busy
D0137,2023-10-10 02:00:00,Busy
D0137,2023-10-11 12:00:00,Idle
D0137,2023-10-12 02:00:00,Busy
D0137,2023-10-12 20:00:00,Busy
D0137,2023-10-14 04:00:00,Online
D0137,2023-10-14 22:00:00,Online
D0137,2023-10-15 16:00:00,Online
D0137,2023-10-17 20:00:00,Busy
D0137,2023-10-18 08:00:00,Online
D0137,2023-10-18 18:00:00,Online
D0137,2023-10-21 02:00:00,Online
D0137,2023-10-22 06:00:00,Online
D0137,2023-10-22 10:00:00,Idle
D0137,2023-10-22 18:00:00,Online
D0137,2023-10-22 22:00:00,Busy
D0137,2023-10-25 08:00:00,Online
D0137,2023-10-25 10:00:00,Busy
D0137,2023-10-27 00:00:00,Online
D0137,2023-10-27 06:00:00,Online
D0137,2023-10-27 12:00:00,Idle
D0137,2023-10-27 22:00:00,Idle
D0137,2023-10-29 22:00:00,Online
D0137,2023-10-30 04:00:00,Offline
D0138,2023-10-01 04:00:00,Idle
D0138,2023-10-03 02:00:00,Offline
D0138,2023-10-03 22:00:00,Online
D0138,2023-10-04 14:00:00,Busy
D0138,2023-10-05 02:00:00,Busy
D0138,2023-10-05 08:00:00,Idle
D0138,2023-10-07 04:00:00,Offline
D0138,2023-10-08 08:00:00,Offline
D0138,2023-10-08 22:00:00,Idle
D0138,2023-10-09 00:00:00,Online
D0138,2023-10-11 02:00:00,Online
D0138,2023-10-11 18:00:00,Busy
D0138,2023-10-13 14:00:00,Busy
D0138,2023-10-14 10:00:00,Online
D0138,2023-10-14 14:00:00,Offline
D0138,2023-10-15 10:00:00,Online
D0138,2023-10-15 20:00:00,Idle
D0138,2023-10-16 10:00:00,Busy
D0138,2023-10-17 16:00:00,Online
D0138,2023-10-17 20:00:00,Offline
D0138,2023-10-18 00:00:00,Idle
D0138,2023-10-19 00:00:00,Busy
D0138,2023-10-19 20:00:00,Online
D0138,2023-10-24 06:00:00,Busy
D0138,2023-10-25 04:00:00,Busy
D0138,2023-10-25 16:00:00,Online
D0138,2023-10-26 06:00:00,Online
D0138,2023-10-27 08:00:00,Busy
D0138,2023-10-29 08:00:00,Offline
D0138,2023-10-30 22:00:00,Offline
D0139,2023-10-03 14:00:00,Busy
D0139,2023-10-03 16:00:00,Busy
D0139,2023-10-04 04:00:00,Idle
D0139,2023-10-06 20:00:00,Idle
D0139,2023-10-08 20:00:00,Idle
D0139,2023-10-09 10:00:00,Online
D0139,2023-10-10 06:00:00,Idle
D0139,2023-10-12 16:00:00,Idle
D0139,2023-10-14 00:00:00,Online
D0139,2023-10-15 12:00:00,Idle
D0139,2023-10-16 02:00:00,Offline
D0139,2023-10-16 08:00:00,Online
D0139,2023-10-17 02:00:00,Online
D0139,2023-10-17 04:00:00,Busy
D0139,2023-10-18 06:00:00,Busy
D0139,2023-10-18 12:00:00,Online
D0139,2023-10-18 14:00:00,Busy
D0139,2023-10-18 22:00:00,Idle
D0139,2023-10-19 10:00:00,Idle
D0139,2023-10-19 20:00:00,Online
D0139,2023-10-20 12:00:00,Online
D0139,2023-10-22 16:00:00,Online
D0139,2023-10-25 18:00:00,Online
D0139,2023-10-25 22:00:00,Online
D0139,2023-10-26 10:00:00,Offline
D0139,2023-10-27 08:00:00,Online
D0139,2023-10-27 10:00:00,Idle
D0139,2023-10-28 16:00:00,Busy
D0139,2023-10-29 08:00:00,Busy
D0139,2023-10-30 14:00:00,Offline
D0140,2023-10-01 14:00:00,Online
D0140,2023-10-02 00:00:00,Offline
D0140,2023-10-02 04:00:00,Online
D0140,2023-10-02 08:00:00,Online
D0140,2023-10-04 22:00:00,Idle
D0140,2023-10-05 06:00:00,Idle
D0140,2023-10-05 10:00:00,Offline
D0140,2023-10-08 04:00:00,Idle
D0140,2023-10-08 12:00:00,Offline
D0140,2023-10-09 16:00:00,Online
D0140,2023-10-09 18:00:00,Busy
D0140,2023-10-10 22:00:00,Online
D0140,2023-10-11 00:00:00,Idle
D0140,2023-10-11 02:00:00,Busy
D0140,2023-10-11 22:00:00,Online
D0140,2023-10-13 16:00:00,Offline
D0140,2023-10-14 08:00:00,Online
D0140,2023-10-14 22:00:00,Idle
D0140,2023-10-16 14:00:00,Idle
D0140,2023-10-19 22:00:00,Online
D0140,2023-10-20 08:00:00,Busy
D0140,2023-10-21 04:00:00,Idle
D0140,2023-10-22 14:00:00,Offline
D0140,2023-10-24 00:00:00,Offline
D0140,2023-10-24 20:00:00,Online
D0140,2023-10-25 14:00:00,Offline
D0140,2023-10-26 04:00:00,Busy
D0140,2023-10-29 04:00:00,Offline
D0140,2023-10-29 12:00:00,Online
D0140,2023-10-30 02:00:00,Online
D0141,2023-10-02 08:00:00,Idle
D0141,2023-10-02 18:00:00,Idle
D0141,2023-10-05 06:00:00,Busy
D0141,2023-10-06 00:00:00,Online
D0141,2023-10-06 16:00:00,Idle
D0141,2023-10-07 00:00:00,Busy
D0141,2023-10-07 06:00:00,Online
D0141,2023-10-08 08:00:00,Busy
D0141,2023-10-11 20:00:00,Online
D0141,2023-10-13 22:00:00,Online
D0141,2023-10-15 12:00:00,Online
D0141,2023-10-15 18:00:00,Busy
D0141,2023-10-17 22:00:00,Online
D0141,2023-10-18 12:00:00,Online
D0141,2023-10-18 18:00:00,Busy
D0141,2023-10-20 14:00:00,Busy
D0141,2023-10-21 16:00:00,Idle
D0141,2023-10-22 20:00:00,Busy
D0141,2023-10-24 00:00:00,Idle
D0141,2023-10-24 04:00:00,Idle
D0141,2023-10-24 12:00:00,Online
D0141,2023-10-24 18:00:00,Online
D0141,2023-10-25 06:00:00,Idle
D0141,2023-10-25 08:00:00,Online
D0141,2023-10-25 10:00:00,Online
D0141,2023-10-26 06:00:00,Busy
D0141,2023-10-28 12:00:00,Online
D0141,2023-10-29 18:00:00,Idle
D0141,2023-10-30 06:00:00,Idle
D0141,2023-10-30 08:00:00,Idle
D0142,2023-10-01 00:00:00,Offline
D0142,2023-10-01 04:00:00,Online
D0142,2023-10-04 06:00:00,Busy
D0142,2023-10-04 08:00:00,Online
D0142,2023-10-05 14:00:00,Online
D0142,2023-10-06 10:00:00,Busy
D0142,2023-10-06 22:00:00,Offline
D0142,2023-10-07 00:00:00,Busy
D0142,2023-10-08 10:00:00,Offline
D0142,2023-10-11 04:00:00,Busy
D0142,2023-10-12 00:00:00,Offline
D0142,2023-10-13 20:00:00,Busy
D0142,2023-10-16 22:00:00,Idle
D0142,2023-10-17 06:00:00,Offline
D0142,2023-10-17 12:00:00,Busy
D0142,2023-10-18 18:00:00,Online
D0142,2023-10-19 04:00:00,Offline
D0142,2023-10-20 00:00:00,Online
D0142,2023-10-20 04:00:00,Idle
D0142,2023-10-20 08:00:00,Online
D0142,2023-10-21 00:00:00,Idle
D0142,2023-10-21 14:00:00,Busy
D0142,2023-10-22 06:00:00,Online
D0142,2023-10-23 12:00:00,Offline
D0142,2023-10-26 08:00:00,Busy
D0142,2023-10-26 20:00:00,Online
D0142,2023-10-27 12:00:00,Idle
D0142,2023-10-29 06:00:00,Online
D0142,2023-10-30 06:00:00,Idle
D0142,2023-10-30 20:00:00,Busy
D0143,2023-10-03 02:00:00,Online
D0143,2023-10-03 10:00:00,Idle
D0143,2023-10-03 14:00:00,Online
D0143,2023-10-04 18:00:00,Busy
D0143,2023-10-06 08:00:00,Busy
D0143,2023-10-06 12:00:00,Online
D0143,2023-10-10 16:00:00,Idle
D0143,2023-10-10 22:00:00,Online
D0143,2023-10-12 00:00:00,Online
D0143,2023-10-12 14:00:00,Online
D0143,2023-10-13 00:00:00,Busy
D0143,2023-10-13 12:00:00,Offline
D0143,2023-10-13 14:00:00,Busy
D0143,2023-10-15 08:00:00,Online
D0143,2023-10-15 16:00:00,Idle
D0143,2023-10-16 00:00:00,Online
D0143,2023-10-16 04:00:00,Offline
D0143,2023-10-17 02:00:00,Busy
D0143,2023-10-17 16:00:00,Idle
D0143,2023-10-18 20:00:00,Busy
D0143,2023-10-19 18:00:00,Busy
D0143,2023-10-20 20:00:00,Offline
D0143,2023-10-21 08:00:00,Busy
D0143,2023-10-24 02:00:00,Idle
D0143,2023-10-25 18:00:00,Busy
D0143,2023-10-26 02:00:00,Busy
D0143,2023-10-26 16:00:00,Busy
D0143,2023-10-27 06:00:00,Busy
D0143,2023-10-27 22:00:00,Idle
D0143,2023-10-29 02:00:00,Busy
D0144,2023-10-04 06:00:00,Offline
D0144,2023-10-05 02:00:00,Idle
D0144,2023-10-05 22:00:00,Busy
D0144,2023-10-07 00:00:00,Busy
D0144,2023-10-08 12:00:00,Busy
D0144,2023-10-09 06:00:00,Busy
D0144,2023-10-09 08:00:00,Idle
D0144,2023-10-10 00:00:00,Busy
D0144,2023-10-10 16:00:00,Busy
D0144,2023-10-12 10:00:00,Online
D0144,2023-10-12 12:00:00,Idle
D0144,2023-10-15 04:00:00,Busy
D0144,2023-10-15 06:00:00,Idle
D0144,2023-10-15 14:00:00,Idle
D0144,2023-10-15 18:00:00,Busy
D0144,2023-10-16 18:00:00,Online
D0144,2023-10-18 06:00:00,Busy
D0144,2023-10-18 08:00:00,Online
D0144,2023-10-18 22:00:00,Busy
D0144,2023-10-19 14:00:00,Idle
D0144,2023-10-20 16:00:00,Idle
D0144,2023-10-21 18:00:00,Online
D0144,2023-10-22 04:00:00,Online
D0144,2023-10-22 10:00:00,Online
D0144,2023-10-26 10:00:00,Busy
D0144,2023-10-26 20:00:00,Online
D0144,2023-10-28 04:00:00,Online
D0144,2023-10-28 14:00:00,Online
D0144,2023-10-30 12:00:00,Online
D0144,2023-10-30 18:00:00,Idle
D0145,2023-10-01 20:00:00,Offline
D0145,2023-10-01 22:00:00,Idle
D0145,2023-10-02 08:00:00,Idle
D0145,2023-10-03 02:00:00,Busy
D0145,2023-10-07 02:00:00,Idle
D0145,2023-10-07 06:00:00,Busy
D0145,2023-10-07 18:00:00,Online
D0145,2023-10-09 12:00:00,Busy
D0145,2023-10-10 20:00:00,Busy
D0145,2023-10-11 16:00:00,Busy
D0145,2023-10-12 02:00:00,Idle
D0145,2023-10-14 04:00:00,Idle
D0145,2023-10-14 06:00:00,Offline
D0145,2023-10-16 08:00:00,Online
D0145,2023-10-16 16:00:00,Offline
D0145,2023-10-16 18:00:00,Online
D0145,2023-10-17 04:00:00,Online
D0145,2023-10-17 14:00:00,Idle
D0145,2023-10-18 02:00:00,Online
D0145,2023-10-19 08:00:00,Offline
D0145,2023-10-20 16:00:00,Busy
D0145,2023-10-20 20:00:00,Busy
D0145,2023-10-21 16:00:00,Online
D0145,2023-10-22 02:00:00,Online
D0145,2023-10-24 10:00:00,Idle
D0145,2023-10-25 16:00:00,Busy
D0145,2023-10-28 02:00:00,Busy
D0145,2023-10-29 12:00:00,Busy
D0145,2023-10-30 10:00:00,Online
D0145,2023-10-30 12:00:00,Busy
D0146,2023-10-01 04:00:00,Online
D0146,2023-10-02 04:00:00,Busy
D0146,2023-10-02 20:00:00,Online
D0146,2023-10-03 08:00:00,Offline
D0146,2023-10-03 16:00:00,Busy
D0146,2023-10-04 18:00:00,Busy
D0146,2023-10-04 22:00:00,Idle
D0146,2023-10-06 08:00:00,Online
D0146,2023-10-08 12:00:00,Offline
D0146,2023-10-08 14:00:00,Online
D0146,2023-10-09 22:00:00,Online
D0146,2023-10-11 06:00:00,Busy
D0146,2023-10-11 22:00:00,Online
D0146,2023-10-13 22:00:00,Idle
D0146,2023-10-14 12:00:00,Online
D0146,2023-10-14 16:00:00,Offline
D0146,2023-10-15 18:00:00,Busy
D0146,2023-10-16 04:00:00,Busy
D0146,2023-10-16 18:00:00,Online
D0146,2023-10-19 18:00:00,Idle
D0146,2023-10-20 00:00:00,Busy
D0146,2023-10-21 12:00:00,Online
D0146,2023-10-22 12:00:00,Offline
D0146,2023-10-25 08:00:00,Online
D0146,2023-10-25 22:00:00,Online
D0146,2023-10-27 06:00:00,Online
D0146,2023-10-27 08:00:00,Online
D0146,2023-10-29 18:00:00,Online
D0146,2023-10-30 08:00:00,Online
D0146,2023-10-30 20:00:00,Online
D0147,2023-10-02 18:00:00,Idle
D0147,2023-10-03 02:00:00,Online
D0147,2023-10-05 16:00:00,Offline
D0147,2023-10-06 00:00:00,Online
D0147,2023-10-07 10:00:00,Idle
D0147,2023-10-09 06:00:00,Idle
D0147,2023-10-09 14:00:00,Offline
D0147,2023-10-09 16:00:00,Idle
D0147,2023-10-10 22:00:00,Busy
D0147,2023-10-11 08:00:00,Offline
D0147,2023-10-11 20:00:00,Online
D0147,2023-10-12 04:00:00,Offline
D0147,2023-10-13 02:00:00,Busy
D0147,2023-10-13 08:00:00,Busy
D0147,2023-10-16 14:00:00,Busy
D0147,2023-10-18 06:00:00,Idle
D0147,2023-10-19 00:00:00,Idle
D0147,2023-10-20 08:00:00,Idle
D0147,2023-10-21 14:00:00,Busy
D0147,2023-10-21 16:00:00,Offline
D0147,2023-10-24 08:00:00,Online
D0147,2023-10-25 02:00:00,Offline
D0147,2023-10-25 18:00:00,Online
D0147,2023-10-27 16:00:00,Busy
D0147,2023-10-27 20:00:00,Online
D0147,2023-10-28 06:00:00,Busy
D0147,2023-10-28 18:00:00,Busy
D0147,2023-10-29 04:00:00,Busy
D0147,2023-10-30 02:00:00,Online
D0147,2023-10-30 06:00:00,Idle
D0148,2023-10-03 16:00:00,Idle
D0148,2023-10-03 22:00:00,Idle
D0148,2023-10-07 22:00:00,Online
D0148,2023-10-08 20:00:00,Idle
D0148,2023-10-09 00:00:00,Offline
D0148,2023-10-11 04:00:00,Online
D0148,2023-10-11 14:00:00,Online
D0148,2023-10-12 12:00:00,Busy
D0148,2023-10-13 10:00:00,Online
D0148,2023-10-14 00:00:00,Online
D0148,2023-10-14 04:00:00,Online
D0148,2023-10-14 12:00:00,Busy
D0148,2023-10-15 20:00:00,Busy
D0148,2023-10-16 04:00:00,Online
D0148,2023-10-16 06:00:00,Online
D0148,2023-10-17 16:00:00,Idle
D0148,2023-10-19 00:00:00,Idle
D0148,2023-10-20 04:00:00,Online
D0148,2023-10-20 06:00:00,Offline
D0148,2023-10-23 06:00:00,Busy
D0148,2023-10-25 02:00:00,Busy
D0148,2023-10-26 06:00:00,Online
D0148,2023-10-26 20:00:00,Offline
D0148,2023-10-26 22:00:00,Idle
D0148,2023-10-28 22:00:00,Offline
D0148,2023-10-29 02:00:00,Online
D0148,2023-10-29 14:00:00,Busy
D0148,2023-10-30 00:00:00,Idle
D0148,2023-10-30 14:00:00,Online
D0148,2023-10-30 22:00:00,Online
D0149,2023-10-01 00:00:00,Offline
D0149,2023-10-02 02:00:00,Offline
D0149,2023-10-03 04:00:00,Idle
D0149,2023-10-04 02:00:00,Offline
D0149,2023-10-08 06:00:00,Offline
D0149,2023-10-08 14:00:00,Idle
D0149,2023-10-08 18:00:00,Idle
D0149,2023-10-08 20:00:00,Online
D0149,2023-10-10 04:00:00,Online
D0149,2023-10-11 00:00:00,Idle
D0149,2023-10-13 14:00:00,Busy
D0149,2023-10-13 18:00:00,Online
D0149,2023-10-14 14:00:00,Busy
D0149,2023-10-15 02:00:00,Online
D0149,2023-10-15 16:00:00,Online
D0149,2023-10-16 10:00:00,Idle
D0149,2023-10-17 08:00:00,Idle
D0149,2023-10-17 14:00:00,Offline
D0149,2023-10-17 16:00:00,Busy
D0149,2023-10-19 22:00:00,Offline
D0149,2023-10-23 04:00:00,Idle
D0149,2023-10-24 00:00:00,Online
D0149,2023-10-24 08:00:00,Idle
D0149,2023-10-24 18:00:00,Busy
D0149,2023-10-25 12:00:00,Online
D0149,2023-10-25 14:00:00,Busy
D0149,2023-10-27 06:00:00,Online
D0149,2023-10-29 12:00:00,Idle
D0149,2023-10-30 00:00:00,Idle
D0149,2023-10-30 12:00:00,Busy
D0150,2023-10-01 06:00:00,Busy
D0150,2023-10-02 02:00:00,Busy
D0150,2023-10-03 04:00:00,Busy
D0150,2023-10-03 08:00:00,Busy
D0150,2023-10-03 20:00:00,Busy
D0150,2023-10-04 04:00:00,Idle
D0150,2023-10-05 12:00:00,Offline
D0150,2023-10-05 20:00:00,Idle
D0150,2023-10-06 14:00:00,Online
D0150,2023-10-07 08:00:00,Online
D0150,2023-10-07 14:00:00,Online
D0150,2023-10-08 08:00:00,Online
D0150,2023-10-08 12:00:00,Busy
D0150,2023-10-09 20:00:00,Busy
D0150,2023-10-10 18:00:00,Idle
D0150,2023-10-11 06:00:00,Busy
D0150,2023-10-12 16:00:00,Online
D0150,2023-10-14 22:00:00,Offline
D0150,2023-10-15 12:00:00,Busy
D0150,2023-10-16 04:00:00,Busy
D0150,2023-10-20 02:00:00,Online
D0150,2023-10-20 08:00:00,Online
D0150,2023-10-21 18:00:00,Online
D0150,2023-10-22 16:00:00,Busy
D0150,2023-10-23 14:00:00,Idle
D0150,2023-10-25 10:00:00,Busy
D0150,2023-10-26 08:00:00,Busy
D0150,2023-10-26 10:00:00,Offline
D0150,2023-10-28 06:00:00,Offline
D0150,2023-10-30 10:00:00,Offline
D0151,2023-10-02 08:00:00,Offline
D0151,2023-10-03 16:00:00,Busy
D0151,2023-10-04 04:00:00,Busy
D0151,2023-10-07 18:00:00,Offline
D0151,2023-10-08 06:00:00,Online
D0151,2023-10-08 10:00:00,Busy
D0151,2023-10-09 08:00:00,Idle
D0151,2023-10-09 20:00:00,Online
D0151,2023-10-13 10:00:00,Busy
D0151,2023-10-13 16:00:00,Offline
D0151,2023-10-13 22:00:00,Offline
D0151,2023-10-14 06:00:00,Online
D0151,2023-10-14 20:00:00,Busy
D0151,2023-10-15 20:00:00,Idle
D0151,2023-10-16 02:00:00,Busy
D0151,2023-10-16 12:00:00,Offline
D0151,2023-10-17 22:00:00,Offline
D0151,2023-10-18 18:00:00,Online
D0151,2023-10-19 04:00:00,Busy
D0151,2023-10-19 06:00:00,Busy
D0151,2023-10-19 16:00:00,Online
D0151,2023-10-20 06:00:00,Online
D0151,2023-10-22 06:00:00,Offline
D0151,2023-10-22 16:00:00,Online
D0151,2023-10-24 04:00:00,Busy
D0151,2023-10-24 16:00:00,Online
D0151,2023-10-25 04:00:00,Offline
D0151,2023-10-25 16:00:00,Busy
D0151,2023-10-25 20:00:00,Busy
D0151,2023-10-26 12:00:00,Busy
D0152,2023-10-01 00:00:00,Busy
D0152,2023-10-01 06:00:00,Online
D0152,2023-10-02 04:00:00,Online
D0152,2023-10-02 08:00:00,Online
D0152,2023-10-02 22:00:00,Idle
D0152,2023-10-03 00:00:00,Idle
D0152,2023-10-05 08:00:00,Busy
D0152,2023-10-07 00:00:00,Online
D0152,2023-10-07 22:00:00,Idle
D0152,2023-10-08 18:00:00,Idle
D0152,2023-10-10 08:00:00,Online
D0152,2023-10-13 14:00:00,Idle
D0152,2023-10-13 18:00:00,Offline
D0152,2023-10-15 02:00:00,Offline
D0152,2023-10-16 04:00:00,Online
D0152,2023-10-16 20:00:00,Busy
D0152,2023-10-17 14:00:00,Online
D0152,2023-10-17 22:00:00,Offline
D0152,2023-10-18 08:00:00,Online
D0152,2023-10-18 18:00:00,Offline
D0152,2023-10-20 18:00:00,Busy
D0152,2023-10-22 12:00:00,Online
D0152,2023-10-22 14:00:00,Offline
D0152,2023-10-24 06:00:00,Busy
D0152,2023-10-27 08:00:00,Online
D0152,2023-10-27 18:00:00,Online
D0152,2023-10-27 20:00:00,Idle
D0152,2023-10-28 06:00:00,Offline
D0152,2023-10-30 08:00:00,Online
D0152,2023-10-30 12:00:00,Idle
D0153,2023-10-03 20:00:00,Idle
D0153,2023-10-06 16:00:00,Idle
D0153,2023-10-07 02:00:00,Online
D0153,2023-10-10 12:00:00,Online
D0153,2023-10-10 16:00:00,Online
D0153,2023-10-11 06:00:00,Idle
D0153,2023-10-13 12:00:00,Online
D0153,2023-10-14 08:00:00,Online
D0153,2023-10-15 02:00:00,Idle
D0153,2023-10-15 10:00:00,Idle
D0153,2023-10-15 18:00:00,Busy
D0153,2023-10-15 20:00:00,Idle
D0153,2023-10-19 10:00:00,Online
D0153,2023-10-22 08:00:00,Online
D0153,2023-10-24 06:00:00,Busy
D0153,2023-10-24 10:00:00,Online
D0153,2023-10-24 20:00:00,Busy
D0153,2023-10-25 08:00:00,Online
D0153,2023-10-26 04:00:00,Busy
D0153,2023-10-26 12:00:00,Idle
D0153,2023-10-26 14:00:00,Offline
D0153,2023-10-26 16:00:00,Online
D0153,2023-10-26 22:00:00,Idle
D0153,2023-10-27 04:00:00,Online
D0153,2023-10-27 18:00:00,Offline
D0153,2023-10-27 22:00:00,Online
D0153,2023-10-28 12:00:00,Idle
D0153,2023-10-28 14:00:00,Busy
D0153,2023-10-29 04:00:00,Online
D0153,2023-10-30 02:00:00,Idle
D0154,2023-10-01 16:00:00,Online
D0154,2023-10-02 04:00:00,Online
D0154,2023-10-03 14:00:00,Busy
D0154,2023-10-04 18:00:00,Busy
D0154,2023-10-07 22:00:00,Online
D0154,2023-10-08 04:00:00,Online
D0154,2023-10-08 22:00:00,Busy
D0154,2023-10-09 20:00:00,Online
D0154,2023-10-12 04:00:00,Offline
D0154,2023-10-12 10:00:00,Online
D0154,2023-10-12 14:00:00,Online
D0154,2023-10-13 08:00:00,Online
D0154,2023-10-13 12:00:00,Busy
D0154,2023-10-13 18:00:00,Busy
D0154,2023-10-14 16:00:00,Busy
D0154,2023-10-16 06:00:00,Online
D0154,2023-10-16 10:00:00,Idle
D0154,2023-10-16 14:00:00,Busy
D0154,2023-10-18 08:00:00,Idle
D0154,2023-10-21 22:00:00,Offline
D0154,2023-10-22 16:00:00,Idle
D0154,2023-10-22 22:00:00,Online
D0154,2023-10-23 04:00:00,Offline
D0154,2023-10-24 06:00:00,Busy
D0154,2023-10-26 14:00:00,Offline
D0154,2023-10-27 06:00:00,Busy
D0154,2023-10-27 18:00:00,Online
D0154,2023-10-28 16:00:00,Online
D0154,2023-10-29 16:00:00,Busy
D0154,2023-10-29 20:00:00,Online
D0155,2023-10-03 14:00:00,Offline
D0155,2023-10-05 16:00:00,Busy
D0155,2023-10-06 14:00:00,Busy
D0155,2023-10-06 18:00:00,Online
D0155,2023-10-07 18:00:00,Busy
D0155,2023-10-09 16:00:00,Online
D0155,2023-10-12 04:00:00,Busy
D0155,2023-10-14 08:00:00,Online
D0155,2023-10-16 08:00:00,Online
D0155,2023-10-16 12:00:00,Online
D0155,2023-10-16 22:00:00,Idle
D0155,2023-10-17 04:00:00,Idle
D0155,2023-10-17 12:00:00,Online
D0155,2023-10-18 10:00:00,Busy
D0155,2023-10-18 16:00:00,Offline
D0155,2023-10-20 18:00:00,Busy
D0155,2023-10-21 16:00:00,Busy
D0155,2023-10-23 22:00:00,Idle
D0155,2023-10-24 02:00:00,Busy
D0155,2023-10-24 16:00:00,Online
D0155,2023-10-25 00:00:00,Idle
D0155,2023-10-25 20:00:00,Online
D0155,2023-10-26 02:00:00,Online
D0155,2023-10-26 12:00:00,Online
D0155,2023-10-26 14:00:00,Online
D0155,2023-10-27 10:00:00,Online
D0155,2023-10-29 00:00:00,Busy
D0155,2023-10-29 14:00:00,Busy
D0155,2023-10-29 16:00:00,Online
D0155,2023-10-30 12:00:00,Busy
D0156,2023-10-01 02:00:00,Online
D0156,2023-10-04 14:00:00,Online
D0156,2023-10-04 16:00:00,Online
D0156,2023-10-04 18:00:00,Busy
D0156,2023-10-05 18:00:00,Busy
D0156,2023-10-06 02:00:00,Idle
D0156,2023-10-07 18:00:00,Offline
D0156,2023-10-09 14:00:00,Idle
D0156,2023-10-09 20:00:00,Online
D0156,2023-10-10 20:00:00,Busy
D0156,2023-10-10 22:00:00,Idle
D0156,2023-10-11 08:00:00,Busy
D0156,2023-10-12 10:00:00,Online
D0156,2023-10-14 20:00:00,Busy
D0156,2023-10-21 04:00:00,Idle
D0156,2023-10-22 04:00:00,Busy
D0156,2023-10-22 20:00:00,Online
D0156,2023-10-23 00:00:00,Busy
D0156,2023-10-23 12:00:00,Online
D0156,2023-10-24 00:00:00,Idle
D0156,2023-10-24 22:00:00,Online
D0156,2023-10-26 06:00:00,Idle
D0156,2023-10-27 00:00:00,Idle
D0156,2023-10-27 20:00:00,Offline
D0156,2023-10-29 06:00:00,Online
D0156,2023-10-29 12:00:00,Online
D0156,2023-10-30 00:00:00,Online
D0156,2023-10-30 08:00:00,Online
D0156,2023-10-30 12:00:00,Idle
D0156,2023-10-30 14:00:00,Online
D0157,2023-10-01 14:00:00,Online
D0157,2023-10-01 16:00:00,Online
D0157,2023-10-02 10:00:00,Idle
D0157,2023-10-05 02:00:00,Idle
D0157,2023-10-05 04:00:00,Offline
D0157,2023-10-05 18:00:00,Online
D0157,2023-10-06 16:00:00,Busy
D0157,2023-10-07 00:00:00,Online
D0157,2023-10-08 00:00:00,Busy
D0157,2023-10-08 22:00:00,Idle
D0157,2023-10-11 20:00:00,Online
D0157,2023-10-12 16:00:00,Online
D0157,2023-10-13 08:00:00,Offline
D0157,2023-10-13 12:00:00,Offline
D0157,2023-10-14 12:00:00,Idle
D0157,2023-10-15 12:00:00,Idle
D0157,2023-10-16 00:00:00,Busy
D0157,2023-10-18 16:00:00,Online
D0157,2023-10-21 06:00:00,Idle
D0157,2023-10-21 22:00:00,Busy
D0157,2023-10-22 06:00:00,Busy
D0157,2023-10-22 18:00:00,Online
D0157,2023-10-22 22:00:00,Offline
D0157,2023-10-24 22:00:00,Busy
D0157,2023-10-26 00:00:00,Online
D0157,2023-10-26 04:00:00,Busy
D0157,2023-10-26 18:00:00,Idle
D0157,2023-10-27 12:00:00,Online
D0157,2023-10-27 22:00:00,Busy
D0157,2023-10-29 12:00:00,Online
D0158,2023-10-01 08:00:00,Busy
D0158,2023-10-01 10:00:00,Idle
D0158,2023-10-02 20:00:00,Busy
D0158,2023-10-03 06:00:00,Idle
D0158,2023-10-04 10:00:00,Online
D0158,2023-10-04 22:00:00,Online
D0158,2023-10-05 12:00:00,Busy
D0158,2023-10-06 14:00:00,Online
D0158,2023-10-06 20:00:00,Idle
D0158,2023-10-07 14:00:00,Offline
D0158,2023-10-08 00:00:00,Online
D0158,2023-10-08 10:00:00,Busy
D0158,2023-10-12 10:00:00,Online
D0158,2023-10-13 06:00:00,Online
D0158,2023-10-16 16:00:00,Online
D0158,2023-10-17 02:00:00,Busy
D0158,2023-10-17 10:00:00,Busy
D0158,2023-10-18 04:00:00,Idle
D0158,2023-10-18 18:00:00,Offline
D0158,2023-10-18 20:00:00,Idle
D0158,2023-10-20 06:00:00,Online
D0158,2023-10-20 12:00:00,Busy
D0158,2023-10-21 18:00:00,Idle
D0158,2023-10-22 22:00:00,Online
D0158,2023-10-24 14:00:00,Idle
D0158,2023-10-27 02:00:00,Online
D0158,2023-10-27 06:00:00,Offline
D0158,2023-10-28 00:00:00,Offline
D0158,2023-10-29 00:00:00,Online
D0158,2023-10-30 08:00:00,Online
D0159,2023-10-01 00:00:00,Offline
D0159,2023-10-03 08:00:00,Online
D0159,2023-10-05 06:00:00,Online
D0159,2023-10-05 14:00:00,Idle
D0159,2023-10-06 08:00:00,Busy
D0159,2023-10-07 00:00:00,Online
D0159,2023-10-07 06:00:00,Online
D0159,2023-10-10 20:00:00,Online
D0159,2023-10-11 16:00:00,Online
D0159,2023-10-11 22:00:00,Online
D0159,2023-10-12 04:00:00,Idle
D0159,2023-10-12 20:00:00,Busy
D0159,2023-10-13 06:00:00,Busy
D0159,2023-10-13 12:00:00,Idle
D0159,2023-10-14 00:00:00,Busy
D0159,2023-10-14 20:00:00,Busy
D0159,2023-10-16 00:00:00,Offline
D0159,2023-10-16 08:00:00,Offline
D0159,2023-10-17 08:00:00,Busy
D0159,2023-10-18 12:00:00,Offline
D0159,2023-10-19 16:00:00,Online
D0159,2023-10-20 02:00:00,Offline
D0159,2023-10-20 20:00:00,Busy
D0159,2023-10-21 20:00:00,Busy
D0159,2023-10-25 06:00:00,Online
D0159,2023-10-25 20:00:00,Online
D0159,2023-10-26 00:00:00,Busy
D0159,2023-10-26 08:00:00,Online
D0159,2023-10-29 02:00:00,Busy
D0159,2023-10-29 22:00:00,Busy
D0160,2023-10-01 00:00:00,Online
D0160,2023-10-05 04:00:00,Online
D0160,2023-10-05 22:00:00,Offline
D0160,2023-10-06 04:00:00,Busy
D0160,2023-10-06 14:00:00,Online
D0160,2023-10-07 10:00:00,Busy
D0160,2023-10-07 22:00:00,Offline
D0160,2023-10-08 00:00:00,Busy
D0160,2023-10-08 22:00:00,Online
D0160,2023-10-09 16:00:00,Idle
D0160,2023-10-09 22:00:00,Online
D0160,2023-10-10 02:00:00,Idle
D0160,2023-10-10 08:00:00,Offline
D0160,2023-10-11 16:00:00,Online
D0160,2023-10-11 22:00:00,Online
D0160,2023-10-12 02:00:00,Offline
D0160,2023-10-12 16:00:00,Busy
D0160,2023-10-13 06:00:00,Idle
D0160,2023-10-14 12:00:00,Busy
D0160,2023-10-15 12:00:00,Busy
D0160,2023-10-16 10:00:00,Busy
D0160,2023-10-19 18:00:00,Online
D0160,2023-10-21 06:00:00,Busy
D0160,2023-10-21 14:00:00,Online
D0160,2023-10-21 16:00:00,Online
D0160,2023-10-21 18:00:00,Online
D0160,2023-10-22 06:00:00,Busy
D0160,2023-10-23 10:00:00,Offline
D0160,2023-10-27 06:00:00,Busy
D0160,2023-10-29 20:00:00,Busy
D0161,2023-10-03 14:00:00,Idle
D0161,2023-10-04 16:00:00,Idle
D0161,2023-10-04 22:00:00,Online
D0161,2023-10-05 06:00:00,Online
D0161,2023-10-06 02:00:00,Busy
D0161,2023-10-06 04:00:00,Busy
D0161,2023-10-07 18:00:00,Online
D0161,2023-10-08 14:00:00,Idle
D0161,2023-10-08 16:00:00,Busy
D0161,2023-10-10 14:00:00,Idle
D0161,2023-10-12 12:00:00,Offline
D0161,2023-10-12 22:00:00,Online
D0161,2023-10-15 18:00:00,Idle
D0161,2023-10-16 18:00:00,Online
D0161,2023-10-18 16:00:00,Online
D0161,2023-10-22 04:00:00,Idle
D0161,2023-10-22 14:00:00,Idle
D0161,2023-10-23 00:00:00,Idle
D0161,2023-10-23 06:00:00,Busy
D0161,2023-10-23 12:00:00,Busy
D0161,2023-10-24 06:00:00,Online
D0161,2023-10-24 18:00:00,Idle
D0161,2023-10-24 22:00:00,Offline
D0161,2023-10-25 00:00:00,Idle
D0161,2023-10-25 16:00:00,Online
D0161,2023-10-26 16:00:00,Online
D0161,2023-10-26 18:00:00,Online
D0161,2023-10-27 10:00:00,Online
D0161,2023-10-29 12:00:00,Busy
D0161,2023-10-30 08:00:00,Idle
D0162,2023-10-01 02:00:00,Offline
D0162,2023-10-02 00:00:00,Online
D0162,2023-10-02 04:00:00,Online
D0162,2023-10-02 08:00:00,Offline
D0162,2023-10-04 10:00:00,Online
D0162,2023-10-05 18:00:00,Busy
D0162,2023-10-06 16:00:00,Idle
D0162,2023-10-08 06:00:00,Offline
D0162,2023-10-09 04:00:00,Busy
D0162,2023-10-10 10:00:00,Busy
D0162,2023-10-10 14:00:00,Online
D0162,2023-10-10 16:00:00,Online
D0162,2023-10-11 04:00:00,Offline
D0162,2023-10-11 20:00:00,Busy
D0162,2023-10-13 12:00:00,Busy
D0162,2023-10-14 00:00:00,Idle
D0162,2023-10-17 00:00:00,Online
D0162,2023-10-20 14:00:00,Idle
D0162,2023-10-21 10:00:00,Offline
D0162,2023-10-22 04:00:00,Online
D0162,2023-10-22 10:00:00,Busy
D0162,2023-10-23 00:00:00,Online
D0162,2023-10-25 10:00:00,Online
D0162,2023-10-27 02:00:00,Busy
D0162,2023-10-28 12:00:00,Busy
D0162,2023-10-28 14:00:00,Idle
D0162,2023-10-28 22:00:00,Busy
D0162,2023-10-29 00:00:00,Idle
D0162,2023-10-29 08:00:00,Busy
D0162,2023-10-30 00:00:00,Online
D0163,2023-10-01 20:00:00,Idle
D0163,2023-10-03 00:00:00,Busy
D0163,2023-10-03 04:00:00,Online
D0163,2023-10-03 08:00:00,Online
D0163,2023-10-03 12:00:00,Online
D0163,2023-10-05 02:00:00,Offline
D0163,2023-10-05 12:00:00,Idle
D0163,2023-10-05 22:00:00,Online
D0163,2023-10-06 08:00:00,Offline
D0163,2023-10-06 20:00:00,Online
D0163,2023-10-07 02:00:00,Idle
D0163,2023-10-10 10:00:00,Offline
D0163,2023-10-12 18:00:00,Offline
D0163,2023-10-13 14:00:00,Online
D0163,2023-10-15 10:00:00,Online
D0163,2023-10-16 04:00:00,Idle
D0163,2023-10-16 06:00:00,Offline
D0163,2023-10-16 20:00:00,Idle
D0163,2023-10-17 14:00:00,Online
D0163,2023-10-18 06:00:00,Idle
D0163,2023-10-19 04:00:00,Online
D0163,2023-10-19 16:00:00,Offline
D0163,2023-10-20 18:00:00,Busy
D0163,2023-10-20 20:00:00,Offline
D0163,2023-10-22 00:00:00,Online
D0163,2023-10-22 14:00:00,Online
D0163,2023-10-23 18:00:00,Online
D0163,2023-10-25 02:00:00,Online
D0163,2023-10-25 14:00:00,Idle
D0163,2023-10-29 08:00:00,Busy
D0164,2023-10-02 00:00:00,Busy
D0164,2023-10-02 08:00:00,Offline
D0164,2023-10-02 12:00:00,Online
D0164,2023-10-03 04:00:00,Online
D0164,2023-10-04 16:00:00,Online
D0164,2023-10-04 22:00:00,Offline
D0164,2023-10-05 18:00:00,Busy
D0164,2023-10-06 16:00:00,Offline
D0164,2023-10-06 22:00:00,Idle
D0164,2023-10-07 12:00:00,Idle
D0164,2023-10-08 10:00:00,Busy
D0164,2023-10-09 04:00:00,Online
D0164,2023-10-09 06:00:00,Online
D0164,2023-10-09 18:00:00,Busy
D0164,2023-10-10 22:00:00,Online
D0164,2023-10-13 12:00:00,Busy
D0164,2023-10-15 02:00:00,Busy
D0164,2023-10-16 10:00:00,Idle
D0164,2023-10-17 04:00:00,Online
D0164,2023-10-17 08:00:00,Online
D0164,2023-10-18 08:00:00,Busy
D0164,2023-10-19 18:00:00,Idle
D0164,2023-10-20 08:00:00,Offline
D0164,2023-10-21 04:00:00,Online
D0164,2023-10-23 04:00:00,Idle
D0164,2023-10-24 18:00:00,Online
D0164,2023-10-26 10:00:00,Online
D0164,2023-10-29 06:00:00,Offline
D0164,2023-10-29 16:00:00,Busy
D0164,2023-10-29 20:00:00,Busy
D0165,2023-10-01 12:00:00,Busy
D0165,2023-10-02 20:00:00,Online
D0165,2023-10-04 02:00:00,Online
D0165,2023-10-06 08:00:00,Busy
D0165,2023-10-07 02:00:00,Busy
D0165,2023-10-07 06:00:00,Offline
D0165,2023-10-08 02:00:00,Idle
D0165,2023-10-08 06:00:00,Busy
D0165,2023-10-12 02:00:00,Idle
D0165,2023-10-12 20:00:00,Online
D0165,2023-10-13 06:00:00,Offline
D0165,2023-10-13 12:00:00,Idle
D0165,2023-10-13 22:00:00,Busy
D0165,2023-10-15 06:00:00,Offline
D0165,2023-10-16 04:00:00,Online
D0165,2023-10-16 08:00:00,Online
D0165,2023-10-16 14:00:00,Online
D0165,2023-10-17 08:00:00,Online
D0165,2023-10-17 14:00:00,Idle
D0165,2023-10-18 10:00:00,Online
D0165,2023-10-19 04:00:00,Offline
D0165,2023-10-19 18:00:00,Busy
D0165,2023-10-21 12:00:00,Online
D0165,2023-10-22 00:00:00,Online
D0165,2023-10-26 02:00:00,Idle
D0165,2023-10-26 10:00:00,Busy
D0165,2023-10-26 18:00:00,Offline
D0165,2023-10-28 10:00:00,Online
D0165,2023-10-30 12:00:00,Idle
D0165,2023-10-30 18:00:00,Online
D0166,2023-10-01 22:00:00,Busy
D0166,2023-10-02 02:00:00,Busy
D0166,2023-10-03 14:00:00,Busy
D0166,2023-10-04 22:00:00,Idle
D0166,2023-10-10 02:00:00,Idle
D0166,2023-10-10 12:00:00,Online
D0166,2023-10-11 06:00:00,Online
D0166,2023-10-12 02:00:00,Online
D0166,2023-10-12 04:00:00,Online
D0166,2023-10-14 16:00:00,Busy
D0166,2023-10-15 10:00:00,Offline
D0166,2023-10-15 18:00:00,Idle
D0166,2023-10-16 00:00:00,Idle
D0166,2023-10-16 18:00:00,Online
D0166,2023-10-18 16:00:00,Busy
D0166,2023-10-19 04:00:00,Idle
D0166,2023-10-20 02:00:00,Online
D0166,2023-10-20 20:00:00,Busy
D0166,2023-10-22 10:00:00,Busy
D0166,2023-10-22 20:00:00,Busy
D0166,2023-10-23 08:00:00,Idle
D0166,2023-10-23 10:00:00,Online
D0166,2023-10-23 14:00:00,Idle
D0166,2023-10-24 08:00:00,Offline
D0166,2023-10-24 22:00:00,Busy
D0166,2023-10-27 00:00:00,Offline
D0166,2023-10-28 00:00:00,Offline
D0166,2023-10-28 06:00:00,Offline
D0166,2023-10-28 12:00:00,Busy
D0166,2023-10-29 20:00:00,Online
D0167,2023-10-01 04:00:00,Online
D0167,2023-10-03 10:00:00,Online
D0167,2023-10-04 00:00:00,Online
D0167,2023-10-05 12:00:00,Offline
D0167,2023-10-05 14:00:00,Online
D0167,2023-10-07 18:00:00,Online
D0167,2023-10-10 10:00:00,Online
D0167,2023-10-10 22:00:00,Idle
D0167,2023-10-12 02:00:00,Offline
D0167,2023-10-13 02:00:00,Busy
D0167,2023-10-14 12:00:00,Busy
D0167,2023-10-15 04:00:00,Busy
D0167,2023-10-16 22:00:00,Online
D0167,2023-10-18 04:00:00,Idle
D0167,2023-10-18 14:00:00,Busy
D0167,2023-10-19 16:00:00,Busy
D0167,2023-10-21 12:00:00,Busy
D0167,2023-10-22 18:00:00,Busy
D0167,2023-10-23 06:00:00,Idle
D0167,2023-10-23 14:00:00,Online
D0167,2023-10-24 04:00:00,Idle
D0167,2023-10-25 00:00:00,Busy
D0167,2023-10-26 06:00:00,Online
D0167,2023-10-26 08:00:00,Busy
D0167,2023-10-26 16:00:00,Online
D0167,2023-10-27 06:00:00,Online
D0167,2023-10-28 08:00:00,Busy
D0167,2023-10-28 12:00:00,Idle
D0167,2023-10-29 18:00:00,Online
D0167,2023-10-29 22:00:00,Offline
D0168,2023-10-01 14:00:00,Online
D0168,2023-10-02 04:00:00,Online
D0168,2023-10-02 10:00:00,Idle
D0168,2023-10-02 16:00:00,Busy
D0168,2023-10-03 10:00:00,Busy
D0168,2023-10-04 00:00:00,Busy
D0168,2023-10-04 06:00:00,Idle
D0168,2023-10-04 20:00:00,Busy
D0168,2023-10-07 12:00:00,Offline
D0168,2023-10-07 16:00:00,Online
D0168,2023-10-09 02:00:00,Busy
D0168,2023-10-10 00:00:00,Busy
D0168,2023-10-10 10:00:00,Online
D0168,2023-10-11 14:00:00,Online
D0168,2023-10-12 08:00:00,Online
D0168,2023-10-13 06:00:00,Online
D0168,2023-10-14 22:00:00,Offline
D0168,2023-10-17 12:00:00,Online
D0168,2023-10-19 04:00:00,Online
D0168,2023-10-20 10:00:00,Busy
D0168,2023-10-20 14:00:00,Busy
D0168,2023-10-21 16:00:00,Idle
D0168,2023-10-22 00:00:00,Busy
D0168,2023-10-23 08:00:00,Online
D0168,2023-10-23 14:00:00,Online
D0168,2023-10-25 00:00:00,Idle
D0168,2023-10-25 04:00:00,Online
D0168,2023-10-26 04:00:00,Busy
D0168,2023-10-27 08:00:00,Online
D0168,2023-10-29 00:00:00,Busy
D0169,2023-10-01 02:00:00,Online
D0169,2023-10-01 06:00:00,Idle
D0169,2023-10-01 08:00:00,Online
D0169,2023-10-01 20:00:00,Offline
D0169,2023-10-02 16:00:00,Idle
D0169,2023-10-02 18:00:00,Idle
D0169,2023-10-03 14:00:00,Offline
D0169,2023-10-04 00:00:00,Offline
D0169,2023-10-05 00:00:00,Idle
D0169,2023-10-05 06:00:00,Busy
D0169,2023-10-05 22:00:00,Idle
D0169,2023-10-06 14:00:00,Idle
D0169,2023-10-06 22:00:00,Online
D0169,2023-10-07 08:00:00,Idle
D0169,2023-10-08 04:00:00,Offline
D0169,2023-10-10 06:00:00,Busy
D0169,2023-10-11 08:00:00,Busy
D0169,2023-10-15 10:00:00,Busy
D0169,2023-10-17 02:00:00,Online
D0169,2023-10-17 06:00:00,Idle
D0169,2023-10-17 20:00:00,Online
D0169,2023-10-17 22:00:00,Busy
D0169,2023-10-20 08:00:00,Online
D0169,2023-10-22 06:00:00,Idle
D0169,2023-10-23 10:00:00,Offline
D0169,2023-10-24 04:00:00,Offline
D0169,2023-10-24 20:00:00,Online
D0169,2023-10-27 04:00:00,Online
D0169,2023-10-30 08:00:00,Online
D0169,2023-10-30 22:00:00,Online
D0170,2023-10-01 20:00:00,Idle
D0170,2023-10-02 12:00:00,Idle
D0170,2023-10-03 16:00:00,Offline
D0170,2023-10-04 12:00:00,Idle
D0170,2023-10-05 14:00:00,Online
D0170,2023-10-05 18:00:00,Busy
D0170,2023-10-06 04:00:00,Online
D0170,2023-10-06 18:00:00,Busy
D0170,2023-10-07 04:00:00,Online
D0170,2023-10-07 14:00:00,Idle
D0170,2023-10-07 16:00:00,Online
D0170,2023-10-11 18:00:00,Offline
D0170,2023-10-11 22:00:00,Online
D0170,2023-10-12 18:00:00,Online
D0170,2023-10-13 20:00:00,Online
D0170,2023-10-14 10:00:00,Idle
D0170,2023-10-14 22:00:00,Busy
D0170,2023-10-15 00:00:00,Online
D0170,2023-10-17 06:00:00,Busy
D0170,2023-10-17 10:00:00,Online
D0170,2023-10-17 14:00:00,Idle
D0170,2023-10-19 10:00:00,Busy
D0170,2023-10-20 00:00:00,Online
D0170,2023-10-21 16:00:00,Busy
D0170,2023-10-22 14:00:00,Offline
D0170,2023-10-23 02:00:00,Idle
D0170,2023-10-25 04:00:00,Offline
D0170,2023-10-26 04:00:00,Online
D0170,2023-10-26 08:00:00,Online
D0170,2023-10-27 22:00:00,Busy
D0171,2023-10-01 10:00:00,Online
D0171,2023-10-01 14:00:00,Idle
D0171,2023-10-02 20:00:00,Offline
D0171,2023-10-03 14:00:00,Busy
D0171,2023-10-05 12:00:00,Offline
D0171,2023-10-06 12:00:00,Idle
D0171,2023-10-08 02:00:00,Busy
D0171,2023-10-08 14:00:00,Busy
D0171,2023-10-09 06:00:00,Online
D0171,2023-10-09 18:00:00,Online
D0171,2023-10-11 00:00:00,Idle
D0171,2023-10-12 22:00:00,Busy
D0171,2023-10-13 18:00:00,Busy
D0171,2023-10-14 02:00:00,Idle
D0171,2023-10-18 16:00:00,Idle
D0171,2023-10-19 02:00:00,Busy
D0171,2023-10-19 10:00:00,Offline
D0171,2023-10-20 04:00:00,Busy
D0171,2023-10-20 16:00:00,Online
D0171,2023-10-21 20:00:00,Idle
D0171,2023-10-22 06:00:00,Online
D0171,2023-10-22 18:00:00,Busy
D0171,2023-10-23 02:00:00,Idle
D0171,2023-10-23 08:00:00,Busy
D0171,2023-10-24 14:00:00,Offline
D0171,2023-10-27 02:00:00,Offline
D0171,2023-10-27 04:00:00,Offline
D0171,2023-10-27 06:00:00,Busy
D0171,2023-10-28 04:00:00,Idle
D0171,2023-10-30 10:00:00,Idle
D0172,2023-10-05 16:00:00,Online
D0172,2023-10-06 00:00:00,Busy
D0172,2023-10-07 04:00:00,Online
D0172,2023-10-08 02:00:00,Busy
D0172,2023-10-08 08:00:00,Idle
D0172,2023-10-08 10:00:00,Offline
D0172,2023-10-09 10:00:00,Idle
D0172,2023-10-10 00:00:00,Online
D0172,2023-10-10 04:00:00,Online
D0172,2023-10-11 10:00:00,Online
D0172,2023-10-11 20:00:00,Offline
D0172,2023-10-11 22:00:00,Online
D0172,2023-10-14 16:00:00,Online
D0172,2023-10-15 16:00:00,Busy
D0172,2023-10-17 02:00:00,Idle
D0172,2023-10-18 08:00:00,Online
D0172,2023-10-19 04:00:00,Busy
D0172,2023-10-20 04:00:00,Idle
D0172,2023-10-20 16:00:00,Offline
D0172,2023-10-20 18:00:00,Busy
D0172,2023-10-20 20:00:00,Busy
D0172,2023-10-20 22:00:00,Offline
D0172,2023-10-22 10:00:00,Busy
D0172,2023-10-23 04:00:00,Busy
D0172,2023-10-23 18:00:00,Offline
D0172,2023-10-25 18:00:00,Online
D0172,2023-10-27 22:00:00,Offline
D0172,2023-10-28 00:00:00,Online
D0172,2023-10-28 02:00:00,Offline
D0172,2023-10-30 08:00:00,Idle
D0173,2023-10-01 00:00:00,Busy
D0173,2023-10-01 04:00:00,Online
D0173,2023-10-05 18:00:00,Busy
D0173,2023-10-06 14:00:00,Offline
D0173,2023-10-07 08:00:00,Idle
D0173,2023-10-07 20:00:00,Busy
D0173,2023-10-09 14:00:00,Online
D0173,2023-10-10 06:00:00,Offline
D0173,2023-10-10 10:00:00,Offline
D0173,2023-10-10 22:00:00,Online
D0173,2023-10-13 22:00:00,Online
D0173,2023-10-15 20:00:00,Idle
D0173,2023-10-16 12:00:00,Busy
D0173,2023-10-16 16:00:00,Busy
D0173,2023-10-17 12:00:00,Idle
D0173,2023-10-18 16:00:00,Online
D0173,2023-10-18 18:00:00,Busy
D0173,2023-10-20 20:00:00,Busy
D0173,2023-10-21 14:00:00,Online
D0173,2023-10-22 22:00:00,Online
D0173,2023-10-23 08:00:00,Busy
D0173,2023-10-24 08:00:00,Busy
D0173,2023-10-26 12:00:00,Idle
D0173,2023-10-26 18:00:00,Busy
D0173,2023-10-27 04:00:00,Online
D0173,2023-10-28 00:00:00,Idle
D0173,2023-10-28 02:00:00,Busy
D0173,2023-10-29 08:00:00,Offline
D0173,2023-10-29 14:00:00,Busy
D0173,2023-10-30 20:00:00,Busy
D0174,2023-10-01 14:00:00,Busy
D0174,2023-10-01 22:00:00,Online
D0174,2023-10-02 06:00:00,Busy
D0174,2023-10-02 12:00:00,Busy
D0174,2023-10-02 14:00:00,Busy
D0174,2023-10-03 14:00:00,Idle
D0174,2023-10-03 16:00:00,Busy
D0174,2023-10-04 22:00:00,Busy
D0174,2023-10-06 02:00:00,Online
D0174,2023-10-06 20:00:00,Online
D0174,2023-10-06 22:00:00,Busy
D0174,2023-10-10 10:00:00,Busy
D0174,2023-10-10 14:00:00,Idle
D0174,2023-10-12 06:00:00,Idle
D0174,2023-10-13 12:00:00,Online
D0174,2023-10-15 06:00:00,Online
D0174,2023-10-16 16:00:00,Online
D0174,2023-10-16 18:00:00,Online
D0174,2023-10-17 00:00:00,Online
D0174,2023-10-17 22:00:00,Offline
D0174,2023-10-19 16:00:00,Busy
D0174,2023-10-20 14:00:00,Offline
D0174,2023-10-21 18:00:00,Offline
D0174,2023-10-24 18:00:00,Offline
D0174,2023-10-25 16:00:00,Online
D0174,2023-10-26 18:00:00,Online
D0174,2023-10-26 20:00:00,Offline
D0174,2023-10-28 10:00:00,Online
D0174,2023-10-28 22:00:00,Idle
D0174,2023-10-29 20:00:00,Online
D0175,2023-10-02 06:00:00,Busy
D0175,2023-10-03 04:00:00,Busy
D0175,2023-10-03 16:00:00,Busy
D0175,2023-10-05 18:00:00,Online
D0175,2023-10-06 16:00:00,Idle
D0175,2023-10-09 10:00:00,Offline
D0175,2023-10-09 14:00:00,Busy
D0175,2023-10-10 10:00:00,Idle
D0175,2023-10-11 12:00:00,Idle
D0175,2023-10-11 22:00:00,Online
D0175,2023-10-12 00:00:00,Busy
D0175,2023-10-13 00:00:00,Offline
D0175,2023-10-13 02:00:00,Busy
D0175,2023-10-13 18:00:00,Busy
D0175,2023-10-14 06:00:00,Online
D0175,2023-10-14 08:00:00,Offline
D0175,2023-10-16 04:00:00,Online
D0175,2023-10-17 00:00:00,Online
D0175,2023-10-17 06:00:00,Online
D0175,2023-10-18 14:00:00,Idle
D0175,2023-10-21 04:00:00,Offline
D0175,2023-10-22 04:00:00,Online
D0175,2023-10-22 14:00:00,Online
D0175,2023-10-23 16:00:00,Online
D0175,2023-10-24 00:00:00,Busy
D0175,2023-10-26 06:00:00,Busy
D0175,2023-10-26 08:00:00,Online
D0175,2023-10-29 00:00:00,Idle
D0175,2023-10-29 14:00:00,Idle
D0175,2023-10-30 10:00:00,Busy
D0176,2023-10-01 08:00:00,Online
D0176,2023-10-02 08:00:00,Busy
D0176,2023-10-06 10:00:00,Busy
D0176,2023-10-08 12:00:00,Online
D0176,2023-10-09 08:00:00,Idle
D0176,2023-10-09 20:00:00,Busy
D0176,2023-10-10 04:00:00,Idle
D0176,2023-10-11 02:00:00,Online
D0176,2023-10-11 06:00:00,Idle
D0176,2023-10-12 22:00:00,Online
D0176,2023-10-14 16:00:00,Busy
D0176,2023-10-15 06:00:00,Idle
D0176,2023-10-15 10:00:00,Busy
D0176,2023-10-15 18:00:00,Online
D0176,2023-10-15 22:00:00,Online
D0176,2023-10-16 20:00:00,Online
D0176,2023-10-17 04:00:00,Idle
D0176,2023-10-17 08:00:00,Online
D0176,2023-10-19 08:00:00,Busy
D0176,2023-10-19 18:00:00,Busy
D0176,2023-10-24 06:00:00,Idle
D0176,2023-10-25 02:00:00,Busy
D0176,2023-10-25 04:00:00,Online
D0176,2023-10-26 08:00:00,Online
D0176,2023-10-27 10:00:00,Online
D0176,2023-10-27 18:00:00,Busy
D0176,2023-10-28 16:00:00,Online
D0176,2023-10-28 22:00:00,Online
D0176,2023-10-29 02:00:00,Online
D0176,2023-10-29 14:00:00,Busy
D0177,2023-10-03 08:00:00,Busy
D0177,2023-10-03 22:00:00,Idle
D0177,2023-10-04 12:00:00,Online
D0177,2023-10-07 18:00:00,Idle
D0177,2023-10-08 10:00:00,Offline
D0177,2023-10-10 02:00:00,Busy
D0177,2023-10-10 04:00:00,Idle
D0177,2023-10-10 08:00:00,Online
D0177,2023-10-10 20:00:00,Busy
D0177,2023-10-12 20:00:00,Online
D0177,2023-10-14 06:00:00,Busy
D0177,2023-10-14 18:00:00,Idle
D0177,2023-10-15 02:00:00,Idle
D0177,2023-10-15 20:00:00,Idle
D0177,2023-10-15 22:00:00,Busy
D0177,2023-10-19 10:00:00,Online
D0177,2023-10-20 12:00:00,Idle
D0177,2023-10-21 06:00:00,Busy
D0177,2023-10-21 14:00:00,Online
D0177,2023-10-22 02:00:00,Online
D0177,2023-10-22 20:00:00,Idle
D0177,2023-10-23 22:00:00,Idle
D0177,2023-10-24 08:00:00,Online
D0177,2023-10-24 14:00:00,Busy
D0177,2023-10-25 22:00:00,Offline
D0177,2023-10-26 22:00:00,Idle
D0177,2023-10-29 12:00:00,Busy
D0177,2023-10-30 00:00:00,Idle
D0177,2023-10-30 04:00:00,Busy
D0177,2023-10-30 16:00:00,Busy
D0178,2023-10-02 04:00:00,Online
D0178,2023-10-04 08:00:00,Online
D0178,2023-10-04 12:00:00,Idle
D0178,2023-10-04 16:00:00,Idle
D0178,2023-10-05 04:00:00,Online
D0178,2023-10-06 08:00:00,Online
D0178,2023-10-06 10:00:00,Offline
D0178,2023-10-08 06:00:00,Online
D0178,2023-10-09 18:00:00,Online
D0178,2023-10-11 02:00:00,Busy
D0178,2023-10-12 16:00:00,Online
D0178,2023-10-13 04:00:00,Online
D0178,2023-10-13 10:00:00,Online
D0178,2023-10-14 06:00:00,Busy
D0178,2023-10-14 08:00:00,Online
D0178,2023-10-14 12:00:00,Idle
D0178,2023-10-14 14:00:00,Busy
D0178,2023-10-15 00:00:00,Online
D0178,2023-10-17 06:00:00,Offline
D0178,2023-10-17 12:00:00,Idle
D0178,2023-10-17 20:00:00,Idle
D0178,2023-10-18 22:00:00,Online
D0178,2023-10-23 02:00:00,Busy
D0178,2023-10-24 02:00:00,Offline
D0178,2023-10-24 06:00:00,Online
D0178,2023-10-25 02:00:00,Idle
D0178,2023-10-25 08:00:00,Busy
D0178,2023-10-28 04:00:00,Idle
D0178,2023-10-28 08:00:00,Offline
D0178,2023-10-30 04:00:00,Online
D0179,2023-10-01 04:00:00,Online
D0179,2023-10-02 06:00:00,Busy
D0179,2023-10-05 02:00:00,Busy
D0179,2023-10-05 06:00:00,Idle
D0179,2023-10-06 04:00:00,Idle
D0179,2023-10-08 10:00:00,Busy
D0179,2023-10-09 08:00:00,Online
D0179,2023-10-09 10:00:00,Offline
D0179,2023-10-09 12:00:00,Online
D0179,2023-10-09 22:00:00,Offline
D0179,2023-10-10 10:00:00,Online
D0179,2023-10-11 08:00:00,Busy
D0179,2023-10-11 10:00:00,Offline
D0179,2023-10-13 08:00:00,Busy
D0179,2023-10-13 10:00:00,Online
D0179,2023-10-13 12:00:00,Busy
D0179,2023-10-15 08:00:00,Busy
D0179,2023-10-15 18:00:00,Busy
D0179,2023-10-16 14:00:00,Busy
D0179,2023-10-18 02:00:00,Busy
D0179,2023-10-18 22:00:00,Online
D0179,2023-10-19 10:00:00,Online
D0179,2023-10-20 04:00:00,Online
D0179,2023-10-20 18:00:00,Busy
D0179,2023-10-21 00:00:00,Busy
D0179,2023-10-21 20:00:00,Online
D0179,2023-10-22 08:00:00,Idle
D0179,2023-10-28 12:00:00,Online
D0179,2023-10-28 14:00:00,Busy
D0179,2023-10-29 18:00:00,Offline
D0180,2023-10-01 04:00:00,Online
D0180,2023-10-01 06:00:00,Busy
D0180,2023-10-01 14:00:00,Online
D0180,2023-10-03 02:00:00,Busy
D0180,2023-10-03 16:00:00,Busy
D0180,2023-10-03 20:00:00,Busy
D0180,2023-10-05 12:00:00,Busy
D0180,2023-10-07 14:00:00,Idle
D0180,2023-10-08 16:00:00,Busy
D0180,2023-10-09 08:00:00,Busy
D0180,2023-10-09 22:00:00,Busy
D0180,2023-10-12 00:00:00,Busy
D0180,2023-10-12 02:00:00,Busy
D0180,2023-10-12 12:00:00,Busy
D0180,2023-10-12 14:00:00,Online
D0180,2023-10-13 02:00:00,Idle
D0180,2023-10-14 12:00:00,Online
D0180,2023-10-17 12:00:00,Busy
D0180,2023-10-19 14:00:00,Busy
D0180,2023-10-22 04:00:00,Busy
D0180,2023-10-22 22:00:00,Online
D0180,2023-10-23 04:00:00,Online
D0180,2023-10-24 12:00:00,Online
D0180,2023-10-25 06:00:00,Busy
D0180,2023-10-25 20:00:00,Online
D0180,2023-10-28 16:00:00,Idle
D0180,2023-10-29 02:00:00,Busy
D0180,2023-10-29 16:00:00,Idle
D0180,2023-10-29 18:00:00,Online
D0180,2023-10-30 06:00:00,Online
D0181,2023-10-04 06:00:00,Idle
D0181,2023-10-04 10:00:00,Idle
D0181,2023-10-04 12:00:00,Busy
D0181,2023-10-04 16:00:00,Online
D0181,2023-10-05 12:00:00,Online
D0181,2023-10-06 08:00:00,Online
D0181,2023-10-06 10:00:00,Online
D0181,2023-10-06 14:00:00,Offline
D0181,2023-10-08 04:00:00,Idle
D0181,2023-10-09 12:00:00,Idle
D0181,2023-10-09 18:00:00,Busy
D0181,2023-10-10 14:00:00,Online
D0181,2023-10-14 00:00:00,Idle
D0181,2023-10-14 14:00:00,Online
D0181,2023-10-15 04:00:00,Online
D0181,2023-10-15 08:00:00,Busy
D0181,2023-10-18 04:00:00,Idle
D0181,2023-10-18 12:00:00,Online
D0181,2023-10-19 08:00:00,Offline
D0181,2023-10-19 14:00:00,Offline
D0181,2023-10-19 18:00:00,Online
D0181,2023-10-21 18:00:00,Idle
D0181,2023-10-21 20:00:00,Busy
D0181,2023-10-22 18:00:00,Idle
D0181,2023-10-23 02:00:00,Online
D0181,2023-10-23 04:00:00,Online
D0181,2023-10-26 10:00:00,Online
D0181,2023-10-27 04:00:00,Online
D0181,2023-10-30 04:00:00,Online
D0181,2023-10-30 06:00:00,Online
D0182,2023-10-01 12:00:00,Online
D0182,2023-10-02 00:00:00,Idle
D0182,2023-10-04 22:00:00,Busy
D0182,2023-10-06 04:00:00,Online
D0182,2023-10-08 08:00:00,Idle
D0182,2023-10-09 00:00:00,Offline
D0182,2023-10-09 06:00:00,Busy
D0182,2023-10-09 14:00:00,Busy
D0182,2023-10-10 22:00:00,Busy
D0182,2023-10-13 02:00:00,Online
D0182,2023-10-13 06:00:00,Idle
D0182,2023-10-13 14:00:00,Offline
D0182,2023-10-13 20:00:00,Offline
D0182,2023-10-14 06:00:00,Busy
D0182,2023-10-14 20:00:00,Offline
D0182,2023-10-15 04:00:00,Offline
D0182,2023-10-18 02:00:00,Online
D0182,2023-10-18 14:00:00,Online
D0182,2023-10-18 16:00:00,Idle
D0182,2023-10-19 06:00:00,Online
D0182,2023-10-19 18:00:00,Idle
D0182,2023-10-20 00:00:00,Online
D0182,2023-10-21 04:00:00,Online
D0182,2023-10-22 12:00:00,Idle
D0182,2023-10-23 18:00:00,Busy
D0182,2023-10-26 06:00:00,Online
D0182,2023-10-28 00:00:00,Idle
D0182,2023-10-28 12:00:00,Busy
D0182,2023-10-30 12:00:00,Idle
D0182,2023-10-30 20:00:00,Busy
D0183,2023-10-02 02:00:00,Idle
D0183,2023-10-04 08:00:00,Busy
D0183,2023-10-04 16:00:00,Idle
D0183,2023-10-06 18:00:00,Offline
D0183,2023-10-08 00:00:00,Idle
D0183,2023-10-10 08:00:00,Offline
D0183,2023-10-10 16:00:00,Idle
D0183,2023-10-11 04:00:00,Busy
D0183,2023-10-11 14:00:00,Offline
D0183,2023-10-12 04:00:00,Offline
D0183,2023-10-12 08:00:00,Online
D0183,2023-10-13 12:00:00,Offline
D0183,2023-10-14 02:00:00,Busy
D0183,2023-10-15 10:00:00,Idle
D0183,2023-10-16 16:00:00,Busy
D0183,2023-10-18 22:00:00,Online
D0183,2023-10-19 02:00:00,Online
D0183,2023-10-19 06:00:00,Offline
D0183,2023-10-20 00:00:00,Offline
D0183,2023-10-20 12:00:00,Idle
D0183,2023-10-21 10:00:00,Online
D0183,2023-10-21 22:00:00,Busy
D0183,2023-10-23 02:00:00,Offline
D0183,2023-10-24 06:00:00,Idle
D0183,2023-10-27 00:00:00,Idle
D0183,2023-10-27 10:00:00,Busy
D0183,2023-10-28 06:00:00,Offline
D0183,2023-10-28 08:00:00,Online
D0183,2023-10-30 10:00:00,Online
D0183,2023-10-30 16:00:00,Idle
D0184,2023-10-01 10:00:00,Idle
D0184,2023-10-02 12:00:00,Busy
D0184,2023-10-03 06:00:00,Offline
D0184,2023-10-04 08:00:00,Busy
D0184,2023-10-05 02:00:00,Busy
D0184,2023-10-05 20:00:00,Busy
D0184,2023-10-06 18:00:00,Online
D0184,2023-10-08 18:00:00,Offline
D0184,2023-10-09 10:00:00,Busy
D0184,2023-10-10 00:00:00,Idle
D0184,2023-10-11 10:00:00,Busy
D0184,2023-10-12 08:00:00,Offline
D0184,2023-10-12 16:00:00,Busy
D0184,2023-10-13 00:00:00,Busy
D0184,2023-10-15 06:00:00,Online
D0184,2023-10-16 08:00:00,Online
D0184,2023-10-17 20:00:00,Busy
D0184,2023-10-17 22:00:00,Busy
D0184,2023-10-19 14:00:00,Offline
D0184,2023-10-21 06:00:00,Idle
D0184,2023-10-21 08:00:00,Busy
D0184,2023-10-21 16:00:00,Busy
D0184,2023-10-22 08:00:00,Busy
D0184,2023-10-22 16:00:00,Offline
D0184,2023-10-22 18:00:00,Busy
D0184,2023-10-27 12:00:00,Offline
D0184,2023-10-29 08:00:00,Online
D0184,2023-10-30 04:00:00,Online
D0184,2023-10-30 06:00:00,Idle
D0184,2023-10-30 22:00:00,Idle
D0185,2023-10-01 18:00:00,Offline
D0185,2023-10-01 20:00:00,Online
D0185,2023-10-03 02:00:00,Online
D0185,2023-10-03 12:00:00,Idle
D0185,2023-10-05 02:00:00,Online
D0185,2023-10-06 16:00:00,Busy
D0185,2023-10-07 04:00:00,Busy
D0185,2023-10-08 22:00:00,Idle
D0185,2023-10-09 16:00:00,Offline
D0185,2023-10-10 16:00:00,Online
D0185,2023-10-10 18:00:00,Online
D0185,2023-10-13 20:00:00,Idle
D0185,2023-10-14 12:00:00,Online
D0185,2023-10-15 02:00:00,Busy
D0185,2023-10-17 10:00:00,Busy
D0185,2023-10-17 16:00:00,Online
D0185,2023-10-17 22:00:00,Offline
D0185,2023-10-19 02:00:00,Idle
D0185,2023-10-22 00:00:00,Busy
D0185,2023-10-23 00:00:00,Idle
D0185,2023-10-23 04:00:00,Offline
D0185,2023-10-23 08:00:00,Busy
D0185,2023-10-23 22:00:00,Idle
D0185,2023-10-24 02:00:00,Offline
D0185,2023-10-25 08:00:00,Idle
D0185,2023-10-26 20:00:00,Online
D0185,2023-10-28 08:00:00,Idle
D0185,2023-10-28 16:00:00,Busy
D0185,2023-10-29 04:00:00,Online
D0185,2023-10-29 14:00:00,Online
D0186,2023-10-03 20:00:00,Busy
D0186,2023-10-03 22:00:00,Idle
D0186,2023-10-05 20:00:00,Online
D0186,2023-10-06 02:00:00,Idle
D0186,2023-10-07 02:00:00,Busy
D0186,2023-10-07 10:00:00,Offline
D0186,2023-10-09 08:00:00,Idle
D0186,2023-10-09 10:00:00,Busy
D0186,2023-10-10 16:00:00,Offline
D0186,2023-10-12 22:00:00,Online
D0186,2023-10-13 18:00:00,Offline
D0186,2023-10-14 16:00:00,Offline
D0186,2023-10-15 06:00:00,Online
D0186,2023-10-15 16:00:00,Idle
D0186,2023-10-17 00:00:00,Busy
D0186,2023-10-17 22:00:00,Online
D0186,2023-10-18 04:00:00,Online
D0186,2023-10-18 12:00:00,Idle
D0186,2023-10-19 02:00:00,Offline
D0186,2023-10-19 22:00:00,Online
D0186,2023-10-20 02:00:00,Offline
D0186,2023-10-21 22:00:00,Busy
D0186,2023-10-22 20:00:00,Online
D0186,2023-10-23 06:00:00,Idle
D0186,2023-10-24 02:00:00,Online
D0186,2023-10-25 04:00:00,Online
D0186,2023-10-27 22:00:00,Busy
D0186,2023-10-28 02:00:00,Online
D0186,2023-10-29 08:00:00,Online
D0186,2023-10-30 14:00:00,Online
D0187,2023-10-02 10:00:00,Idle
D0187,2023-10-03 16:00:00,Online
D0187,2023-10-04 04:00:00,Online
D0187,2023-10-05 04:00:00,Online
D0187,2023-10-05 10:00:00,Busy
D0187,2023-10-06 06:00:00,Online
D0187,2023-10-06 18:00:00,Online
D0187,2023-10-07 00:00:00,Offline
D0187,2023-10-07 08:00:00,Idle
D0187,2023-10-07 22:00:00,Busy
D0187,2023-10-08 12:00:00,Online
D0187,2023-10-12 08:00:00,Online
D0187,2023-10-13 10:00:00,Idle
D0187,2023-10-13 12:00:00,Idle
D0187,2023-10-14 06:00:00,Idle
D0187,2023-10-17 18:00:00,Online
D0187,2023-10-19 18:00:00,Busy
D0187,2023-10-21 00:00:00,Online
D0187,2023-10-21 10:00:00,Offline
D0187,2023-10-21 12:00:00,Idle
D0187,2023-10-22 02:00:00,Offline
D0187,2023-10-22 20:00:00,Online
D0187,2023-10-24 02:00:00,Busy
D0187,2023-10-25 10:00:00,Busy
D0187,2023-10-26 20:00:00,Busy
D0187,2023-10-27 00:00:00,Online
D0187,2023-10-27 16:00:00,Busy
D0187,2023-10-28 00:00:00,Offline
D0187,2023-10-28 08:00:00,Online
D0187,2023-10-29 02:00:00,Idle
D0188,2023-10-01 00:00:00,Idle
D0188,2023-10-03 18:00:00,Idle
D0188,2023-10-04 16:00:00,Busy
D0188,2023-10-05 02:00:00,Online
D0188,2023-10-06 04:00:00,Online
D0188,2023-10-07 22:00:00,Busy
D0188,2023-10-08 14:00:00,Busy
D0188,2023-10-09 06:00:00,Busy
D0188,2023-10-10 02:00:00,Online
D0188,2023-10-16 20:00:00,Online
D0188,2023-10-17 04:00:00,Online
D0188,2023-10-19 10:00:00,Busy
D0188,2023-10-19 14:00:00,Offline
D0188,2023-10-19 20:00:00,Online
D0188,2023-10-20 02:00:00,Online
D0188,2023-10-20 16:00:00,Idle
D0188,2023-10-20 18:00:00,Online
D0188,2023-10-21 08:00:00,Busy
D0188,2023-10-22 00:00:00,Busy
D0188,2023-10-22 14:00:00,Busy
D0188,2023-10-22 18:00:00,Online
D0188,2023-10-25 08:00:00,Offline
D0188,2023-10-25 12:00:00,Offline
D0188,2023-10-26 04:00:00,Busy
D0188,2023-10-26 18:00:00,Offline
D0188,2023-10-28 22:00:00,Idle
D0188,2023-10-29 20:00:00,Online
D0188,2023-10-30 08:00:00,Busy
D0188,2023-10-30 14:00:00,Idle
D0188,2023-10-30 16:00:00,Offline
D0189,2023-10-01 06:00:00,Busy
D0189,2023-10-02 02:00:00,Offline
D0189,2023-10-07 00:00:00,Idle
D0189,2023-10-08 02:00:00,Busy
D0189,2023-10-08 14:00:00,Idle
D0189,2023-10-09 06:00:00,Online
D0189,2023-10-09 18:00:00,Busy
D0189,2023-10-09 22:00:00,Idle
D0189,2023-10-12 14:00:00,Busy
D0189,2023-10-13 22:00:00,Online
D0189,2023-10-16 14:00:00,Online
D0189,2023-10-17 02:00:00,Online
D0189,2023-10-18 04:00:00,Idle
D0189,2023-10-18 16:00:00,Busy
D0189,2023-10-21 00:00:00,Online
D0189,2023-10-21 02:00:00,Offline
D0189,2023-10-21 18:00:00,Online
D0189,2023-10-22 08:00:00,Online
D0189,2023-10-22 18:00:00,Online
D0189,2023-10-24 02:00:00,Offline
D0189,2023-10-24 14:00:00,Busy
D0189,2023-10-25 18:00:00,Online
D0189,2023-10-26 14:00:00,Online
D0189,2023-10-26 16:00:00,Busy
D0189,2023-10-28 12:00:00,Online
D0189,2023-10-28 14:00:00,Online
D0189,2023-10-28 18:00:00,Idle
D0189,2023-10-30 04:00:00,Idle
D0189,2023-10-30 16:00:00,Online
D0189,2023-10-30 18:00:00,Online
D0190,2023-10-01 02:00:00,Online
D0190,2023-10-03 02:00:00,Online
D0190,2023-10-03 12:00:00,Idle
D0190,2023-10-03 14:00:00,Idle
D0190,2023-10-03 22:00:00,Idle
D0190,2023-10-05 04:00:00,Busy
D0190,2023-10-07 04:00:00,Online
D0190,2023-10-07 10:00:00,Busy
D0190,2023-10-08 12:00:00,Busy
D0190,2023-10-09 14:00:00,Busy
D0190,2023-10-10 20:00:00,Idle
D0190,2023-10-11 18:00:00,Busy
D0190,2023-10-13 04:00:00,Busy
D0190,2023-10-14 10:00:00,Idle
D0190,2023-10-16 18:00:00,Idle
D0190,2023-10-19 00:00:00,Idle
D0190,2023-10-19 02:00:00,Online
D0190,2023-10-19 06:00:00,Idle
D0190,2023-10-19 16:00:00,Idle
D0190,2023-10-19 22:00:00,Online
D0190,2023-10-21 12:00:00,Online
D0190,2023-10-21 22:00:00,Online
D0190,2023-10-22 10:00:00,Busy
D0190,2023-10-24 16:00:00,Busy
D0190,2023-10-25 06:00:00,Busy
D0190,2023-10-28 10:00:00,Busy
D0190,2023-10-28 14:00:00,Idle
D0190,2023-10-29 00:00:00,Busy
D0190,2023-10-29 02:00:00,Idle
D0190,2023-10-30 00:00:00,Online
D0191,2023-10-02 14:00:00,Online
D0191,2023-10-05 08:00:00,Offline
D0191,2023-10-05 20:00:00,Online
D0191,2023-10-06 04:00:00,Offline
D0191,2023-10-06 16:00:00,Busy
D0191,2023-10-07 00:00:00,Idle
D0191,2023-10-08 16:00:00,Offline
D0191,2023-10-09 22:00:00,Offline
D0191,2023-10-10 22:00:00,Online
D0191,2023-10-11 00:00:00,Offline
D0191,2023-10-11 14:00:00,Idle
D0191,2023-10-15 04:00:00,Idle
D0191,2023-10-15 20:00:00,Online
D0191,2023-10-16 08:00:00,Busy
D0191,2023-10-17 02:00:00,Online
D0191,2023-10-19 12:00:00,Idle
D0191,2023-10-20 02:00:00,Busy
D0191,2023-10-21 10:00:00,Busy
D0191,2023-10-21 22:00:00,Online
D0191,2023-10-22 20:00:00,Online
D0191,2023-10-23 06:00:00,Online
D0191,2023-10-23 22:00:00,Busy
D0191,2023-10-24 04:00:00,Busy
D0191,2023-10-24 18:00:00,Offline
D0191,2023-10-25 16:00:00,Idle
D0191,2023-10-26 16:00:00,Busy
D0191,2023-10-26 18:00:00,Busy
D0191,2023-10-27 06:00:00,Busy
D0191,2023-10-27 22:00:00,Idle
D0191,2023-10-28 02:00:00,Idle
D0192,2023-10-02 08:00:00,Online
D0192,2023-10-02 18:00:00,Idle
D0192,2023-10-02 22:00:00,Online
D0192,2023-10-03 20:00:00,Online
D0192,2023-10-04 04:00:00,Busy
D0192,2023-10-06 22:00:00,Busy
D0192,2023-10-07 16:00:00,Online
D0192,2023-10-10 04:00:00,Busy
D0192,2023-10-10 06:00:00,Busy
D0192,2023-10-10 16:00:00,Online
D0192,2023-10-11 22:00:00,Busy
D0192,2023-10-12 06:00:00,Busy
D0192,2023-10-12 22:00:00,Idle
D0192,2023-10-16 06:00:00,Idle
D0192,2023-10-16 10:00:00,Online
D0192,2023-10-17 12:00:00,Online
D0192,2023-10-19 02:00:00,Online
D0192,2023-10-19 08:00:00,Busy
D0192,2023-10-19 16:00:00,Offline
D0192,2023-10-21 12:00:00,Offline
D0192,2023-10-21 16:00:00,Online
D0192,2023-10-22 08:00:00,Busy
D0192,2023-10-23 16:00:00,Idle
D0192,2023-10-25 06:00:00,Busy
D0192,2023-10-25 10:00:00,Online
D0192,2023-10-25 14:00:00,Idle
D0192,2023-10-26 22:00:00,Idle
D0192,2023-10-28 18:00:00,Idle
D0192,2023-10-29 12:00:00,Busy
D0192,2023-10-30 12:00:00,Online
D0193,2023-10-01 08:00:00,Online
D0193,2023-10-01 16:00:00,Online
D0193,2023-10-02 02:00:00,Online
D0193,2023-10-06 22:00:00,Busy
D0193,2023-10-07 20:00:00,Busy
D0193,2023-10-10 16:00:00,Online
D0193,2023-10-12 10:00:00,Idle
D0193,2023-10-13 18:00:00,Busy
D0193,2023-10-14 08:00:00,Online
D0193,2023-10-14 22:00:00,Idle
D0193,2023-10-16 02:00:00,Offline
D0193,2023-10-19 06:00:00,Online
D0193,2023-10-19 12:00:00,Offline
D0193,2023-10-20 20:00:00,Idle
D0193,2023-10-22 16:00:00,Busy
D0193,2023-10-22 18:00:00,Busy
D0193,2023-10-23 08:00:00,Idle
D0193,2023-10-24 14:00:00,Busy
D0193,2023-10-25 06:00:00,Idle
D0193,2023-10-25 16:00:00,Busy
D0193,2023-10-26 02:00:00,Busy
D0193,2023-10-27 12:00:00,Busy
D0193,2023-10-28 12:00:00,Online
D0193,2023-10-28 14:00:00,Online
D0193,2023-10-29 20:00:00,Busy
D0193,2023-10-30 06:00:00,Offline
D0193,2023-10-30 10:00:00,Busy
D0193,2023-10-30 14:00:00,Idle
D0193,2023-10-30 18:00:00,Idle
D0193,2023-10-30 20:00:00,Online
D0194,2023-10-01 10:00:00,Online
D0194,2023-10-02 10:00:00,Offline
D0194,2023-10-02 14:00:00,Busy
D0194,2023-10-03 12:00:00,Offline
D0194,2023-10-05 14:00:00,Online
D0194,2023-10-06 18:00:00,Offline
D0194,2023-10-07 06:00:00,Online
D0194,2023-10-11 02:00:00,Online
D0194,2023-10-11 06:00:00,Online
D0194,2023-10-11 08:00:00,Online
D0194,2023-10-11 18:00:00,Busy
D0194,2023-10-14 14:00:00,Idle
D0194,2023-10-16 06:00:00,Busy
D0194,2023-10-16 12:00:00,Online
D0194,2023-10-17 02:00:00,Online
D0194,2023-10-18 20:00:00,Busy
D0194,2023-10-19 14:00:00,Offline
D0194,2023-10-20 14:00:00,Offline
D0194,2023-10-21 00:00:00,Online
D0194,2023-10-21 06:00:00,Busy
D0194,2023-10-22 04:00:00,Idle
D0194,2023-10-23 22:00:00,Offline
D0194,2023-10-24 14:00:00,Offline
D0194,2023-10-25 00:00:00,Online
D0194,2023-10-26 08:00:00,Busy
D0194,2023-10-27 02:00:00,Busy
D0194,2023-10-28 16:00:00,Online
D0194,2023-10-29 20:00:00,Online
D0194,2023-10-30 12:00:00,Online
D0194,2023-10-30 14:00:00,Idle
D0195,2023-10-01 12:00:00,Online
D0195,2023-10-02 18:00:00,Idle
D0195,2023-10-03 04:00:00,Idle
D0195,2023-10-04 08:00:00,Busy
D0195,2023-10-04 12:00:00,Idle
D0195,2023-10-04 14:00:00,Online
D0195,2023-10-09 02:00:00,Busy
D0195,2023-10-09 10:00:00,Idle
D0195,2023-10-09 20:00:00,Busy
D0195,2023-10-11 04:00:00,Online
D0195,2023-10-12 22:00:00,Idle
D0195,2023-10-14 04:00:00,Idle
D0195,2023-10-14 12:00:00,Busy
D0195,2023-10-14 22:00:00,Busy
D0195,2023-10-16 22:00:00,Online
D0195,2023-10-18 02:00:00,Idle
D0195,2023-10-19 12:00:00,Busy
D0195,2023-10-20 00:00:00,Online
D0195,2023-10-21 12:00:00,Idle
D0195,2023-10-23 20:00:00,Offline
D0195,2023-10-24 12:00:00,Idle
D0195,2023-10-25 00:00:00,Busy
D0195,2023-10-25 08:00:00,Busy
D0195,2023-10-25 12:00:00,Idle
D0195,2023-10-25 20:00:00,Online
D0195,2023-10-26 00:00:00,Online
D0195,2023-10-26 14:00:00,Online
D0195,2023-10-27 04:00:00,Busy
D0195,2023-10-27 12:00:00,Offline
D0195,2023-10-28 22:00:00,Busy
D0196,2023-10-01 06:00:00,Busy
D0196,2023-10-03 00:00:00,Online
D0196,2023-10-03 04:00:00,Idle
D0196,2023-10-03 08:00:00,Busy
D0196,2023-10-04 04:00:00,Offline
D0196,2023-10-05 02:00:00,Busy
D0196,2023-10-05 12:00:00,Online
D0196,2023-10-06 18:00:00,Busy
D0196,2023-10-07 02:00:00,Busy
D0196,2023-10-07 08:00:00,Busy
D0196,2023-10-08 22:00:00,Online
D0196,2023-10-09 02:00:00,Offline
D0196,2023-10-11 00:00:00,Busy
D0196,2023-10-13 04:00:00,Online
D0196,2023-10-14 16:00:00,Offline
D0196,2023-10-16 06:00:00,Idle
D0196,2023-10-16 08:00:00,Busy
D0196,2023-10-17 08:00:00,Online
D0196,2023-10-17 22:00:00,Online
D0196,2023-10-22 10:00:00,Idle
D0196,2023-10-22 12:00:00,Offline
D0196,2023-10-24 12:00:00,Busy
D0196,2023-10-24 20:00:00,Offline
D0196,2023-10-25 02:00:00,Idle
D0196,2023-10-25 08:00:00,Busy
D0196,2023-10-25 14:00:00,Busy
D0196,2023-10-25 18:00:00,Online
D0196,2023-10-26 16:00:00,Busy
D0196,2023-10-28 08:00:00,Online
D0196,2023-10-28 20:00:00,Busy
D0197,2023-10-01 06:00:00,Idle
D0197,2023-10-01 10:00:00,Offline
D0197,2023-10-01 20:00:00,Busy
D0197,2023-10-02 04:00:00,Idle
D0197,2023-10-03 00:00:00,Busy
D0197,2023-10-03 04:00:00,Busy
D0197,2023-10-03 08:00:00,Offline
D0197,2023-10-05 02:00:00,Online
D0197,2023-10-05 14:00:00,Idle
D0197,2023-10-06 20:00:00,Busy
D0197,2023-10-10 10:00:00,Offline
D0197,2023-10-10 14:00:00,Busy
D0197,2023-10-12 14:00:00,Offline
D0197,2023-10-14 04:00:00,Online
D0197,2023-10-15 06:00:00,Online
D0197,2023-10-15 20:00:00,Busy
D0197,2023-10-16 08:00:00,Offline
D0197,2023-10-16 20:00:00,Idle
D0197,2023-10-16 22:00:00,Online
D0197,2023-10-17 00:00:00,Online
D0197,2023-10-17 16:00:00,Offline
D0197,2023-10-17 20:00:00,Online
D0197,2023-10-18 18:00:00,Idle
D0197,2023-10-19 10:00:00,Idle
D0197,2023-10-25 22:00:00,Idle
D0197,2023-10-27 08:00:00,Offline
D0197,2023-10-27 16:00:00,Idle
D0197,2023-10-27 18:00:00,Online
D0197,2023-10-28 16:00:00,Online
D0197,2023-10-29 16:00:00,Online
D0198,2023-10-03 02:00:00,Offline
D0198,2023-10-04 00:00:00,Idle
D0198,2023-10-04 04:00:00,Online
D0198,2023-10-04 10:00:00,Offline
D0198,2023-10-05 06:00:00,Busy
D0198,2023-10-05 14:00:00,Online
D0198,2023-10-06 12:00:00,Online
D0198,2023-10-06 16:00:00,Offline
D0198,2023-10-08 04:00:00,Online
D0198,2023-10-08 22:00:00,Busy
D0198,2023-10-09 04:00:00,Idle
D0198,2023-10-10 08:00:00,Online
D0198,2023-10-10 16:00:00,Online
D0198,2023-10-11 00:00:00,Online
D0198,2023-10-11 16:00:00,Online
D0198,2023-10-12 14:00:00,Offline
D0198,2023-10-14 02:00:00,Busy
D0198,2023-10-18 18:00:00,Online
D0198,2023-10-19 00:00:00,Online
D0198,2023-10-19 14:00:00,Busy
D0198,2023-10-20 04:00:00,Online
D0198,2023-10-21 16:00:00,Offline
D0198,2023-10-22 04:00:00,Offline
D0198,2023-10-24 12:00:00,Busy
D0198,2023-10-25 18:00:00,Idle
D0198,2023-10-27 22:00:00,Online
D0198,2023-10-28 14:00:00,Idle
D0198,2023-10-28 18:00:00,Online
D0198,2023-10-29 16:00:00,Busy
D0198,2023-10-29 18:00:00,Online
D0199,2023-10-03 02:00:00,Offline
D0199,2023-10-03 06:00:00,Offline
D0199,2023-10-04 22:00:00,Offline
D0199,2023-10-05 12:00:00,Online
D0199,2023-10-05 22:00:00,Idle
D0199,2023-10-10 04:00:00,Idle
D0199,2023-10-10 10:00:00,Offline
D0199,2023-10-12 12:00:00,Idle
D0199,2023-10-12 16:00:00,Offline
D0199,2023-10-13 00:00:00,Online
D0199,2023-10-14 08:00:00,Busy
D0199,2023-10-14 22:00:00,Offline
D0199,2023-10-15 04:00:00,Idle
D0199,2023-10-15 22:00:00,Online
D0199,2023-10-16 08:00:00,Online
D0199,2023-10-16 20:00:00,Online
D0199,2023-10-20 08:00:00,Online
D0199,2023-10-21 00:00:00,Idle
D0199,2023-10-21 12:00:00,Offline
D0199,2023-10-24 00:00:00,Busy
D0199,2023-10-24 04:00:00,Online
D0199,2023-10-24 16:00:00,Busy
D0199,2023-10-24 20:00:00,Busy
D0199,2023-10-25 12:00:00,Busy
D0199,2023-10-27 10:00:00,Online
D0199,2023-10-28 02:00:00,Idle
D0199,2023-10-29 00:00:00,Idle
D0199,2023-10-30 04:00:00,Online
D0199,2023-10-30 08:00:00,Offline
D0199,2023-10-30 20:00:00,Idle
D0200,2023-10-02 22:00:00,Busy
D0200,2023-10-05 08:00:00,Busy
D0200,2023-10-05 14:00:00,Online
D0200,2023-10-06 14:00:00,Offline
D0200,2023-10-08 04:00:00,Busy
D0200,2023-10-08 16:00:00,Online
D0200,2023-10-08 20:00:00,Online
D0200,2023-10-10 08:00:00,Online
D0200,2023-10-10 18:00:00,Offline
D0200,2023-10-10 22:00:00,Idle
D0200,2023-10-12 10:00:00,Idle
D0200,2023-10-12 18:00:00,Online
D0200,2023-10-13 00:00:00,Idle
D0200,2023-10-14 04:00:00,Online
D0200,2023-10-16 00:00:00,Online
D0200,2023-10-16 08:00:00,Idle
D0200,2023-10-17 06:00:00,Online
D0200,2023-10-19 02:00:00,Busy
D0200,2023-10-19 06:00:00,Idle
D0200,2023-10-19 10:00:00,Offline
D0200,2023-10-22 04:00:00,Offline
D0200,2023-10-22 18:00:00,Online
D0200,2023-10-24 22:00:00,Busy
D0200,2023-10-26 12:00:00,Busy
D0200,2023-10-26 18:00:00,Online
D0200,2023-10-27 04:00:00,Busy
D0200,2023-10-27 08:00:00,Idle
D0200,2023-10-27 10:00:00,Idle
D0200,2023-10-28 12:00:00,Busy
D0200,2023-10-29 06:00:00,Idle
D0201,2023-10-01 14:00:00,Busy
D0201,2023-10-04 04:00:00,Busy
D0201,2023-10-05 16:00:00,Online
D0201,2023-10-06 02:00:00,Busy
D0201,2023-10-07 20:00:00,Busy
D0201,2023-10-08 06:00:00,Online
D0201,2023-10-09 08:00:00,Busy
D0201,2023-10-10 04:00:00,Online
D0201,2023-10-10 16:00:00,Busy
D0201,2023-10-12 14:00:00,Busy
D0201,2023-10-13 22:00:00,Busy
D0201,2023-10-14 08:00:00,Busy
D0201,2023-10-15 12:00:00,Idle
D0201,2023-10-15 18:00:00,Online
D0201,2023-10-17 04:00:00,Online
D0201,2023-10-18 08:00:00,Offline
D0201,2023-10-21 14:00:00,Idle
D0201,2023-10-22 02:00:00,Online
D0201,2023-10-23 06:00:00,Online
D0201,2023-10-23 12:00:00,Online
D0201,2023-10-24 06:00:00,Online
D0201,2023-10-24 18:00:00,Online
D0201,2023-10-27 00:00:00,Online
D0201,2023-10-27 10:00:00,Online
D0201,2023-10-28 00:00:00,Offline
D0201,2023-10-29 04:00:00,Idle
D0201,2023-10-29 10:00:00,Online
D0201,2023-10-30 00:00:00,Busy
D0201,2023-10-30 16:00:00,Online
D0201,2023-10-30 18:00:00,Offline
D0202,2023-10-01 06:00:00,Online
D0202,2023-10-01 20:00:00,Busy
D0202,2023-10-03 00:00:00,Idle
D0202,2023-10-03 20:00:00,Busy
D0202,2023-10-04 16:00:00,Offline
D0202,2023-10-05 02:00:00,Offline
D0202,2023-10-06 00:00:00,Busy
D0202,2023-10-08 14:00:00,Busy
D0202,2023-10-10 00:00:00,Online
D0202,2023-10-11 02:00:00,Busy
D0202,2023-10-11 10:00:00,Offline
D0202,2023-10-11 16:00:00,Online
D0202,2023-10-13 22:00:00,Idle
D0202,2023-10-14 00:00:00,Online
D0202,2023-10-14 06:00:00,Online
D0202,2023-10-14 20:00:00,Busy
D0202,2023-10-15 20:00:00,Busy
D0202,2023-10-16 08:00:00,Online
D0202,2023-10-17 04:00:00,Online
D0202,2023-10-17 06:00:00,Online
D0202,2023-10-19 04:00:00,Busy
D0202,2023-10-20 06:00:00,Busy
D0202,2023-10-22 00:00:00,Idle
D0202,2023-10-24 08:00:00,Online
D0202,2023-10-26 20:00:00,Online
D0202,2023-10-27 02:00:00,Online
D0202,2023-10-28 16:00:00,Busy
D0202,2023-10-29 10:00:00,Online
D0202,2023-10-29 14:00:00,Offline
D0202,2023-10-30 08:00:00,Idle
D0203,2023-10-02 12:00:00,Idle
D0203,2023-10-03 02:00:00,Online
D0203,2023-10-03 22:00:00,Busy
D0203,2023-10-04 06:00:00,Online
D0203,2023-10-06 22:00:00,Offline
D0203,2023-10-08 04:00:00,Idle
D0203,2023-10-08 10:00:00,Idle
D0203,2023-10-09 00:00:00,Busy
D0203,2023-10-09 08:00:00,Online
D0203,2023-10-10 00:00:00,Online
D0203,2023-10-11 06:00:00,Online
D0203,2023-10-11 22:00:00,Online
D0203,2023-10-14 06:00:00,Idle
D0203,2023-10-14 22:00:00,Online
D0203,2023-10-17 06:00:00,Idle
D0203,2023-10-17 08:00:00,Online
D0203,2023-10-17 18:00:00,Busy
D0203,2023-10-19 04:00:00,Online
D0203,2023-10-20 22:00:00,Online
D0203,2023-10-21 18:00:00,Busy
D0203,2023-10-23 00:00:00,Online
D0203,2023-10-23 02:00:00,Online
D0203,2023-10-23 04:00:00,Online
D0203,2023-10-23 14:00:00,Busy
D0203,2023-10-23 16:00:00,Busy
D0203,2023-10-23 18:00:00,Idle
D0203,2023-10-24 00:00:00,Online
D0203,2023-10-24 02:00:00,Offline
D0203,2023-10-24 10:00:00,Online
D0203,2023-10-26 08:00:00,Online
D0204,2023-10-02 20:00:00,Offline
D0204,2023-10-03 00:00:00,Offline
D0204,2023-10-03 04:00:00,Busy
D0204,2023-10-03 12:00:00,Offline
D0204,2023-10-07 00:00:00,Idle
D0204,2023-10-07 04:00:00,Idle
D0204,2023-10-08 00:00:00,Online
D0204,2023-10-09 18:00:00,Idle
D0204,2023-10-09 20:00:00,Online
D0204,2023-10-09 22:00:00,Busy
D0204,2023-10-10 10:00:00,Busy
D0204,2023-10-10 22:00:00,Online
D0204,2023-10-12 02:00:00,Online
D0204,2023-10-12 04:00:00,Busy
D0204,2023-10-14 18:00:00,Online
D0204,2023-10-14 22:00:00,Online
D0204,2023-10-15 02:00:00,Busy
D0204,2023-10-15 16:00:00,Idle
D0204,2023-10-16 04:00:00,Online
D0204,2023-10-16 14:00:00,Online
D0204,2023-10-17 10:00:00,Online
D0204,2023-10-18 20:00:00,Online
D0204,2023-10-19 04:00:00,Online
D0204,2023-10-20 18:00:00,Idle
D0204,2023-10-22 04:00:00,Online
D0204,2023-10-25 22:00:00,Offline
D0204,2023-10-26 02:00:00,Online
D0204,2023-10-27 02:00:00,Idle
D0204,2023-10-28 16:00:00,Busy
D0204,2023-10-29 00:00:00,Offline
D0205,2023-10-02 16:00:00,Offline
D0205,2023-10-02 18:00:00,Online
D0205,2023-10-03 02:00:00,Busy
D0205,2023-10-06 10:00:00,Online
D0205,2023-10-07 16:00:00,Busy
D0205,2023-10-08 02:00:00,Busy
D0205,2023-10-08 08:00:00,Offline
D0205,2023-10-08 18:00:00,Busy
D0205,2023-10-09 00:00:00,Online
D0205,2023-10-09 12:00:00,Online
D0205,2023-10-09 16:00:00,Busy
D0205,2023-10-12 00:00:00,Offline
D0205,2023-10-13 06:00:00,Online
D0205,2023-10-14 04:00:00,Busy
D0205,2023-10-16 08:00:00,Busy
D0205,2023-10-16 14:00:00,Busy
D0205,2023-10-18 14:00:00,Busy
D0205,2023-10-18 20:00:00,Online
D0205,2023-10-19 06:00:00,Online
D0205,2023-10-19 12:00:00,Idle
D0205,2023-10-20 16:00:00,Idle
D0205,2023-10-23 04:00:00,Idle
D0205,2023-10-24 00:00:00,Busy
D0205,2023-10-25 12:00:00,Online
D0205,2023-10-26 22:00:00,Busy
D0205,2023-10-28 08:00:00,Busy
D0205,2023-10-28 12:00:00,Busy
D0205,2023-10-29 02:00:00,Busy
D0205,2023-10-30 18:00:00,Online
D0205,2023-10-30 22:00:00,Busy
D0206,2023-10-01 02:00:00,Busy
D0206,2023-10-04 00:00:00,Busy
D0206,2023-10-04 02:00:00,Busy
D0206,2023-10-04 08:00:00,Offline
D0206,2023-10-04 10:00:00,Offline
D0206,2023-10-06 10:00:00,Busy
D0206,2023-10-08 02:00:00,Online
D0206,2023-10-08 14:00:00,Online
D0206,2023-10-09 22:00:00,Offline
D0206,2023-10-10 02:00:00,Online
D0206,2023-10-10 12:00:00,Busy
D0206,2023-10-11 10:00:00,Online
D0206,2023-10-12 04:00:00,Online
D0206,2023-10-13 06:00:00,Online
D0206,2023-10-13 20:00:00,Idle
D0206,2023-10-15 02:00:00,Online
D0206,2023-10-15 06:00:00,Online
D0206,2023-10-16 04:00:00,Online
D0206,2023-10-20 08:00:00,Online
D0206,2023-10-22 00:00:00,Offline
D0206,2023-10-22 14:00:00,Idle
D0206,2023-10-22 18:00:00,Busy
D0206,2023-10-23 00:00:00,Idle
D0206,2023-10-25 00:00:00,Offline
D0206,2023-10-27 18:00:00,Busy
D0206,2023-10-28 08:00:00,Busy
D0206,2023-10-28 10:00:00,Busy
D0206,2023-10-29 20:00:00,Busy
D0206,2023-10-30 00:00:00,Idle
D0206,2023-10-30 20:00:00,Offline
D0207,2023-10-01 16:00:00,Online
D0207,2023-10-01 20:00:00,Busy
D0207,2023-10-02 14:00:00,Offline
D0207,2023-10-02 22:00:00,Online
D0207,2023-10-04 06:00:00,Offline
D0207,2023-10-05 02:00:00,Offline
D0207,2023-10-05 08:00:00,Busy
D0207,2023-10-05 10:00:00,Online
D0207,2023-10-05 12:00:00,Online
D0207,2023-10-06 18:00:00,Idle
D0207,2023-10-06 22:00:00,Idle
D0207,2023-10-07 22:00:00,Online
D0207,2023-10-08 14:00:00,Online
D0207,2023-10-09 22:00:00,Online
D0207,2023-10-10 02:00:00,Busy
D0207,2023-10-10 12:00:00,Online
D0207,2023-10-11 20:00:00,Online
D0207,2023-10-14 16:00:00,Online
D0207,2023-10-15 10:00:00,Idle
D0207,2023-10-16 06:00:00,Busy
D0207,2023-10-16 12:00:00,Busy
D0207,2023-10-18 16:00:00,Busy
D0207,2023-10-18 18:00:00,Busy
D0207,2023-10-21 00:00:00,Idle
D0207,2023-10-21 06:00:00,Idle
D0207,2023-10-22 20:00:00,Offline
D0207,2023-10-24 06:00:00,Idle
D0207,2023-10-25 20:00:00,Busy
D0207,2023-10-26 10:00:00,Idle
D0207,2023-10-29 08:00:00,Online
D0208,2023-10-02 10:00:00,Online
D0208,2023-10-02 16:00:00,Idle
D0208,2023-10-04 12:00:00,Online
D0208,2023-10-04 16:00:00,Online
D0208,2023-10-08 10:00:00,Online
D0208,2023-10-08 14:00:00,Busy
D0208,2023-10-08 22:00:00,Offline
D0208,2023-10-09 00:00:00,Busy
D0208,2023-10-09 02:00:00,Busy
D0208,2023-10-09 04:00:00,Busy
D0208,2023-10-09 08:00:00,Online
D0208,2023-10-09 20:00:00,Busy
D0208,2023-10-11 12:00:00,Offline
D0208,2023-10-12 10:00:00,Offline
D0208,2023-10-13 16:00:00,Online
D0208,2023-10-15 08:00:00,Online
D0208,2023-10-15 12:00:00,Offline
D0208,2023-10-16 02:00:00,Busy
D0208,2023-10-17 12:00:00,Online
D0208,2023-10-17 18:00:00,Busy
D0208,2023-10-18 16:00:00,Busy
D0208,2023-10-19 00:00:00,Busy
D0208,2023-10-19 22:00:00,Busy
D0208,2023-10-20 08:00:00,Online
D0208,2023-10-23 20:00:00,Idle
D0208,2023-10-25 00:00:00,Online
D0208,2023-10-25 04:00:00,Idle
D0208,2023-10-27 00:00:00,Busy
D0208,2023-10-30 00:00:00,Offline
D0208,2023-10-30 06:00:00,Offline
D0209,2023-10-01 08:00:00,Busy
D0209,2023-10-02 12:00:00,Online
D0209,2023-10-04 12:00:00,Idle
D0209,2023-10-04 20:00:00,Online
D0209,2023-10-05 14:00:00,Idle
D0209,2023-10-06 00:00:00,Offline
D0209,2023-10-06 06:00:00,Offline
D0209,2023-10-07 00:00:00,Offline
D0209,2023-10-08 08:00:00,Online
D0209,2023-10-10 06:00:00,Online
D0209,2023-10-11 00:00:00,Online
D0209,2023-10-12 14:00:00,Busy
D0209,2023-10-13 08:00:00,Online
D0209,2023-10-17 14:00:00,Idle
D0209,2023-10-20 14:00:00,Busy
D0209,2023-10-23 08:00:00,Busy
D0209,2023-10-24 22:00:00,Offline
D0209,2023-10-25 02:00:00,Busy
D0209,2023-10-25 04:00:00,Idle
D0209,2023-10-25 06:00:00,Offline
D0209,2023-10-25 08:00:00,Busy
D0209,2023-10-26 12:00:00,Busy
D0209,2023-10-26 20:00:00,Idle
D0209,2023-10-27 18:00:00,Online
D0209,2023-10-28 12:00:00,Online
D0209,2023-10-29 02:00:00,Online
D0209,2023-10-29 06:00:00,Online
D0209,2023-10-29 10:00:00,Idle
D0209,2023-10-30 02:00:00,Idle
D0209,2023-10-30 16:00:00,Busy
D0210,2023-10-01 18:00:00,Online
D0210,2023-10-02 22:00:00,Offline
D0210,2023-10-03 08:00:00,Busy
D0210,2023-10-03 18:00:00,Busy
D0210,2023-10-04 08:00:00,Online
D0210,2023-10-04 14:00:00,Busy
D0210,2023-10-07 02:00:00,Busy
D0210,2023-10-09 12:00:00,Online
D0210,2023-10-09 16:00:00,Online
D0210,2023-10-09 18:00:00,Busy
D0210,2023-10-11 18:00:00,Online
D0210,2023-10-13 08:00:00,Offline
D0210,2023-10-14 00:00:00,Online
D0210,2023-10-15 02:00:00,Online
D0210,2023-10-15 12:00:00,Online
D0210,2023-10-16 02:00:00,Online
D0210,2023-10-16 12:00:00,Idle
D0210,2023-10-18 04:00:00,Online
D0210,2023-10-18 16:00:00,Idle
D0210,2023-10-19 16:00:00,Offline
D0210,2023-10-20 16:00:00,Busy
D0210,2023-10-22 02:00:00,Online
D0210,2023-10-25 10:00:00,Online
D0210,2023-10-27 04:00:00,Offline
D0210,2023-10-27 06:00:00,Online
D0210,2023-10-29 04:00:00,Busy
D0210,2023-10-29 06:00:00,Busy
D0210,2023-10-30 00:00:00,Busy
D0210,2023-10-30 04:00:00,Idle
D0210,2023-10-30 20:00:00,Online
D0211,2023-10-01 02:00:00,Online
D0211,2023-10-01 14:00:00,Online
D0211,2023-10-03 12:00:00,Idle
D0211,2023-10-04 08:00:00,Online
D0211,2023-10-05 10:00:00,Online
D0211,2023-10-05 22:00:00,Idle
D0211,2023-10-06 06:00:00,Idle
D0211,2023-10-07 20:00:00,Idle
D0211,2023-10-10 08:00:00,Idle
D0211,2023-10-11 06:00:00,Online
D0211,2023-10-11 20:00:00,Online
D0211,2023-10-12 08:00:00,Busy
D0211,2023-10-12 14:00:00,Idle
D0211,2023-10-13 10:00:00,Online
D0211,2023-10-13 20:00:00,Online
D0211,2023-10-14 12:00:00,Online
D0211,2023-10-15 20:00:00,Busy
D0211,2023-10-16 06:00:00,Online
D0211,2023-10-18 02:00:00,Online
D0211,2023-10-18 16:00:00,Busy
D0211,2023-10-21 10:00:00,Online
D0211,2023-10-24 18:00:00,Idle
D0211,2023-10-25 12:00:00,Offline
D0211,2023-10-25 22:00:00,Idle
D0211,2023-10-26 14:00:00,Idle
D0211,2023-10-27 08:00:00,Idle
D0211,2023-10-27 20:00:00,Busy
D0211,2023-10-29 08:00:00,Idle
D0211,2023-10-29 18:00:00,Idle
D0211,2023-10-30 08:00:00,Online
D0212,2023-10-01 00:00:00,Busy
D0212,2023-10-01 08:00:00,Online
D0212,2023-10-01 14:00:00,Offline
D0212,2023-10-01 18:00:00,Online
D0212,2023-10-02 16:00:00,Idle
D0212,2023-10-05 04:00:00,Online
D0212,2023-10-05 08:00:00,Online
D0212,2023-10-06 04:00:00,Busy
D0212,2023-10-07 12:00:00,Busy
D0212,2023-10-07 18:00:00,Online
D0212,2023-10-07 20:00:00,Busy
D0212,2023-10-08 00:00:00,Online
D0212,2023-10-08 12:00:00,Idle
D0212,2023-10-12 00:00:00,Offline
D0212,2023-10-14 02:00:00,Online
D0212,2023-10-17 08:00:00,Busy
D0212,2023-10-17 14:00:00,Online
D0212,2023-10-19 10:00:00,Busy
D0212,2023-10-20 22:00:00,Online
D0212,2023-10-21 18:00:00,Busy
D0212,2023-10-22 10:00:00,Busy
D0212,2023-10-23 20:00:00,Busy
D0212,2023-10-24 08:00:00,Online
D0212,2023-10-24 10:00:00,Busy
D0212,2023-10-25 06:00:00,Idle
D0212,2023-10-26 00:00:00,Online
D0212,2023-10-26 18:00:00,Online
D0212,2023-10-26 20:00:00,Online
D0212,2023-10-26 22:00:00,Idle
D0212,2023-10-28 14:00:00,Online
D0213,2023-10-01 06:00:00,Idle
D0213,2023-10-02 00:00:00,Online
D0213,2023-10-03 20:00:00,Busy
D0213,2023-10-03 22:00:00,Offline
D0213,2023-10-04 20:00:00,Online
D0213,2023-10-05 06:00:00,Offline
D0213,2023-10-07 00:00:00,Busy
D0213,2023-10-07 16:00:00,Offline
D0213,2023-10-08 22:00:00,Busy
D0213,2023-10-09 02:00:00,Idle
D0213,2023-10-09 12:00:00,Online
D0213,2023-10-10 16:00:00,Busy
D0213,2023-10-11 00:00:00,Online
D0213,2023-10-11 04:00:00,Busy
D0213,2023-10-11 16:00:00,Busy
D0213,2023-10-12 14:00:00,Online
D0213,2023-10-13 08:00:00,Offline
D0213,2023-10-13 20:00:00,Idle
D0213,2023-10-15 08:00:00,Busy
D0213,2023-10-16 04:00:00,Online
D0213,2023-10-17 06:00:00,Busy
D0213,2023-10-18 14:00:00,Busy
D0213,2023-10-18 16:00:00,Offline
D0213,2023-10-19 22:00:00,Online
D0213,2023-10-22 10:00:00,Online
D0213,2023-10-24 00:00:00,Offline
D0213,2023-10-25 12:00:00,Online
D0213,2023-10-26 08:00:00,Online
D0213,2023-10-27 00:00:00,Idle
D0213,2023-10-30 12:00:00,Online
D0214,2023-10-06 02:00:00,Busy
D0214,2023-10-06 22:00:00,Offline
D0214,2023-10-08 12:00:00,Busy
D0214,2023-10-08 22:00:00,Online
D0214,2023-10-10 00:00:00,Busy
D0214,2023-10-10 04:00:00,Online
D0214,2023-10-10 10:00:00,Online
D0214,2023-10-11 04:00:00,Idle
D0214,2023-10-11 20:00:00,Idle
D0214,2023-10-14 04:00:00,Busy
D0214,2023-10-14 10:00:00,Online
D0214,2023-10-14 16:00:00,Online
D0214,2023-10-14 20:00:00,Online
D0214,2023-10-15 18:00:00,Offline
D0214,2023-10-16 02:00:00,Busy
D0214,2023-10-18 08:00:00,Online
D0214,2023-10-19 16:00:00,Offline
D0214,2023-10-20 00:00:00,Offline
D0214,2023-10-20 10:00:00,Online
D0214,2023-10-22 18:00:00,Busy
D0214,2023-10-24 10:00:00,Online
D0214,2023-10-25 04:00:00,Busy
D0214,2023-10-26 08:00:00,Offline
D0214,2023-10-26 10:00:00,Idle
D0214,2023-10-26 22:00:00,Busy
D0214,2023-10-27 02:00:00,Online
D0214,2023-10-28 08:00:00,Offline
D0214,2023-10-29 02:00:00,Idle
D0214,2023-10-29 12:00:00,Online
D0214,2023-10-30 06:00:00,Offline
D0215,2023-10-04 02:00:00,Busy
D0215,2023-10-07 12:00:00,Busy
D0215,2023-10-08 02:00:00,Online
D0215,2023-10-08 22:00:00,Offline
D0215,2023-10-09 12:00:00,Online
D0215,2023-10-09 14:00:00,Online
D0215,2023-10-12 02:00:00,Online
D0215,2023-10-13 02:00:00,Busy
D0215,2023-10-13 16:00:00,Idle
D0215,2023-10-14 00:00:00,Idle
D0215,2023-10-14 08:00:00,Offline
D0215,2023-10-17 10:00:00,Busy
D0215,2023-10-17 12:00:00,Online
D0215,2023-10-17 14:00:00,Online
D0215,2023-10-17 22:00:00,Busy
D0215,2023-10-18 06:00:00,Online
D0215,2023-10-18 14:00:00,Offline
D0215,2023-10-18 20:00:00,Idle
D0215,2023-10-19 10:00:00,Busy
D0215,2023-10-20 18:00:00,Busy
D0215,2023-10-21 10:00:00,Busy
D0215,2023-10-21 12:00:00,Online
D0215,2023-10-21 18:00:00,Busy
D0215,2023-10-22 16:00:00,Busy
D0215,2023-10-27 00:00:00,Offline
D0215,2023-10-27 18:00:00,Busy
D0215,2023-10-27 20:00:00,Online
D0215,2023-10-28 14:00:00,Busy
D0215,2023-10-29 02:00:00,Busy
D0215,2023-10-30 04:00:00,Online
D0216,2023-10-01 10:00:00,Online
D0216,2023-10-02 04:00:00,Offline
D0216,2023-10-02 18:00:00,Online
D0216,2023-10-03 22:00:00,Online
D0216,2023-10-04 00:00:00,Offline
D0216,2023-10-04 14:00:00,Busy
D0216,2023-10-07 08:00:00,Online
D0216,2023-10-07 16:00:00,Busy
D0216,2023-10-08 20:00:00,Online
D0216,2023-10-09 20:00:00,Offline
D0216,2023-10-13 00:00:00,Busy
D0216,2023-10-14 02:00:00,Online
D0216,2023-10-14 08:00:00,Online
D0216,2023-10-14 22:00:00,Idle
D0216,2023-10-16 16:00:00,Idle
D0216,2023-10-17 04:00:00,Online
D0216,2023-10-17 06:00:00,Idle
D0216,2023-10-17 22:00:00,Busy
D0216,2023-10-18 04:00:00,Idle
D0216,2023-10-18 16:00:00,Idle
D0216,2023-10-18 20:00:00,Idle
D0216,2023-10-20 12:00:00,Online
D0216,2023-10-22 08:00:00,Online
D0216,2023-10-22 22:00:00,Online
D0216,2023-10-24 04:00:00,Online
D0216,2023-10-25 02:00:00,Idle
D0216,2023-10-25 20:00:00,Busy
D0216,2023-10-27 04:00:00,Offline
D0216,2023-10-29 16:00:00,Offline
D0216,2023-10-30 10:00:00,Busy
D0217,2023-10-02 12:00:00,Online
D0217,2023-10-02 22:00:00,Online
D0217,2023-10-03 20:00:00,Online
D0217,2023-10-05 02:00:00,Idle
D0217,2023-10-06 22:00:00,Busy
D0217,2023-10-07 06:00:00,Busy
D0217,2023-10-07 08:00:00,Idle
D0217,2023-10-07 12:00:00,Offline
D0217,2023-10-09 08:00:00,Online
D0217,2023-10-09 16:00:00,Idle
D0217,2023-10-10 10:00:00,Busy
D0217,2023-10-10 12:00:00,Online
D0217,2023-10-11 08:00:00,Busy
D0217,2023-10-15 02:00:00,Busy
D0217,2023-10-16 06:00:00,Offline
D0217,2023-10-16 10:00:00,Offline
D0217,2023-10-16 20:00:00,Idle
D0217,2023-10-20 18:00:00,Online
D0217,2023-10-24 00:00:00,Online
D0217,2023-10-24 14:00:00,Busy
D0217,2023-10-25 10:00:00,Online
D0217,2023-10-25 14:00:00,Online
D0217,2023-10-26 06:00:00,Idle
D0217,2023-10-27 08:00:00,Idle
D0217,2023-10-27 16:00:00,Idle
D0217,2023-10-28 04:00:00,Idle
D0217,2023-10-29 18:00:00,Online
D0217,2023-10-30 06:00:00,Online
D0217,2023-10-30 14:00:00,Idle
D0217,2023-10-30 22:00:00,Idle
D0218,2023-10-01 22:00:00,Online
D0218,2023-10-02 00:00:00,Online
D0218,2023-10-03 02:00:00,Idle
D0218,2023-10-03 18:00:00,Busy
D0218,2023-10-06 06:00:00,Online
D0218,2023-10-07 00:00:00,Busy
D0218,2023-10-07 14:00:00,Busy
D0218,2023-10-08 08:00:00,Offline
D0218,2023-10-09 10:00:00,Offline
D0218,2023-10-12 12:00:00,Busy
D0218,2023-10-13 16:00:00,Busy
D0218,2023-10-14 04:00:00,Idle
D0218,2023-10-15 10:00:00,Online
D0218,2023-10-17 00:00:00,Offline
D0218,2023-10-17 06:00:00,Busy
D0218,2023-10-18 04:00:00,Busy
D0218,2023-10-19 16:00:00,Offline
D0218,2023-10-20 14:00:00,Online
D0218,2023-10-22 12:00:00,Online
D0218,2023-10-22 22:00:00,Online
D0218,2023-10-23 12:00:00,Busy
D0218,2023-10-24 18:00:00,Offline
D0218,2023-10-25 02:00:00,Busy
D0218,2023-10-26 00:00:00,Online
D0218,2023-10-26 04:00:00,Offline
D0218,2023-10-27 04:00:00,Online
D0218,2023-10-27 16:00:00,Idle
D0218,2023-10-28 02:00:00,Online
D0218,2023-10-29 20:00:00,Online
D0218,2023-10-30 22:00:00,Idle
D0219,2023-10-01 06:00:00,Online
D0219,2023-10-03 10:00:00,Busy
D0219,2023-10-04 16:00:00,Offline
D0219,2023-10-05 18:00:00,Idle
D0219,2023-10-05 20:00:00,Busy
D0219,2023-10-06 14:00:00,Idle
D0219,2023-10-07 00:00:00,Online
D0219,2023-10-08 02:00:00,Online
D0219,2023-10-08 14:00:00,Busy
D0219,2023-10-10 02:00:00,Online
D0219,2023-10-10 22:00:00,Busy
D0219,2023-10-11 06:00:00,Idle
D0219,2023-10-12 06:00:00,Busy
D0219,2023-10-12 14:00:00,Online
D0219,2023-10-12 22:00:00,Online
D0219,2023-10-15 02:00:00,Busy
D0219,2023-10-17 02:00:00,Offline
D0219,2023-10-18 10:00:00,Busy
D0219,2023-10-19 06:00:00,Busy
D0219,2023-10-22 14:00:00,Online
D0219,2023-10-23 04:00:00,Busy
D0219,2023-10-23 10:00:00,Online
D0219,2023-10-24 18:00:00,Busy
D0219,2023-10-25 08:00:00,Offline
D0219,2023-10-26 06:00:00,Online
D0219,2023-10-28 16:00:00,Online
D0219,2023-10-28 18:00:00,Idle
D0219,2023-10-28 22:00:00,Idle
D0219,2023-10-29 18:00:00,Busy
D0219,2023-10-30 04:00:00,Busy
D0220,2023-10-02 22:00:00,Busy
D0220,2023-10-03 06:00:00,Busy
D0220,2023-10-03 12:00:00,Busy
D0220,2023-10-04 10:00:00,Online
D0220,2023-10-05 00:00:00,Busy
D0220,2023-10-05 04:00:00,Online
D0220,2023-10-05 06:00:00,Online
D0220,2023-10-05 12:00:00,Online
D0220,2023-10-06 02:00:00,Online
D0220,2023-10-06 14:00:00,Online
D0220,2023-10-08 06:00:00,Online
D0220,2023-10-08 14:00:00,Busy
D0220,2023-10-09 02:00:00,Idle
D0220,2023-10-11 14:00:00,Busy
D0220,2023-10-13 04:00:00,Idle
D0220,2023-10-15 08:00:00,Busy
D0220,2023-10-15 10:00:00,Online
D0220,2023-10-15 12:00:00,Online
D0220,2023-10-16 16:00:00,Busy
D0220,2023-10-16 18:00:00,Online
D0220,2023-10-17 08:00:00,Busy
D0220,2023-10-21 10:00:00,Busy
D0220,2023-10-23 04:00:00,Busy
D0220,2023-10-23 10:00:00,Offline
D0220,2023-10-24 12:00:00,Busy
D0220,2023-10-26 18:00:00,Idle
D0220,2023-10-27 10:00:00,Busy
D0220,2023-10-28 16:00:00,Online
D0220,2023-10-29 18:00:00,Online
D0220,2023-10-30 04:00:00,Busy
D0221,2023-10-01 00:00:00,Busy
D0221,2023-10-01 12:00:00,Offline
D0221,2023-10-02 06:00:00,Idle
D0221,2023-10-02 22:00:00,Online
D0221,2023-10-04 08:00:00,Online
D0221,2023-10-04 18:00:00,Online
D0221,2023-10-05 00:00:00,Online
D0221,2023-10-05 20:00:00,Busy
D0221,2023-10-08 00:00:00,Busy
D0221,2023-10-08 08:00:00,Busy
D0221,2023-10-08 20:00:00,Online
D0221,2023-10-10 04:00:00,Idle
D0221,2023-10-10 18:00:00,Busy
D0221,2023-10-10 22:00:00,Online
D0221,2023-10-11 20:00:00,Busy
D0221,2023-10-13 16:00:00,Idle
D0221,2023-10-14 02:00:00,Online
D0221,2023-10-14 06:00:00,Online
D0221,2023-10-15 20:00:00,Online
D0221,2023-10-19 22:00:00,Busy
D0221,2023-10-21 04:00:00,Busy
D0221,2023-10-22 06:00:00,Idle
D0221,2023-10-22 18:00:00,Online
D0221,2023-10-23 00:00:00,Online
D0221,2023-10-23 16:00:00,Online
D0221,2023-10-24 16:00:00,Online
D0221,2023-10-27 18:00:00,Busy
D0221,2023-10-28 14:00:00,Online
D0221,2023-10-29 12:00:00,Online
D0221,2023-10-30 16:00:00,Busy
D0222,2023-10-01 04:00:00,Busy
D0222,2023-10-02 02:00:00,Busy
D0222,2023-10-02 06:00:00,Online
D0222,2023-10-04 00:00:00,Idle
D0222,2023-10-05 12:00:00,Online
D0222,2023-10-06 08:00:00,Online
D0222,2023-10-06 18:00:00,Online
D0222,2023-10-10 02:00:00,Busy
D0222,2023-10-12 10:00:00,Offline
D0222,2023-10-14 04:00:00,Online
D0222,2023-10-14 06:00:00,Idle
D0222,2023-10-17 12:00:00,Online
D0222,2023-10-17 14:00:00,Idle
D0222,2023-10-18 02:00:00,Idle
D0222,2023-10-18 14:00:00,Busy
D0222,2023-10-19 20:00:00,Online
D0222,2023-10-21 08:00:00,Offline
D0222,2023-10-21 20:00:00,Online
D0222,2023-10-22 20:00:00,Idle
D0222,2023-10-23 06:00:00,Busy
D0222,2023-10-23 14:00:00,Busy
D0222,2023-10-23 18:00:00,Offline
D0222,2023-10-23 22:00:00,Offline
D0222,2023-10-24 16:00:00,Busy
D0222,2023-10-26 12:00:00,Offline
D0222,2023-10-28 08:00:00,Offline
D0222,2023-10-29 18:00:00,Busy
D0222,2023-10-30 04:00:00,Idle
D0222,2023-10-30 10:00:00,Offline
D0222,2023-10-30 22:00:00,Online
D0223,2023-10-02 04:00:00,Idle
D0223,2023-10-02 16:00:00,Idle
D0223,2023-10-03 04:00:00,Idle
D0223,2023-10-03 08:00:00,Online
D0223,2023-10-03 16:00:00,Offline
D0223,2023-10-04 18:00:00,Busy
D0223,2023-10-05 06:00:00,Offline
D0223,2023-10-06 16:00:00,Online
D0223,2023-10-10 04:00:00,Idle
D0223,2023-10-11 08:00:00,Online
D0223,2023-10-11 16:00:00,Busy
D0223,2023-10-14 00:00:00,Busy
D0223,2023-10-15 18:00:00,Online
D0223,2023-10-16 10:00:00,Idle
D0223,2023-10-16 14:00:00,Offline
D0223,2023-10-17 00:00:00,Offline
D0223,2023-10-17 14:00:00,Idle
D0223,2023-10-19 00:00:00,Online
D0223,2023-10-19 16:00:00,Offline
D0223,2023-10-20 10:00:00,Online
D0223,2023-10-21 12:00:00,Busy
D0223,2023-10-22 20:00:00,Idle
D0223,2023-10-23 10:00:00,Idle
D0223,2023-10-24 06:00:00,Busy
D0223,2023-10-24 16:00:00,Idle
D0223,2023-10-25 12:00:00,Online
D0223,2023-10-27 14:00:00,Busy
D0223,2023-10-28 22:00:00,Busy
D0223,2023-10-30 14:00:00,Busy
D0223,2023-10-30 18:00:00,Idle
D0224,2023-10-02 04:00:00,Busy
D0224,2023-10-03 00:00:00,Offline
D0224,2023-10-03 18:00:00,Idle
D0224,2023-10-04 08:00:00,Idle
D0224,2023-10-06 20:00:00,Online
D0224,2023-10-08 18:00:00,Offline
D0224,2023-10-09 00:00:00,Online
D0224,2023-10-11 02:00:00,Busy
D0224,2023-10-12 00:00:00,Idle
D0224,2023-10-15 10:00:00,Busy
D0224,2023-10-15 16:00:00,Busy
D0224,2023-10-15 18:00:00,Online
D0224,2023-10-15 20:00:00,Offline
D0224,2023-10-16 10:00:00,Idle
D0224,2023-10-18 10:00:00,Online
D0224,2023-10-18 18:00:00,Idle
D0224,2023-10-18 22:00:00,Online
D0224,2023-10-19 08:00:00,Busy
D0224,2023-10-20 14:00:00,Busy
D0224,2023-10-22 12:00:00,Online
D0224,2023-10-22 20:00:00,Busy
D0224,2023-10-23 00:00:00,Online
D0224,2023-10-23 20:00:00,Online
D0224,2023-10-26 20:00:00,Busy
D0224,2023-10-27 18:00:00,Idle
D0224,2023-10-28 02:00:00,Busy
D0224,2023-10-28 12:00:00,Busy
D0224,2023-10-29 12:00:00,Idle
D0224,2023-10-29 16:00:00,Offline
D0224,2023-10-30 10:00:00,Idle
D0225,2023-10-01 00:00:00,Busy
D0225,2023-10-01 06:00:00,Offline
D0225,2023-10-01 16:00:00,Idle
D0225,2023-10-02 14:00:00,Idle
D0225,2023-10-02 18:00:00,Offline
D0225,2023-10-02 22:00:00,Busy
D0225,2023-10-03 08:00:00,Online
D0225,2023-10-05 12:00:00,Busy
D0225,2023-10-07 02:00:00,Offline
D0225,2023-10-07 06:00:00,Busy
D0225,2023-10-09 04:00:00,Busy
D0225,2023-10-12 12:00:00,Busy
D0225,2023-10-13 22:00:00,Busy
D0225,2023-10-14 20:00:00,Offline
D0225,2023-10-15 04:00:00,Busy
D0225,2023-10-15 10:00:00,Busy
D0225,2023-10-16 00:00:00,Online
D0225,2023-10-17 16:00:00,Offline
D0225,2023-10-19 10:00:00,Idle
D0225,2023-10-20 04:00:00,Busy
D0225,2023-10-20 16:00:00,Online
D0225,2023-10-21 20:00:00,Offline
D0225,2023-10-24 08:00:00,Busy
D0225,2023-10-25 00:00:00,Online
D0225,2023-10-26 12:00:00,Busy
D0225,2023-10-26 16:00:00,Offline
D0225,2023-10-27 00:00:00,Busy
D0225,2023-10-29 04:00:00,Online
D0225,2023-10-29 16:00:00,Idle
D0225,2023-10-30 02:00:00,Online
D0226,2023-10-02 12:00:00,Busy
D0226,2023-10-02 14:00:00,Online
D0226,2023-10-02 16:00:00,Idle
D0226,2023-10-04 18:00:00,Busy
D0226,2023-10-05 02:00:00,Busy
D0226,2023-10-05 04:00:00,Offline
D0226,2023-10-06 20:00:00,Offline
D0226,2023-10-07 22:00:00,Offline
D0226,2023-10-12 00:00:00,Offline
D0226,2023-10-12 06:00:00,Busy
D0226,2023-10-12 14:00:00,Idle
D0226,2023-10-14 16:00:00,Busy
D0226,2023-10-14 22:00:00,Busy
D0226,2023-10-15 08:00:00,Busy
D0226,2023-10-15 10:00:00,Busy
D0226,2023-10-16 06:00:00,Online
D0226,2023-10-16 10:00:00,Online
D0226,2023-10-17 08:00:00,Busy
D0226,2023-10-19 22:00:00,Offline
D0226,2023-10-20 16:00:00,Online
D0226,2023-10-21 02:00:00,Busy
D0226,2023-10-23 18:00:00,Busy
D0226,2023-10-24 00:00:00,Online
D0226,2023-10-24 04:00:00,Idle
D0226,2023-10-27 04:00:00,Online
D0226,2023-10-27 12:00:00,Online
D0226,2023-10-27 22:00:00,Online
D0226,2023-10-28 02:00:00,Online
D0226,2023-10-29 14:00:00,Busy
D0226,2023-10-30 10:00:00,Idle
D0227,2023-10-01 16:00:00,Busy
D0227,2023-10-03 00:00:00,Online
D0227,2023-10-04 04:00:00,Online
D0227,2023-10-07 22:00:00,Online
D0227,2023-10-08 10:00:00,Busy
D0227,2023-10-08 12:00:00,Busy
D0227,2023-10-08 20:00:00,Idle
D0227,2023-10-09 08:00:00,Online
D0227,2023-10-10 00:00:00,Idle
D0227,2023-10-10 04:00:00,Idle
D0227,2023-10-10 16:00:00,Offline
D0227,2023-10-10 22:00:00,Offline
D0227,2023-10-13 10:00:00,Online
D0227,2023-10-14 04:00:00,Offline
D0227,2023-10-14 06:00:00,Online
D0227,2023-10-16 06:00:00,Offline
D0227,2023-10-17 14:00:00,Busy
D0227,2023-10-18 12:00:00,Busy
D0227,2023-10-19 14:00:00,Busy
D0227,2023-10-19 18:00:00,Idle
D0227,2023-10-21 06:00:00,Idle
D0227,2023-10-21 12:00:00,Online
D0227,2023-10-22 08:00:00,Offline
D0227,2023-10-23 16:00:00,Busy
D0227,2023-10-23 22:00:00,Online
D0227,2023-10-24 06:00:00,Busy
D0227,2023-10-24 12:00:00,Idle
D0227,2023-10-29 04:00:00,Idle
D0227,2023-10-29 06:00:00,Busy
D0227,2023-10-30 06:00:00,Offline
D0228,2023-10-01 18:00:00,Busy
D0228,2023-10-02 10:00:00,Online
D0228,2023-10-02 16:00:00,Idle
D0228,2023-10-03 10:00:00,Offline
D0228,2023-10-03 20:00:00,Offline
D0228,2023-10-03 22:00:00,Online
D0228,2023-10-04 22:00:00,Online
D0228,2023-10-06 00:00:00,Idle
D0228,2023-10-06 16:00:00,Idle
D0228,2023-10-07 00:00:00,Online
D0228,2023-10-07 22:00:00,Online
D0228,2023-10-10 04:00:00,Busy
D0228,2023-10-12 20:00:00,Idle
D0228,2023-10-14 14:00:00,Idle
D0228,2023-10-15 22:00:00,Idle
D0228,2023-10-16 20:00:00,Online
D0228,2023-10-17 22:00:00,Offline
D0228,2023-10-18 04:00:00,Idle
D0228,2023-10-18 20:00:00,Offline
D0228,2023-10-20 00:00:00,Busy
D0228,2023-10-20 20:00:00,Busy
D0228,2023-10-21 14:00:00,Idle
D0228,2023-10-22 08:00:00,Offline
D0228,2023-10-25 12:00:00,Online
D0228,2023-10-26 08:00:00,Online
D0228,2023-10-26 10:00:00,Busy
D0228,2023-10-27 16:00:00,Busy
D0228,2023-10-28 00:00:00,Online
D0228,2023-10-28 18:00:00,Offline
D0228,2023-10-30 12:00:00,Online
D0229,2023-10-01 04:00:00,Busy
D0229,2023-10-01 22:00:00,Offline
D0229,2023-10-02 04:00:00,Offline
D0229,2023-10-06 00:00:00,Busy
D0229,2023-10-07 00:00:00,Busy
D0229,2023-10-07 12:00:00,Online
D0229,2023-10-08 20:00:00,Online
D0229,2023-10-09 04:00:00,Online
D0229,2023-10-09 06:00:00,Idle
D0229,2023-10-10 04:00:00,Busy
D0229,2023-10-10 16:00:00,Online
D0229,2023-10-12 20:00:00,Busy
D0229,2023-10-14 16:00:00,Busy
D0229,2023-10-16 14:00:00,Busy
D0229,2023-10-17 16:00:00,Busy
D0229,2023-10-18 22:00:00,Online
D0229,2023-10-20 10:00:00,Busy
D0229,2023-10-20 14:00:00,Busy
D0229,2023-10-20 20:00:00,Offline
D0229,2023-10-21 08:00:00,Offline
D0229,2023-10-21 12:00:00,Busy
D0229,2023-10-21 22:00:00,Online
D0229,2023-10-23 02:00:00,Online
D0229,2023-10-26 22:00:00,Idle
D0229,2023-10-28 08:00:00,Busy
D0229,2023-10-28 14:00:00,Busy
D0229,2023-10-29 08:00:00,Online
D0229,2023-10-29 14:00:00,Online
D0229,2023-10-30 20:00:00,Idle
D0229,2023-10-30 22:00:00,Online
D0230,2023-10-04 16:00:00,Busy
D0230,2023-10-04 20:00:00,Online
D0230,2023-10-05 14:00:00,Busy
D0230,2023-10-06 10:00:00,Online
D0230,2023-10-06 20:00:00,Busy
D0230,2023-10-07 02:00:00,Busy
D0230,2023-10-08 18:00:00,Busy
D0230,2023-10-09 20:00:00,Online
D0230,2023-10-11 06:00:00,Offline
D0230,2023-10-12 06:00:00,Idle
D0230,2023-10-14 22:00:00,Busy
D0230,2023-10-15 18:00:00,Idle
D0230,2023-10-16 10:00:00,Online
D0230,2023-10-17 10:00:00,Offline
D0230,2023-10-18 00:00:00,Online
D0230,2023-10-20 02:00:00,Online
D0230,2023-10-20 22:00:00,Busy
D0230,2023-10-21 12:00:00,Offline
D0230,2023-10-21 22:00:00,Offline
D0230,2023-10-23 04:00:00,Offline
D0230,2023-10-23 14:00:00,Online
D0230,2023-10-23 22:00:00,Busy
D0230,2023-10-24 10:00:00,Busy
D0230,2023-10-24 20:00:00,Busy
D0230,2023-10-25 04:00:00,Online
D0230,2023-10-27 06:00:00,Busy
D0230,2023-10-28 20:00:00,Busy
D0230,2023-10-29 10:00:00,Idle
D0230,2023-10-29 12:00:00,Idle
D0230,2023-10-30 00:00:00,Busy
D0231,2023-10-01 08:00:00,Idle
D0231,2023-10-02 06:00:00,Online
D0231,2023-10-03 16:00:00,Busy
D0231,2023-10-03 22:00:00,Busy
D0231,2023-10-04 00:00:00,Busy
D0231,2023-10-04 14:00:00,Idle
D0231,2023-10-04 22:00:00,Busy
D0231,2023-10-05 20:00:00,Busy
D0231,2023-10-06 14:00:00,Idle
D0231,2023-10-07 02:00:00,Busy
D0231,2023-10-08 10:00:00,Busy
D0231,2023-10-09 22:00:00,Online
D0231,2023-10-10 22:00:00,Online
D0231,2023-10-12 04:00:00,Busy
D0231,2023-10-13 00:00:00,Busy
D0231,2023-10-13 12:00:00,Busy
D0231,2023-10-13 14:00:00,Online
D0231,2023-10-14 12:00:00,Idle
D0231,2023-10-14 20:00:00,Busy
D0231,2023-10-15 02:00:00,Idle
D0231,2023-10-15 18:00:00,Idle
D0231,2023-10-18 04:00:00,Busy
D0231,2023-10-18 06:00:00,Busy
D0231,2023-10-18 08:00:00,Busy
D0231,2023-10-21 00:00:00,Online
D0231,2023-10-23 16:00:00,Offline
D0231,2023-10-23 18:00:00,Idle
D0231,2023-10-29 08:00:00,Busy
D0231,2023-10-30 06:00:00,Offline
D0231,2023-10-30 22:00:00,Online
D0232,2023-10-01 04:00:00,Online
D0232,2023-10-04 06:00:00,Online
D0232,2023-10-04 12:00:00,Online
D0232,2023-10-05 20:00:00,Idle
D0232,2023-10-06 06:00:00,Busy
D0232,2023-10-06 16:00:00,Online
D0232,2023-10-06 22:00:00,Idle
D0232,2023-10-07 12:00:00,Offline
D0232,2023-10-07 18:00:00,Online
D0232,2023-10-08 16:00:00,Offline
D0232,2023-10-09 08:00:00,Online
D0232,2023-10-10 02:00:00,Offline
D0232,2023-10-11 04:00:00,Busy
D0232,2023-10-12 04:00:00,Idle
D0232,2023-10-14 02:00:00,Online
D0232,2023-10-14 12:00:00,Idle
D0232,2023-10-15 06:00:00,Online
D0232,2023-10-16 08:00:00,Busy
D0232,2023-10-16 22:00:00,Online
D0232,2023-10-17 04:00:00,Busy
D0232,2023-10-17 10:00:00,Online
D0232,2023-10-20 06:00:00,Offline
D0232,2023-10-20 18:00:00,Idle
D0232,2023-10-21 16:00:00,Online
D0232,2023-10-24 04:00:00,Idle
D0232,2023-10-24 22:00:00,Busy
D0232,2023-10-26 14:00:00,Busy
D0232,2023-10-28 20:00:00,Busy
D0232,2023-10-29 00:00:00,Idle
D0232,2023-10-30 08:00:00,Online
D0233,2023-10-01 10:00:00,Offline
D0233,2023-10-03 06:00:00,Busy
D0233,2023-10-05 12:00:00,Busy
D0233,2023-10-06 20:00:00,Online
D0233,2023-10-07 00:00:00,Busy
D0233,2023-10-07 02:00:00,Offline
D0233,2023-10-09 02:00:00,Idle
D0233,2023-10-09 18:00:00,Busy
D0233,2023-10-11 14:00:00,Busy
D0233,2023-10-12 00:00:00,Offline
D0233,2023-10-12 14:00:00,Online
D0233,2023-10-14 10:00:00,Online
D0233,2023-10-15 06:00:00,Busy
D0233,2023-10-16 06:00:00,Offline
D0233,2023-10-17 14:00:00,Idle
D0233,2023-10-19 04:00:00,Online
D0233,2023-10-20 08:00:00,Idle
D0233,2023-10-20 20:00:00,Online
D0233,2023-10-21 04:00:00,Idle
D0233,2023-10-22 04:00:00,Online
D0233,2023-10-22 18:00:00,Offline
D0233,2023-10-22 20:00:00,Offline
D0233,2023-10-23 00:00:00,Busy
D0233,2023-10-23 08:00:00,Busy
D0233,2023-10-25 14:00:00,Offline
D0233,2023-10-26 00:00:00,Online
D0233,2023-10-26 14:00:00,Online
D0233,2023-10-27 16:00:00,Offline
D0233,2023-10-28 08:00:00,Offline
D0233,2023-10-28 14:00:00,Online
D0234,2023-10-02 14:00:00,Busy
D0234,2023-10-02 18:00:00,Online
D0234,2023-10-02 20:00:00,Online
D0234,2023-10-04 02:00:00,Idle
D0234,2023-10-04 08:00:00,Idle
D0234,2023-10-04 22:00:00,Idle
D0234,2023-10-05 02:00:00,Online
D0234,2023-10-06 20:00:00,Online
D0234,2023-10-06 22:00:00,Online
D0234,2023-10-07 02:00:00,Idle
D0234,2023-10-08 08:00:00,Offline
D0234,2023-10-08 18:00:00,Busy
D0234,2023-10-09 22:00:00,Busy
D0234,2023-10-11 10:00:00,Online
D0234,2023-10-12 22:00:00,Online
D0234,2023-10-14 00:00:00,Online
D0234,2023-10-15 12:00:00,Online
D0234,2023-10-16 02:00:00,Offline
D0234,2023-10-20 12:00:00,Busy
D0234,2023-10-22 14:00:00,Busy
D0234,2023-10-23 00:00:00,Online
D0234,2023-10-23 14:00:00,Offline
D0234,2023-10-25 04:00:00,Busy
D0234,2023-10-25 16:00:00,Online
D0234,2023-10-25 22:00:00,Online
D0234,2023-10-26 02:00:00,Busy
D0234,2023-10-28 12:00:00,Online
D0234,2023-10-28 22:00:00,Busy
D0234,2023-10-30 04:00:00,Busy
D0234,2023-10-30 06:00:00,Offline
D0235,2023-10-03 08:00:00,Online
D0235,2023-10-03 14:00:00,Online
D0235,2023-10-04 06:00:00,Online
D0235,2023-10-06 22:00:00,Online
D0235,2023-10-08 10:00:00,Idle
D0235,2023-10-09 20:00:00,Online
D0235,2023-10-10 06:00:00,Busy
D0235,2023-10-10 08:00:00,Offline
D0235,2023-10-10 20:00:00,Offline
D0235,2023-10-11 00:00:00,Busy
D0235,2023-10-11 08:00:00,Busy
D0235,2023-10-11 22:00:00,Idle
D0235,2023-10-12 20:00:00,Online
D0235,2023-10-15 12:00:00,Online
D0235,2023-10-15 14:00:00,Busy
D0235,2023-10-16 02:00:00,Online
D0235,2023-10-16 04:00:00,Online
D0235,2023-10-18 20:00:00,Offline
D0235,2023-10-19 00:00:00,Idle
D0235,2023-10-19 12:00:00,Busy
D0235,2023-10-20 00:00:00,Idle
D0235,2023-10-21 12:00:00,Busy
D0235,2023-10-23 22:00:00,Online
D0235,2023-10-24 04:00:00,Busy
D0235,2023-10-24 06:00:00,Busy
D0235,2023-10-24 08:00:00,Idle
D0235,2023-10-26 16:00:00,Offline
D0235,2023-10-27 02:00:00,Idle
D0235,2023-10-27 10:00:00,Busy
D0235,2023-10-29 06:00:00,Idle
D0236,2023-10-02 18:00:00,Offline
D0236,2023-10-03 22:00:00,Offline
D0236,2023-10-05 08:00:00,Busy
D0236,2023-10-05 16:00:00,Busy
D0236,2023-10-05 22:00:00,Online
D0236,2023-10-06 12:00:00,Online
D0236,2023-10-07 16:00:00,Online
D0236,2023-10-09 22:00:00,Busy
D0236,2023-10-10 20:00:00,Online
D0236,2023-10-11 18:00:00,Online
D0236,2023-10-13 14:00:00,Idle
D0236,2023-10-13 16:00:00,Busy
D0236,2023-10-13 18:00:00,Busy
D0236,2023-10-14 12:00:00,Busy
D0236,2023-10-14 20:00:00,Idle
D0236,2023-10-15 14:00:00,Idle
D0236,2023-10-16 22:00:00,Busy
D0236,2023-10-17 12:00:00,Online
D0236,2023-10-18 16:00:00,Online
D0236,2023-10-19 06:00:00,Busy
D0236,2023-10-19 16:00:00,Busy
D0236,2023-10-21 00:00:00,Busy
D0236,2023-10-21 18:00:00,Online
D0236,2023-10-23 10:00:00,Idle
D0236,2023-10-25 08:00:00,Online
D0236,2023-10-26 14:00:00,Busy
D0236,2023-10-26 16:00:00,Busy
D0236,2023-10-28 20:00:00,Online
D0236,2023-10-29 16:00:00,Offline
D0236,2023-10-30 14:00:00,Offline
D0237,2023-10-01 02:00:00,Online
D0237,2023-10-02 06:00:00,Busy
D0237,2023-10-02 18:00:00,Idle
D0237,2023-10-05 22:00:00,Online
D0237,2023-10-10 08:00:00,Offline
D0237,2023-10-11 04:00:00,Offline
D0237,2023-10-11 14:00:00,Offline
D0237,2023-10-12 08:00:00,Offline
D0237,2023-10-14 02:00:00,Busy
D0237,2023-10-14 08:00:00,Idle
D0237,2023-10-15 16:00:00,Offline
D0237,2023-10-17 02:00:00,Online
D0237,2023-10-18 06:00:00,Offline
D0237,2023-10-18 14:00:00,Online
D0237,2023-10-18 16:00:00,Offline
D0237,2023-10-19 12:00:00,Busy
D0237,2023-10-21 20:00:00,Online
D0237,2023-10-22 00:00:00,Online
D0237,2023-10-24 08:00:00,Busy
D0237,2023-10-25 00:00:00,Online
D0237,2023-10-25 06:00:00,Idle
D0237,2023-10-25 16:00:00,Busy
D0237,2023-10-27 10:00:00,Idle
D0237,2023-10-27 14:00:00,Busy
D0237,2023-10-27 20:00:00,Busy
D0237,2023-10-28 04:00:00,Online
D0237,2023-10-28 16:00:00,Busy
D0237,2023-10-29 04:00:00,Idle
D0237,2023-10-29 06:00:00,Online
D0237,2023-10-30 02:00:00,Idle
D0238,2023-10-02 14:00:00,Busy
D0238,2023-10-02 20:00:00,Offline
D0238,2023-10-03 10:00:00,Online
D0238,2023-10-04 22:00:00,Online
D0238,2023-10-05 06:00:00,Idle
D0238,2023-10-06 04:00:00,Online
D0238,2023-10-08 16:00:00,Online
D0238,2023-10-08 18:00:00,Online
D0238,2023-10-09 04:00:00,Offline
D0238,2023-10-12 04:00:00,Online
D0238,2023-10-13 04:00:00,Idle
D0238,2023-10-14 18:00:00,Offline
D0238,2023-10-16 00:00:00,Online
D0238,2023-10-16 12:00:00,Busy
D0238,2023-10-17 16:00:00,Idle
D0238,2023-10-18 04:00:00,Online
D0238,2023-10-18 20:00:00,Idle
D0238,2023-10-19 06:00:00,Idle
D0238,2023-10-20 16:00:00,Online
D0238,2023-10-20 20:00:00,Offline
D0238,2023-10-21 00:00:00,Offline
D0238,2023-10-21 18:00:00,Idle
D0238,2023-10-22 10:00:00,Offline
D0238,2023-10-22 22:00:00,Busy
D0238,2023-10-23 14:00:00,Online
D0238,2023-10-23 20:00:00,Idle
D0238,2023-10-25 02:00:00,Idle
D0238,2023-10-25 04:00:00,Busy
D0238,2023-10-27 04:00:00,Online
D0238,2023-10-27 20:00:00,Busy
D0239,2023-10-01 04:00:00,Busy
D0239,2023-10-01 08:00:00,Online
D0239,2023-10-01 12:00:00,Offline
D0239,2023-10-01 16:00:00,Online
D0239,2023-10-05 02:00:00,Idle
D0239,2023-10-05 16:00:00,Offline
D0239,2023-10-06 02:00:00,Idle
D0239,2023-10-08 00:00:00,Idle
D0239,2023-10-09 02:00:00,Online
D0239,2023-10-10 00:00:00,Busy
D0239,2023-10-11 06:00:00,Idle
D0239,2023-10-11 20:00:00,Online
D0239,2023-10-12 04:00:00,Idle
D0239,2023-10-12 12:00:00,Offline
D0239,2023-10-12 20:00:00,Online
D0239,2023-10-14 00:00:00,Online
D0239,2023-10-17 02:00:00,Online
D0239,2023-10-17 22:00:00,Online
D0239,2023-10-18 12:00:00,Online
D0239,2023-10-19 22:00:00,Busy
D0239,2023-10-20 02:00:00,Busy
D0239,2023-10-20 22:00:00,Busy
D0239,2023-10-21 06:00:00,Offline
D0239,2023-10-21 20:00:00,Offline
D0239,2023-10-22 12:00:00,Busy
D0239,2023-10-22 18:00:00,Online
D0239,2023-10-27 04:00:00,Idle
D0239,2023-10-28 02:00:00,Online
D0239,2023-10-29 02:00:00,Offline
D0239,2023-10-30 18:00:00,Busy
D0240,2023-10-03 08:00:00,Online
D0240,2023-10-04 14:00:00,Busy
D0240,2023-10-04 16:00:00,Busy
D0240,2023-10-06 04:00:00,Busy
D0240,2023-10-06 10:00:00,Busy
D0240,2023-10-07 22:00:00,Busy
D0240,2023-10-09 18:00:00,Idle
D0240,2023-10-10 04:00:00,Busy
D0240,2023-10-10 14:00:00,Online
D0240,2023-10-11 04:00:00,Idle
D0240,2023-10-12 10:00:00,Online
D0240,2023-10-13 04:00:00,Offline
D0240,2023-10-13 20:00:00,Online
D0240,2023-10-14 14:00:00,Idle
D0240,2023-10-17 06:00:00,Online
D0240,2023-10-17 14:00:00,Online
D0240,2023-10-17 20:00:00,Online
D0240,2023-10-22 06:00:00,Idle
D0240,2023-10-22 16:00:00,Online
D0240,2023-10-23 14:00:00,Online
D0240,2023-10-25 14:00:00,Busy
D0240,2023-10-26 02:00:00,Busy
D0240,2023-10-26 22:00:00,Online
D0240,2023-10-27 14:00:00,Idle
D0240,2023-10-27 16:00:00,Busy
D0240,2023-10-28 08:00:00,Online
D0240,2023-10-28 10:00:00,Busy
D0240,2023-10-29 08:00:00,Idle
D0240,2023-10-29 18:00:00,Offline
D0240,2023-10-30 20:00:00,Online
D0241,2023-10-02 14:00:00,Busy
D0241,2023-10-02 20:00:00,Online
D0241,2023-10-02 22:00:00,Busy
D0241,2023-10-03 00:00:00,Online
D0241,2023-10-03 18:00:00,Online
D0241,2023-10-03 20:00:00,Online
D0241,2023-10-05 14:00:00,Busy
D0241,2023-10-07 20:00:00,Busy
D0241,2023-10-08 12:00:00,Busy
D0241,2023-10-09 04:00:00,Online
D0241,2023-10-10 14:00:00,Idle
D0241,2023-10-10 18:00:00,Offline
D0241,2023-10-11 14:00:00,Busy
D0241,2023-10-12 22:00:00,Idle
D0241,2023-10-13 12:00:00,Idle
D0241,2023-10-14 04:00:00,Busy
D0241,2023-10-14 18:00:00,Online
D0241,2023-10-15 18:00:00,Online
D0241,2023-10-16 10:00:00,Busy
D0241,2023-10-18 02:00:00,Idle
D0241,2023-10-18 04:00:00,Online
D0241,2023-10-19 00:00:00,Offline
D0241,2023-10-20 02:00:00,Busy
D0241,2023-10-20 08:00:00,Offline
D0241,2023-10-21 00:00:00,Online
D0241,2023-10-21 18:00:00,Idle
D0241,2023-10-24 10:00:00,Offline
D0241,2023-10-25 02:00:00,Online
D0241,2023-10-27 06:00:00,Busy
D0241,2023-10-29 04:00:00,Offline
D0242,2023-10-01 16:00:00,Online
D0242,2023-10-01 22:00:00,Busy
D0242,2023-10-05 00:00:00,Busy
D0242,2023-10-05 18:00:00,Busy
D0242,2023-10-06 16:00:00,Online
D0242,2023-10-09 10:00:00,Offline
D0242,2023-10-10 08:00:00,Idle
D0242,2023-10-10 12:00:00,Idle
D0242,2023-10-11 02:00:00,Offline
D0242,2023-10-12 04:00:00,Offline
D0242,2023-10-13 22:00:00,Idle
D0242,2023-10-14 08:00:00,Online
D0242,2023-10-14 16:00:00,Online
D0242,2023-10-16 08:00:00,Idle
D0242,2023-10-17 02:00:00,Idle
D0242,2023-10-18 04:00:00,Offline
D0242,2023-10-18 08:00:00,Busy
D0242,2023-10-19 08:00:00,Online
D0242,2023-10-21 12:00:00,Idle
D0242,2023-10-22 00:00:00,Busy
D0242,2023-10-22 08:00:00,Online
D0242,2023-10-22 10:00:00,Online
D0242,2023-10-23 00:00:00,Idle
D0242,2023-10-24 22:00:00,Online
D0242,2023-10-25 16:00:00,Online
D0242,2023-10-25 22:00:00,Idle
D0242,2023-10-26 04:00:00,Busy
D0242,2023-10-27 20:00:00,Busy
D0242,2023-10-30 06:00:00,Busy
D0242,2023-10-30 10:00:00,Offline
D0243,2023-10-02 16:00:00,Online
D0243,2023-10-03 00:00:00,Busy
D0243,2023-10-04 14:00:00,Busy
D0243,2023-10-05 02:00:00,Busy
D0243,2023-10-06 20:00:00,Offline
D0243,2023-10-07 22:00:00,Busy
D0243,2023-10-08 22:00:00,Idle
D0243,2023-10-09 00:00:00,Online
D0243,2023-10-09 22:00:00,Online
D0243,2023-10-10 22:00:00,Online
D0243,2023-10-11 04:00:00,Online
D0243,2023-10-11 10:00:00,Offline
D0243,2023-10-11 20:00:00,Offline
D0243,2023-10-13 06:00:00,Busy
D0243,2023-10-13 08:00:00,Busy
D0243,2023-10-15 20:00:00,Online
D0243,2023-10-19 18:00:00,Idle
D0243,2023-10-19 20:00:00,Online
D0243,2023-10-20 06:00:00,Busy
D0243,2023-10-22 04:00:00,Busy
D0243,2023-10-22 08:00:00,Busy
D0243,2023-10-22 14:00:00,Busy
D0243,2023-10-23 02:00:00,Online
D0243,2023-10-24 06:00:00,Idle
D0243,2023-10-24 18:00:00,Online
D0243,2023-10-25 20:00:00,Online
D0243,2023-10-26 22:00:00,Idle
D0243,2023-10-27 06:00:00,Online
D0243,2023-10-27 16:00:00,Online
D0243,2023-10-30 06:00:00,Idle
D0244,2023-10-01 08:00:00,Busy
D0244,2023-10-01 18:00:00,Busy
D0244,2023-10-04 06:00:00,Online
D0244,2023-10-04 08:00:00,Busy
D0244,2023-10-04 22:00:00,Busy
D0244,2023-10-05 14:00:00,Offline
D0244,2023-10-06 00:00:00,Offline
D0244,2023-10-07 06:00:00,Online
D0244,2023-10-07 08:00:00,Busy
D0244,2023-10-07 20:00:00,Offline
D0244,2023-10-08 04:00:00,Busy
D0244,2023-10-11 12:00:00,Idle
D0244,2023-10-11 14:00:00,Busy
D0244,2023-10-11 20:00:00,Idle
D0244,2023-10-12 08:00:00,Online
D0244,2023-10-12 18:00:00,Busy
D0244,2023-10-13 06:00:00,Online
D0244,2023-10-16 02:00:00,Idle
D0244,2023-10-20 20:00:00,Online
D0244,2023-10-21 22:00:00,Offline
D0244,2023-10-24 08:00:00,Offline
D0244,2023-10-24 18:00:00,Busy
D0244,2023-10-25 08:00:00,Busy
D0244,2023-10-25 18:00:00,Online
D0244,2023-10-26 02:00:00,Busy
D0244,2023-10-28 02:00:00,Offline
D0244,2023-10-28 04:00:00,Online
D0244,2023-10-28 08:00:00,Online
D0244,2023-10-28 12:00:00,Idle
D0244,2023-10-29 04:00:00,Idle
D0245,2023-10-02 02:00:00,Idle
D0245,2023-10-04 00:00:00,Busy
D0245,2023-10-06 00:00:00,Idle
D0245,2023-10-06 04:00:00,Busy
D0245,2023-10-06 14:00:00,Offline
D0245,2023-10-06 18:00:00,Idle
D0245,2023-10-07 16:00:00,Offline
D0245,2023-10-10 12:00:00,Idle
D0245,2023-10-15 18:00:00,Busy
D0245,2023-10-17 00:00:00,Busy
D0245,2023-10-17 02:00:00,Busy
D0245,2023-10-17 10:00:00,Offline
D0245,2023-10-18 04:00:00,Busy
D0245,2023-10-18 12:00:00,Offline
D0245,2023-10-19 00:00:00,Busy
D0245,2023-10-20 06:00:00,Busy
D0245,2023-10-20 12:00:00,Idle
D0245,2023-10-21 00:00:00,Idle
D0245,2023-10-22 10:00:00,Busy
D0245,2023-10-22 18:00:00,Online
D0245,2023-10-23 06:00:00,Offline
D0245,2023-10-23 18:00:00,Online
D0245,2023-10-24 04:00:00,Idle
D0245,2023-10-25 04:00:00,Busy
D0245,2023-10-25 10:00:00,Online
D0245,2023-10-25 18:00:00,Idle
D0245,2023-10-27 06:00:00,Online
D0245,2023-10-28 02:00:00,Busy
D0245,2023-10-29 18:00:00,Idle
D0245,2023-10-30 02:00:00,Online
D0246,2023-10-01 02:00:00,Online
D0246,2023-10-03 04:00:00,Online
D0246,2023-10-04 10:00:00,Busy
D0246,2023-10-04 22:00:00,Busy
D0246,2023-10-06 18:00:00,Busy
D0246,2023-10-07 14:00:00,Busy
D0246,2023-10-08 10:00:00,Online
D0246,2023-10-09 22:00:00,Busy
D0246,2023-10-11 04:00:00,Busy
D0246,2023-10-11 10:00:00,Online
D0246,2023-10-12 02:00:00,Online
D0246,2023-10-12 20:00:00,Idle
D0246,2023-10-13 00:00:00,Idle
D0246,2023-10-15 08:00:00,Online
D0246,2023-10-16 08:00:00,Idle
D0246,2023-10-16 16:00:00,Online
D0246,2023-10-18 04:00:00,Idle
D0246,2023-10-18 06:00:00,Offline
D0246,2023-10-19 12:00:00,Busy
D0246,2023-10-20 00:00:00,Busy
D0246,2023-10-20 02:00:00,Online
D0246,2023-10-20 14:00:00,Busy
D0246,2023-10-20 22:00:00,Busy
D0246,2023-10-22 06:00:00,Busy
D0246,2023-10-22 08:00:00,Idle
D0246,2023-10-24 04:00:00,Busy
D0246,2023-10-24 22:00:00,Idle
D0246,2023-10-28 12:00:00,Idle
D0246,2023-10-29 08:00:00,Idle
D0246,2023-10-30 10:00:00,Idle
D0247,2023-10-01 02:00:00,Online
D0247,2023-10-01 10:00:00,Busy
D0247,2023-10-04 08:00:00,Online
D0247,2023-10-04 12:00:00,Busy
D0247,2023-10-05 18:00:00,Online
D0247,2023-10-06 06:00:00,Online
D0247,2023-10-06 10:00:00,Busy
D0247,2023-10-07 18:00:00,Idle
D0247,2023-10-09 00:00:00,Idle
D0247,2023-10-10 14:00:00,Online
D0247,2023-10-13 00:00:00,Busy
D0247,2023-10-13 04:00:00,Online
D0247,2023-10-13 12:00:00,Offline
D0247,2023-10-14 00:00:00,Busy
D0247,2023-10-14 04:00:00,Idle
D0247,2023-10-15 18:00:00,Idle
D0247,2023-10-17 22:00:00,Offline
D0247,2023-10-18 18:00:00,Online
D0247,2023-10-19 18:00:00,Online
D0247,2023-10-20 08:00:00,Busy
D0247,2023-10-21 18:00:00,Online
D0247,2023-10-21 22:00:00,Idle
D0247,2023-10-24 02:00:00,Online
D0247,2023-10-24 06:00:00,Offline
D0247,2023-10-25 00:00:00,Online
D0247,2023-10-27 14:00:00,Idle
D0247,2023-10-28 04:00:00,Busy
D0247,2023-10-28 16:00:00,Offline
D0247,2023-10-29 06:00:00,Busy
D0247,2023-10-30 04:00:00,Online
D0248,2023-10-01 06:00:00,Busy
D0248,2023-10-01 22:00:00,Online
D0248,2023-10-02 22:00:00,Online
D0248,2023-10-04 06:00:00,Online
D0248,2023-10-04 08:00:00,Online
D0248,2023-10-05 10:00:00,Offline
D0248,2023-10-05 16:00:00,Online
D0248,2023-10-06 00:00:00,Online
D0248,2023-10-07 08:00:00,Online
D0248,2023-10-07 18:00:00,Offline
D0248,2023-10-08 08:00:00,Offline
D0248,2023-10-11 08:00:00,Online
D0248,2023-10-12 10:00:00,Online
D0248,2023-10-15 04:00:00,Busy
D0248,2023-10-20 18:00:00,Offline
D0248,2023-10-20 20:00:00,Busy
D0248,2023-10-21 06:00:00,Online
D0248,2023-10-22 18:00:00,Idle
D0248,2023-10-23 00:00:00,Online
D0248,2023-10-24 10:00:00,Online
D0248,2023-10-24 16:00:00,Online
D0248,2023-10-25 10:00:00,Offline
D0248,2023-10-25 20:00:00,Busy
D0248,2023-10-26 12:00:00,Online
D0248,2023-10-26 22:00:00,Idle
D0248,2023-10-27 00:00:00,Idle
D0248,2023-10-27 10:00:00,Idle
D0248,2023-10-28 14:00:00,Online
D0248,2023-10-29 12:00:00,Idle
D0248,2023-10-29 20:00:00,Busy
D0249,2023-10-01 00:00:00,Online
D0249,2023-10-01 18:00:00,Online
D0249,2023-10-02 00:00:00,Busy
D0249,2023-10-03 06:00:00,Busy
D0249,2023-10-03 16:00:00,Busy
D0249,2023-10-04 16:00:00,Idle
D0249,2023-10-08 14:00:00,Idle
D0249,2023-10-09 08:00:00,Busy
D0249,2023-10-09 12:00:00,Busy
D0249,2023-10-09 20:00:00,Online
D0249,2023-10-10 20:00:00,Idle
D0249,2023-10-10 22:00:00,Online
D0249,2023-10-12 04:00:00,Online
D0249,2023-10-13 12:00:00,Online
D0249,2023-10-14 02:00:00,Online
D0249,2023-10-14 12:00:00,Offline
D0249,2023-10-14 20:00:00,Busy
D0249,2023-10-15 04:00:00,Busy
D0249,2023-10-16 14:00:00,Idle
D0249,2023-10-17 06:00:00,Online
D0249,2023-10-17 22:00:00,Idle
D0249,2023-10-18 00:00:00,Online
D0249,2023-10-18 12:00:00,Offline
D0249,2023-10-18 14:00:00,Busy
D0249,2023-10-20 00:00:00,Idle
D0249,2023-10-22 16:00:00,Online
D0249,2023-10-22 20:00:00,Busy
D0249,2023-10-25 04:00:00,Idle
D0249,2023-10-28 18:00:00,Idle
D0249,2023-10-30 10:00:00,Online
D0250,2023-10-02 02:00:00,Busy
D0250,2023-10-02 10:00:00,Busy
D0250,2023-10-03 02:00:00,Online
D0250,2023-10-04 14:00:00,Online
D0250,2023-10-05 04:00:00,Online
D0250,2023-10-05 10:00:00,Busy
D0250,2023-10-07 04:00:00,Offline
D0250,2023-10-07 12:00:00,Offline
D0250,2023-10-08 08:00:00,Online
D0250,2023-10-09 16:00:00,Idle
D0250,2023-10-09 20:00:00,Offline
D0250,2023-10-11 00:00:00,Idle
D0250,2023-10-11 22:00:00,Idle
D0250,2023-10-12 06:00:00,Idle
D0250,2023-10-12 22:00:00,Online
D0250,2023-10-13 18:00:00,Busy
D0250,2023-10-16 12:00:00,Online
D0250,2023-10-17 02:00:00,Offline
D0250,2023-10-18 04:00:00,Busy
D0250,2023-10-19 06:00:00,Busy
D0250,2023-10-20 10:00:00,Idle
D0250,2023-10-21 02:00:00,Online
D0250,2023-10-23 00:00:00,Idle
D0250,2023-10-25 20:00:00,Offline
D0250,2023-10-26 12:00:00,Online
D0250,2023-10-26 14:00:00,Online
D0250,2023-10-27 00:00:00,Busy
D0250,2023-10-27 08:00:00,Online
D0250,2023-10-28 04:00:00,Busy
D0250,2023-10-28 22:00:00,Idle
