trip_id,driver_id,rider_id,city,pickup_zone,drop_zone,request_time,pickup_time,drop_time,distance_km,fare,status,cancellation_reason
T00001,D0111,R01575,Delhi,Gurgaon,Dwarka,2023-10-28 13:17:00,2023-10-28 13:30:00,2023-10-28 14:36:00,6.16,167.96,Completed,
T00002,D0228,R00195,Mumbai,Powai,Dadar,2023-10-21 13:13:00,2023-10-21 13:22:00,2023-10-21 14:18:00,6.17,237.25,Completed,
T00003,D0096,R01704,Mumbai,Andheri,Andheri,2023-10-12 14:24:00,,,6.75,200.51,Cancelled,Driver
T00004,D0191,R01151,Mumbai,Powai,Andheri,2023-10-05 09:28:00,2023-10-05 09:40:00,2023-10-05 10:25:00,10.43,271.51,Completed,
T00005,D0224,R00590,Mumbai,Worli,Powai,2023-10-17 02:13:00,2023-10-17 02:27:00,2023-10-17 02:40:00,8.51,204.23,Completed,
T00006,D0148,R01732,Mumbai,Worli,Powai,2023-10-05 17:09:00,2023-10-05 17:13:00,2023-10-05 17:45:00,11.09,-100,Completed,
T00007,D0147,R01274,Bangalore,Electronic City,Electronic City,2023-10-13 16:16:00,2023-10-13 16:31:00,2023-10-13 17:33:00,3.87,165.31,Completed,
T00008,D0238,R01562,Bangalore,HSR,HSR,2023-10-28 17:11:00,2023-10-28 17:18:00,2023-10-28 18:12:00,8.16,256.58,Completed,
T00009,D0047,R01518,Mumbai,Andheri,Andheri,2023-10-01 06:40:00,,,4.8,172.14,Cancelled,Rider
T00010,D0056,R00665,Delhi,Gurgaon,Gurgaon,2023-10-25 03:25:00,2023-10-25 03:32:00,2023-10-25 04:28:00,6.26,220.71,Completed,
T00011,D0040,R01356,Bangalore,Whitefield,Whitefield,2023-10-03 09:27:00,2023-10-03 09:34:00,2023-10-03 10:12:00,4.08,145.52,Completed,
T00012,D0107,R00581,Delhi,Gurgaon,Saket,2023-10-21 02:49:00,2023-10-21 02:58:00,2023-10-21 03:15:00,8.56,257.18,Completed,
T00013,D0012,R00433,Delhi,Dwarka,Rohini,2023-10-15 00:52:00,2023-10-15 00:58:00,2023-10-15 01:27:00,9.84,304.71,Completed,
T00014,D0031,R01442,Mumbai,Bandra,Worli,2023-10-15 22:23:00,2023-10-15 22:32:00,2023-10-15 23:16:00,8.45,250.24,Completed,
T00015,D0019,R00160,Delhi,Rohini,Gurgaon,2023-10-17 02:50:00,2023-10-17 03:00:00,2023-10-17 04:08:00,8.29,231.79,Completed,
T00016,D0104,R00352,Mumbai,Worli,Dadar,2023-10-27 02:18:00,2023-10-27 02:21:00,2023-10-27 02:51:00,0,236.13,Completed,
T00017,D0023,R00162,Delhi,Saket,Rohini,2023-10-17 11:14:00,2023-10-17 11:23:00,2023-10-17 12:06:00,11.87,388.1,Completed,
T00018,D0057,R01045,Delhi,Dwarka,Rohini,2023-10-16 10:50:00,2023-10-16 10:54:00,2023-10-16 11:37:00,10.85,376.41,Completed,
T00019,D0209,R00314,Mumbai,Andheri,Bandra,2023-10-30 08:59:00,2023-10-30 09:04:00,2023-10-30 09:52:00,10.96,354.29,Completed,
T00020,D0119,R01302,Delhi,Gurgaon,Rohini,2023-10-23 11:42:00,2023-10-23 11:54:00,2023-10-23 12:45:00,8.77,241.03,Completed,
T00021,D0039,R01212,Delhi,Connaught Place,Rohini,2023-10-15 09:18:00,2023-10-15 09:33:00,2023-10-15 10:00:00,2.96,137.25,Completed,
T00022,D0080,R01321,Delhi,Connaught Place,Gurgaon,2023-10-04 09:02:00,2023-10-04 09:09:00,2023-10-04 09:23:00,12.23,376.73,Completed,
T00023,D0099,R01659,Delhi,Gurgaon,Dwarka,2023-10-24 01:51:00,2023-10-24 01:54:00,2023-10-24 02:32:00,1.82,101.18,Completed,
T00024,D0122,R01715,Mumbai,Powai,Andheri,2023-10-28 12:49:00,2023-10-28 13:04:00,2023-10-28 14:11:00,12.72,363.38,Completed,
T00025,D0045,R01249,Delhi,Dwarka,Rohini,2023-10-30 09:44:00,2023-10-30 09:55:00,2023-10-30 10:38:00,5.27,129.34,Completed,
T00026,D9999,R01326,Mumbai,Powai,Andheri,2023-10-13 20:59:00,2023-10-13 21:14:00,2023-10-13 22:04:00,5.65,227.17,Completed,
T00027,D0143,R01235,Mumbai,Bandra,Powai,2023-10-05 07:13:00,2023-10-05 07:26:00,2023-10-05 08:34:00,7.13,282.95,Completed,
T00028,D0170,R00803,Bangalore,Indiranagar,Electronic City,2023-10-27 12:30:00,2023-10-27 12:44:00,2023-10-27 13:36:00,2.35,138.69,Completed,
T00029,D0080,R01440,Delhi,Gurgaon,Connaught Place,2023-10-04 20:32:00,2023-10-04 20:37:00,2023-10-04 21:29:00,6.29,199.64,Completed,
T00030,D0131,R01570,Delhi,Saket,Dwarka,2023-10-20 06:28:00,2023-10-20 06:34:00,2023-10-20 07:05:00,6.86,244.65,Completed,
T00031,D0040,R01711,Bangalore,Electronic City,Koramangala,2023-10-07 06:15:00,2023-10-07 06:30:00,2023-10-07 07:14:00,9.53,283.65,Completed,
T00032,D0225,R01703,Delhi,Gurgaon,Dwarka,2023-10-16 07:50:00,2023-10-16 07:55:00,2023-10-16 08:16:00,11.14,370.28,Completed,
T00033,D0012,R00584,Delhi,Saket,Dwarka,2023-10-20 22:03:00,2023-10-20 22:13:00,2023-10-20 23:02:00,7.19,220.8,Completed,
T00034,D0080,R00754,Delhi,Gurgaon,Saket,2023-10-11 21:14:00,,,10.36,231.38,Cancelled,Rider
T00035,D0200,R01239,Mumbai,Bandra,Powai,2023-10-13 19:46:00,2023-10-13 19:52:00,2023-10-13 20:53:00,0.5,71.61,Completed,
T00036,D0124,R00584,Bangalore,Koramangala,Indiranagar,2023-10-30 04:20:00,,,6.75,5000,Cancelled,Driver
T00037,D0232,R00924,Mumbai,Powai,Andheri,2023-10-21 10:46:00,2023-10-21 10:52:00,2023-10-21 11:54:00,9.36,279.66,Completed,
T00038,D0102,R00058,Mumbai,Powai,Andheri,2023-10-03 10:10:00,2023-10-03 10:18:00,2023-10-03 10:42:00,9.65,425.33,Completed,
T00039,D0086,R01703,Delhi,Dwarka,Saket,2023-10-30 13:55:00,2023-10-30 14:05:00,2023-10-30 14:59:00,10.63,352.35,Completed,
T00040,D0002,R01124,Mumbai,Worli,Worli,2023-10-29 00:07:00,,,11.27,345.49,Cancelled,Rider
T00041,D0199,R01626,Mumbai,Worli,Dadar,2023-10-06 01:26:00,2023-10-06 01:35:00,2023-10-06 02:25:00,8.1,272.12,Completed,
T00042,D0215,R01472,Bangalore,Indiranagar,HSR,2023-10-06 01:05:00,,,7.9,254.21,Cancelled,Rider
T00043,D0158,R01073,Mumbai,Powai,Andheri,2023-10-01 01:42:00,2023-10-01 01:55:00,2023-10-01 02:10:00,6.17,207.42,Completed,
T00044,D0130,R01302,Delhi,Saket,Rohini,2023-10-25 18:16:00,2023-10-25 18:26:00,2023-10-25 18:38:00,7.69,251.95,Completed,
T00045,D0092,R01581,Mumbai,Worli,Powai,2023-10-01 17:44:00,2023-10-01 17:57:00,2023-10-01 18:13:00,4.85,207.35,Completed,
T00046,D0091,R00952,Bangalore,Whitefield,Indiranagar,2023-10-03 00:25:00,2023-10-03 00:40:00,2023-10-03 00:30:00,9.46,274.87,Completed,
T00047,D0184,R00409,Bangalore,Koramangala,HSR,2023-10-03 20:55:00,2023-10-03 20:58:00,2023-10-03 21:58:00,5.28,196.63,Completed,
T00048,D0102,R00586,Mumbai,Powai,Andheri,2023-10-24 10:56:00,,,5.55,194.22,Cancelled,Rider
T00049,D0070,R00792,Delhi,Rohini,Dwarka,2023-10-16 02:33:00,2023-10-16 02:47:00,2023-10-16 03:25:00,2.83,148.27,Completed,
T00050,D0095,R00162,Mumbai,Dadar,Worli,2023-10-23 15:25:00,,,1.36,92.82,Cancelled,Other
T00051,D0076,R01235,Bangalore,Whitefield,Indiranagar,2023-10-25 19:48:00,2023-10-25 19:55:00,2023-10-25 20:33:00,13.65,439.97,Completed,
T00052,D0090,R00563,Delhi,Connaught Place,Connaught Place,2023-10-21 04:51:00,2023-10-21 05:03:00,2023-10-21 05:40:00,7.22,177.56,Completed,
T00053,D0104,R01739,Delhi,Gurgaon,Saket,2023-10-30 00:20:00,2023-10-30 00:23:00,2023-10-30 00:42:00,10.4,260.46,Completed,
T00054,D0018,R01240,Bangalore,Indiranagar,Whitefield,2023-10-06 17:52:00,2023-10-06 18:04:00,2023-10-06 18:16:00,6.18,195.96,Completed,
T00055,D0114,R01331,Mumbai,Powai,Bandra,2023-10-17 22:20:00,2023-10-17 22:29:00,2023-10-17 22:59:00,4.11,153.71,Completed,
T00056,D0189,R01588,Bangalore,HSR,Whitefield,2023-10-02 04:18:00,2023-10-02 04:22:00,2023-10-02 04:48:00,0.5,72.01,Completed,
T00057,D0074,R00152,Bangalore,Whitefield,Indiranagar,2023-10-28 20:19:00,2023-10-28 20:24:00,2023-10-28 21:28:00,11.17,338.99,Completed,
T00058,D0023,R01454,Delhi,Connaught Place,Gurgaon,2023-10-21 06:10:00,2023-10-21 06:23:00,2023-10-21 06:55:00,20.0,512.45,Completed,
T00059,D0229,R00357,Delhi,Rohini,Gurgaon,2023-10-14 05:09:00,2023-10-14 05:23:00,2023-10-14 06:13:00,11.95,421.58,Completed,
T00060,D0052,R01173,Bangalore,HSR,Whitefield,2023-10-06 12:33:00,2023-10-06 12:41:00,2023-10-06 13:26:00,8.89,323.61,Completed,
T00061,D0157,R01077,Delhi,Saket,Saket,2023-10-06 21:44:00,,,12.19,384.48,Cancelled,Other
T00062,D0033,R00263,Delhi,Gurgaon,Gurgaon,2023-10-04 08:33:00,,,5.76,184.35,Cancelled,System
T00063,D0111,R00623,Bangalore,Indiranagar,Indiranagar,2023-10-06 20:56:00,2023-10-06 21:07:00,2023-10-06 21:26:00,13.6,324.39,Completed,
T00064,D0089,R00514,Mumbai,Bandra,Worli,2023-10-11 06:16:00,,,5.25,189.22,Cancelled,Driver
T00065,D0161,R01190,Mumbai,Bandra,Bandra,2023-10-06 16:43:00,2023-10-06 16:48:00,2023-10-06 17:35:00,3.88,153.17,Completed,
T00066,D0185,R01691,Delhi,Connaught Place,Connaught Place,2023-10-29 10:05:00,,,3.75,182.77,Cancelled,Driver
T00067,D0198,R01309,Bangalore,Koramangala,Whitefield,2023-10-30 04:38:00,2023-10-30 04:47:00,2023-10-30 05:36:00,4.53,148.1,Completed,
T00068,D0075,R00832,Delhi,Rohini,Saket,2023-10-25 19:54:00,2023-10-25 20:09:00,2023-10-25 21:02:00,7.54,269.9,Completed,
T00069,D0041,R00641,Bangalore,HSR,HSR,2023-10-03 17:26:00,2023-10-03 17:38:00,2023-10-03 17:57:00,5.81,206.8,Completed,
T00070,D0195,R00548,Mumbai,Dadar,Bandra,2023-10-06 22:49:00,2023-10-06 22:59:00,2023-10-06 23:16:00,5.25,184.29,Completed,
T00071,D0013,R00328,Bangalore,HSR,Electronic City,2023-10-05 09:44:00,2023-10-05 09:50:00,2023-10-05 10:55:00,4.37,185.33,Completed,
T00072,D0049,R00632,Delhi,Saket,Connaught Place,2023-10-15 05:34:00,2023-10-15 05:44:00,2023-10-15 06:50:00,3.69,152.44,Completed,
T00073,D0130,R00577,Bangalore,Whitefield,Electronic City,2023-10-18 21:31:00,2023-10-18 21:34:00,2023-10-18 21:47:00,8.81,326.8,Completed,
T00074,D0074,R00750,Delhi,Saket,Rohini,2023-10-22 10:00:00,2023-10-22 10:07:00,2023-10-22 11:03:00,10.94,295.43,Completed,
T00075,D0014,R01033,Bangalore,Whitefield,Electronic City,2023-10-19 05:32:00,2023-10-19 05:36:00,2023-10-19 06:10:00,10.23,364.58,Completed,
T00076,D0175,R00695,Mumbai,Worli,Powai,2023-10-29 08:44:00,2023-10-29 08:52:00,2023-10-29 09:52:00,9.75,316.47,Completed,
T00077,D0155,R00683,Bangalore,Whitefield,Electronic City,2023-10-10 01:25:00,2023-10-10 01:30:00,2023-10-10 02:25:00,7.28,242.0,Completed,
T00078,D0156,R00333,Mumbai,Dadar,Worli,2023-10-07 18:40:00,,,14.41,522.94,Cancelled,System
T00079,D0152,R00614,Delhi,Saket,Connaught Place,2023-10-14 14:50:00,2023-10-14 15:04:00,2023-10-14 15:50:00,10.83,283.67,Completed,
T00080,D0173,R01410,Mumbai,Andheri,Worli,2023-10-16 01:48:00,2023-10-16 02:02:00,2023-10-16 03:07:00,5.53,207.75,Completed,
T00081,D0248,R00106,Mumbai,Worli,Dadar,2023-10-13 02:01:00,2023-10-13 02:07:00,2023-10-13 03:03:00,13.68,389.44,Completed,
T00082,D0162,R00065,Bangalore,Electronic City,Koramangala,2023-10-24 20:36:00,2023-10-24 20:49:00,2023-10-24 21:14:00,9.1,252.32,Completed,
T00083,D0113,R01588,Bangalore,Electronic City,Whitefield,2023-10-01 20:41:00,2023-10-01 20:50:00,2023-10-01 21:32:00,12.06,421.66,Completed,
T00084,D0181,R01077,Delhi,Saket,Rohini,2023-10-03 20:01:00,2023-10-03 20:14:00,2023-10-03 20:54:00,9.44,328.29,Completed,
T00085,D0234,R01318,Bangalore,HSR,Electronic City,2023-10-21 22:04:00,2023-10-21 22:18:00,2023-10-21 23:11:00,2.75,124.02,Completed,
T00086,D0246,R00592,Mumbai,Bandra,Dadar,2023-10-09 18:00:00,2023-10-09 18:07:00,2023-10-09 19:06:00,5.83,199.81,Completed,
T00087,D0090,R01175,Mumbai,Worli,Dadar,2023-10-22 20:04:00,2023-10-22 20:11:00,2023-10-22 20:28:00,14.36,382.24,Completed,
T00088,D0245,R00710,Mumbai,Dadar,Powai,2023-10-16 16:58:00,2023-10-16 17:12:00,2023-10-16 17:27:00,9.21,298.85,Completed,
T00089,D0055,R00282,Delhi,Connaught Place,Gurgaon,2023-10-22 19:16:00,2023-10-22 19:30:00,2023-10-22 19:57:00,0.5,71.38,Completed,
T00090,D0062,R00108,Delhi,Connaught Place,Saket,2023-10-27 16:58:00,2023-10-27 17:11:00,2023-10-27 17:35:00,6.12,186.62,Completed,
T00091,D0026,R01338,Mumbai,Dadar,Dadar,2023-10-22 11:59:00,2023-10-22 12:04:00,2023-10-22 12:40:00,15.21,559.78,Completed,
T00092,D0194,R01336,Delhi,Gurgaon,Dwarka,2023-10-10 01:51:00,,,6.01,241.48,Cancelled,Driver
T00093,D0234,R01713,Delhi,Saket,Saket,2023-10-02 16:44:00,,,1.87,113.79,Cancelled,Driver
T00094,D0225,R00931,Bangalore,Electronic City,Electronic City,2023-10-14 04:10:00,2023-10-14 04:18:00,2023-10-14 04:46:00,6.87,267.38,Completed,
T00095,D0218,R01498,Mumbai,Dadar,Powai,2023-10-07 02:34:00,2023-10-07 02:42:00,2023-10-07 03:02:00,7.46,300.22,Completed,
T00096,D0004,R00360,Delhi,Gurgaon,Saket,2023-10-09 11:22:00,2023-10-09 11:37:00,2023-10-09 11:59:00,9.81,256.08,Completed,
T00097,D0084,R00663,Mumbai,Bandra,Andheri,2023-10-24 10:49:00,2023-10-24 10:54:00,2023-10-24 11:34:00,7.26,225.28,Completed,
T00098,D0061,R01174,Mumbai,Andheri,Powai,2023-10-18 10:57:00,2023-10-18 11:09:00,2023-10-18 12:05:00,8.12,291.88,Completed,
T00099,D0178,R01406,Delhi,Gurgaon,Rohini,2023-10-17 08:43:00,2023-10-17 08:48:00,2023-10-17 09:23:00,6.29,192.77,Completed,
T00100,D0164,R00274,Delhi,Saket,Dwarka,2023-10-06 08:14:00,,,6.96,270.92,Cancelled,Rider
T00101,D0096,R01361,Mumbai,Bandra,Bandra,2023-10-28 13:37:00,2023-10-28 13:48:00,2023-10-28 14:49:00,4.2,159.23,Completed,
T00102,D0224,R01156,Delhi,Connaught Place,Connaught Place,2023-10-28 02:47:00,2023-10-28 02:55:00,2023-10-28 03:09:00,3.66,148.64,Completed,
T00103,D0052,R00239,Delhi,Dwarka,Gurgaon,2023-10-24 00:07:00,2023-10-24 00:18:00,2023-10-24 00:56:00,10.6,355.57,Completed,
T00104,D0231,R00936,Mumbai,Worli,Andheri,2023-10-05 03:19:00,2023-10-05 03:30:00,2023-10-05 04:06:00,10.08,270.66,Completed,
T00105,D0173,R00447,Delhi,Gurgaon,Connaught Place,2023-10-22 01:02:00,2023-10-22 01:05:00,2023-10-22 02:02:00,7.83,224.74,Completed,
T00106,D0089,R00967,Bangalore,Koramangala,HSR,2023-10-20 06:47:00,2023-10-20 06:51:00,2023-10-20 08:00:00,7.14,235.92,Completed,
T00107,D0197,R00784,Mumbai,Dadar,Dadar,2023-10-09 04:35:00,2023-10-09 04:44:00,2023-10-09 05:17:00,4.43,148.5,Completed,
T00108,D0175,R00243,Mumbai,Bandra,Worli,2023-10-04 15:39:00,,,10.01,295.08,Cancelled,System
T00109,D0033,R00949,Mumbai,Worli,Dadar,2023-10-25 01:38:00,2023-10-25 01:41:00,2023-10-25 02:10:00,8.56,276.81,Completed,
T00110,D0211,R01793,Delhi,Connaught Place,Connaught Place,2023-10-18 06:16:00,2023-10-18 06:22:00,2023-10-18 07:31:00,6.25,219.8,Completed,
T00111,D0158,R00207,Delhi,Gurgaon,Connaught Place,2023-10-20 01:55:00,2023-10-20 02:01:00,2023-10-20 02:15:00,9.03,281.47,Completed,
T00112,D0173,R00480,Mumbai,Worli,Bandra,2023-10-28 04:56:00,2023-10-28 05:05:00,2023-10-28 05:43:00,14.77,458.47,Completed,
T00113,D0129,R01183,Bangalore,Electronic City,HSR,2023-10-07 09:03:00,,,9.39,378.01,Cancelled,System
T00114,D0225,R00125,Bangalore,Electronic City,Electronic City,2023-10-14 17:36:00,2023-10-14 17:43:00,2023-10-14 18:10:00,6.99,218.05,Completed,
T00115,D0161,R01318,Delhi,Saket,Gurgaon,2023-10-08 23:17:00,2023-10-08 23:25:00,2023-10-09 00:35:00,7.34,240.37,Completed,
T00116,D0105,R01740,Mumbai,Bandra,Powai,2023-10-19 22:44:00,2023-10-19 22:54:00,2023-10-19 23:19:00,3.72,170.47,Completed,
T00117,D0207,R01086,Delhi,Dwarka,Saket,2023-10-07 13:40:00,2023-10-07 13:49:00,2023-10-07 14:34:00,12.36,387.07,Completed,
T00118,D0053,R01097,Bangalore,Indiranagar,Koramangala,2023-10-12 14:31:00,2023-10-12 14:39:00,2023-10-12 14:54:00,12.34,394.22,Completed,
T00119,D0173,R01204,Mumbai,Worli,Bandra,2023-10-18 03:58:00,2023-10-18 04:13:00,2023-10-18 05:11:00,10.01,314.08,Completed,
T00120,D0223,R00390,Mumbai,Andheri,Dadar,2023-10-10 12:09:00,,,5.63,247.33,Cancelled,Rider
T00121,D0181,R00780,Bangalore,Whitefield,Electronic City,2023-10-28 12:10:00,2023-10-28 12:25:00,2023-10-28 12:53:00,12.87,348.58,Completed,
T00122,D0079,R01480,Delhi,Saket,Rohini,2023-10-17 08:24:00,2023-10-17 08:28:00,2023-10-17 09:29:00,3.82,154.06,Completed,
T00123,D0081,R00535,Bangalore,Electronic City,Electronic City,2023-10-17 20:54:00,2023-10-17 20:59:00,2023-10-17 21:10:00,5.89,200.87,Completed,
T00124,D0076,R01128,Delhi,Rohini,Rohini,2023-10-20 00:06:00,2023-10-20 00:12:00,2023-10-20 00:53:00,6.62,248.19,Completed,
T00125,D0190,R01476,Mumbai,Worli,Dadar,2023-10-30 04:54:00,2023-10-30 04:59:00,2023-10-30 05:17:00,12.0,434.42,Completed,
T00126,D0165,R01676,Bangalore,Koramangala,Koramangala,2023-10-25 16:09:00,,,0.94,82.42,Cancelled,Driver
T00127,D0216,R00934,Mumbai,Powai,Andheri,2023-10-07 06:10:00,2023-10-07 06:16:00,2023-10-07 06:58:00,10.58,334.53,Completed,
T00128,D0171,R00014,Delhi,Gurgaon,Gurgaon,2023-10-30 00:34:00,,,13.51,356.42,Cancelled,Driver
T00129,D0005,R01666,Mumbai,Dadar,Bandra,2023-10-01 12:56:00,2023-10-01 12:59:00,2023-10-01 13:41:00,6.79,303.66,Completed,
T00130,D0135,R01629,Bangalore,Whitefield,Koramangala,2023-10-05 09:12:00,2023-10-05 09:20:00,2023-10-05 09:47:00,10.25,363.08,Completed,
T00131,D0118,R01737,Mumbai,Andheri,Andheri,2023-10-19 11:29:00,2023-10-19 11:42:00,2023-10-19 12:44:00,11.36,342.01,Completed,
T00132,D0098,R00170,Bangalore,Whitefield,Whitefield,2023-10-19 10:40:00,2023-10-19 10:54:00,2023-10-19 11:14:00,2.87,134.2,Completed,
T00133,D0145,R00471,Delhi,Dwarka,Gurgaon,2023-10-16 01:50:00,,,16.87,458.32,Cancelled,Driver
T00134,D0012,R00368,Mumbai,Powai,Andheri,2023-10-13 08:06:00,,,7.2,218.59,Cancelled,Driver
T00135,D0037,R00333,Bangalore,Electronic City,Indiranagar,2023-10-27 17:11:00,2023-10-27 17:15:00,2023-10-27 17:44:00,7.56,219.35,Completed,
T00136,D0174,R01619,Delhi,Connaught Place,Gurgaon,2023-10-18 17:03:00,,,5.2,220.41,Cancelled,Rider
T00137,D0014,R01258,Delhi,Gurgaon,Saket,2023-10-16 17:46:00,2023-10-16 17:58:00,2023-10-16 18:57:00,8.68,290.72,Completed,
T00138,D0163,R00769,Mumbai,Dadar,Bandra,2023-10-02 08:21:00,2023-10-02 08:29:00,2023-10-02 09:14:00,13.14,385.66,Completed,
T00139,D0170,R00151,Delhi,Connaught Place,Rohini,2023-10-27 15:55:00,2023-10-27 16:01:00,2023-10-27 16:56:00,8.96,254.3,Completed,
T00140,D0183,R00188,Bangalore,Koramangala,HSR,2023-10-18 07:03:00,2023-10-18 07:11:00,2023-10-18 07:27:00,10.75,363.98,Completed,
T00141,D0195,R01137,Mumbai,Worli,Dadar,2023-10-17 09:07:00,2023-10-17 09:17:00,2023-10-17 10:02:00,10.23,335.25,Completed,
T00142,D0023,R00789,Bangalore,Koramangala,HSR,2023-10-02 04:41:00,2023-10-02 04:49:00,2023-10-02 05:54:00,13.0,423.75,Completed,
T00143,D0200,R01068,Mumbai,Bandra,Dadar,2023-10-18 15:34:00,2023-10-18 15:40:00,2023-10-18 16:26:00,15.56,370.37,Completed,
T00144,D0069,R00863,Bangalore,HSR,Whitefield,2023-10-07 07:39:00,2023-10-07 07:48:00,2023-10-07 08:15:00,7.06,236.94,Completed,
T00145,D0065,R00938,Bangalore,Koramangala,Indiranagar,2023-10-17 10:26:00,,,7.65,216.04,Cancelled,Rider
T00146,D0243,R00686,Mumbai,Dadar,Worli,2023-10-01 07:23:00,2023-10-01 07:31:00,2023-10-01 08:09:00,10.63,290.88,Completed,
T00147,D0083,R00654,Bangalore,HSR,Whitefield,2023-10-14 16:09:00,2023-10-14 16:14:00,2023-10-14 16:49:00,6.96,204.07,Completed,
T00148,D0084,R01155,Delhi,Dwarka,Gurgaon,2023-10-12 00:47:00,2023-10-12 00:51:00,2023-10-12 02:00:00,10.12,276.03,Completed,
T00149,D0175,R00898,Delhi,Rohini,Connaught Place,2023-10-09 04:31:00,2023-10-09 04:45:00,2023-10-09 05:08:00,14.86,447.63,Completed,
T00150,D0036,R01617,Mumbai,Dadar,Andheri,2023-10-23 17:22:00,2023-10-23 17:36:00,2023-10-23 18:13:00,8.79,331.24,Completed,
T00151,D0123,R01114,Mumbai,Andheri,Powai,2023-10-28 05:06:00,2023-10-28 05:20:00,2023-10-28 05:56:00,0.5,71.53,Completed,
T00152,D0153,R00728,Delhi,Dwarka,Gurgaon,2023-10-25 10:26:00,2023-10-25 10:39:00,2023-10-25 11:31:00,14.39,469.9,Completed,
T00153,D0166,R00217,Bangalore,Koramangala,Koramangala,2023-10-26 15:11:00,2023-10-26 15:26:00,2023-10-26 16:03:00,3.1,149.72,Completed,
T00154,D0131,R00767,Mumbai,Dadar,Dadar,2023-10-11 02:29:00,2023-10-11 02:35:00,2023-10-11 03:13:00,2.8,123.91,Completed,
T00155,D0177,R00852,Delhi,Connaught Place,Connaught Place,2023-10-27 18:53:00,2023-10-27 18:57:00,2023-10-27 19:25:00,8.0,265.9,Completed,
T00156,D0090,R00976,Delhi,Connaught Place,Saket,2023-10-07 10:44:00,2023-10-07 10:54:00,2023-10-07 11:26:00,5.88,211.44,Completed,
T00157,D0082,R00703,Delhi,Connaught Place,Dwarka,2023-10-21 14:11:00,2023-10-21 14:14:00,2023-10-21 15:18:00,14.55,449.15,Completed,
T00158,D0133,R01634,Delhi,Saket,Dwarka,2023-10-12 02:25:00,2023-10-12 02:35:00,2023-10-12 02:59:00,11.24,389.66,Completed,
T00159,D0169,R01213,Bangalore,Whitefield,Whitefield,2023-10-30 03:34:00,2023-10-30 03:40:00,2023-10-30 04:18:00,13.93,422.27,Completed,
T00160,D0053,R01638,Bangalore,Electronic City,Indiranagar,2023-10-10 18:36:00,2023-10-10 18:48:00,2023-10-10 19:04:00,6.46,177.36,Completed,
T00161,D0051,R00642,Mumbai,Worli,Dadar,2023-10-15 20:03:00,2023-10-15 20:14:00,2023-10-15 21:04:00,7.88,319.62,Completed,
T00162,D0151,R01380,Delhi,Rohini,Gurgaon,2023-10-18 20:45:00,2023-10-18 20:50:00,2023-10-18 21:52:00,5.85,227.01,Completed,
T00163,D0173,R01421,Delhi,Dwarka,Gurgaon,2023-10-04 20:34:00,2023-10-04 20:39:00,2023-10-04 21:12:00,11.02,360.89,Completed,
T00164,D0153,R01421,Mumbai,Bandra,Worli,2023-10-20 00:49:00,2023-10-20 01:02:00,2023-10-20 01:46:00,6.59,236.03,Completed,
T00165,D0074,R00736,Bangalore,Koramangala,Whitefield,2023-10-23 06:49:00,2023-10-23 06:52:00,2023-10-23 07:57:00,6.77,256.5,Completed,
T00166,D0209,R01008,Bangalore,Whitefield,Whitefield,2023-10-09 21:07:00,2023-10-09 21:16:00,2023-10-09 22:09:00,3.11,130.92,Completed,
T00167,D0022,R00461,Mumbai,Worli,Powai,2023-10-08 14:41:00,2023-10-08 14:44:00,2023-10-08 15:11:00,9.3,267.32,Completed,
T00168,D0145,R00234,Bangalore,HSR,Electronic City,2023-10-21 19:31:00,2023-10-21 19:35:00,2023-10-21 20:21:00,9.0,239.75,Completed,
T00169,D0211,R00210,Mumbai,Bandra,Powai,2023-10-25 16:03:00,2023-10-25 16:09:00,2023-10-25 16:46:00,8.77,241.47,Completed,
T00170,D0068,R01663,Bangalore,Indiranagar,Indiranagar,2023-10-21 11:13:00,2023-10-21 11:17:00,2023-10-21 12:16:00,10.25,275.98,Completed,
T00171,D0177,R00286,Delhi,Dwarka,Dwarka,2023-10-27 18:10:00,2023-10-27 18:15:00,2023-10-27 19:04:00,7.12,198.91,Completed,
T00172,D0090,R00593,Bangalore,Electronic City,HSR,2023-10-26 22:40:00,2023-10-26 22:54:00,2023-10-26 23:22:00,6.51,213.71,Completed,
T00173,D0035,R01776,Delhi,Dwarka,Dwarka,2023-10-05 08:00:00,,,10.49,230.58,Cancelled,System
T00174,D0183,R00292,Bangalore,Electronic City,HSR,2023-10-07 15:44:00,2023-10-07 15:53:00,2023-10-07 16:34:00,8.62,341.91,Completed,
T00175,D0097,R01056,Delhi,Rohini,Rohini,2023-10-19 20:26:00,2023-10-19 20:30:00,2023-10-19 21:05:00,3.0,116.6,Completed,
T00176,D0084,R00939,Mumbai,Powai,Andheri,2023-10-23 05:04:00,2023-10-23 05:08:00,2023-10-23 06:04:00,13.77,325.93,Completed,
T00177,D0056,R01697,Delhi,Rohini,Rohini,2023-10-19 02:24:00,,,10.62,281.25,Cancelled,System
T00178,D0034,R00100,Delhi,Connaught Place,Connaught Place,2023-10-27 07:15:00,2023-10-27 07:28:00,2023-10-27 08:26:00,4.84,182.63,Completed,
T00179,D0005,R00415,Delhi,Dwarka,Rohini,2023-10-21 21:59:00,2023-10-21 22:02:00,2023-10-21 22:39:00,11.2,302.3,Completed,
T00180,D0024,R00107,Bangalore,Whitefield,HSR,2023-10-13 11:18:00,2023-10-13 11:31:00,2023-10-13 11:51:00,8.49,305.0,Completed,
T00181,D0110,R00272,Delhi,Gurgaon,Dwarka,2023-10-11 15:44:00,2023-10-11 15:54:00,2023-10-11 16:08:00,8.45,269.74,Completed,
T00182,D0003,R00271,Delhi,Saket,Connaught Place,2023-10-21 06:07:00,2023-10-21 06:16:00,2023-10-21 07:10:00,7.38,256.95,Completed,
T00183,D0023,R00784,Bangalore,Indiranagar,Indiranagar,2023-10-18 10:24:00,2023-10-18 10:31:00,2023-10-18 10:49:00,11.27,365.21,Completed,
T00184,D0145,R01287,Bangalore,Indiranagar,Whitefield,2023-10-25 03:27:00,2023-10-25 03:41:00,2023-10-25 04:04:00,5.97,188.44,Completed,
T00185,D0221,R01496,Delhi,Saket,Rohini,2023-10-21 03:12:00,2023-10-21 03:16:00,2023-10-21 04:03:00,10.25,302.63,Completed,
T00186,D0203,R01229,Mumbai,Worli,Powai,2023-10-15 07:31:00,2023-10-15 07:42:00,2023-10-15 08:30:00,8.22,279.1,Completed,
T00187,D0218,R01532,Delhi,Saket,Rohini,2023-10-02 05:17:00,,,10.43,300.85,Cancelled,Rider
T00188,D0201,R00494,Delhi,Saket,Gurgaon,2023-10-03 11:36:00,,,12.99,367.69,Cancelled,Driver
T00189,D0228,R00793,Bangalore,Electronic City,Whitefield,2023-10-25 01:01:00,,,17.79,491.09,Cancelled,Rider
T00190,D0175,R01203,Mumbai,Andheri,Andheri,2023-10-25 20:46:00,2023-10-25 20:50:00,2023-10-25 21:01:00,0.5,73.57,Completed,
T00191,D0011,R01288,Mumbai,Worli,Dadar,2023-10-10 19:38:00,,,12.32,352.27,Cancelled,System
T00192,D0022,R00162,Mumbai,Worli,Bandra,2023-10-19 07:23:00,2023-10-19 07:27:00,2023-10-19 07:56:00,6.26,213.12,Completed,
T00193,D0084,R00136,Bangalore,HSR,Whitefield,2023-10-25 09:52:00,2023-10-25 10:05:00,2023-10-25 10:56:00,3.46,126.89,Completed,
T00194,D0015,R00113,Delhi,Rohini,Dwarka,2023-10-11 20:39:00,2023-10-11 20:51:00,2023-10-11 21:39:00,10.27,307.45,Completed,
T00195,D0182,R01060,Bangalore,HSR,Indiranagar,2023-10-01 13:50:00,2023-10-01 13:58:00,2023-10-01 14:41:00,13.17,393.65,Completed,
T00196,D0192,R00061,Mumbai,Powai,Dadar,2023-10-06 18:38:00,2023-10-06 18:53:00,2023-10-06 20:00:00,7.52,310.3,Completed,
T00197,D0017,R01047,Mumbai,Powai,Andheri,2023-10-24 20:11:00,2023-10-24 20:21:00,2023-10-24 21:00:00,14.05,398.92,Completed,
T00198,D0043,R01481,Mumbai,Andheri,Bandra,2023-10-26 19:11:00,2023-10-26 19:23:00,2023-10-26 20:16:00,8.44,286.73,Completed,
T00199,D0001,R00785,Delhi,Dwarka,Dwarka,2023-10-24 03:46:00,2023-10-24 03:56:00,2023-10-24 04:29:00,10.45,297.5,Completed,
T00200,D0206,R00509,Bangalore,Whitefield,HSR,2023-10-26 03:52:00,,,8.26,232.11,Cancelled,System
T00201,D0147,R01648,Mumbai,Worli,Andheri,2023-10-04 13:04:00,2023-10-04 13:09:00,2023-10-04 13:33:00,0.5,72.44,Completed,
T00202,D0225,R01133,Mumbai,Dadar,Andheri,2023-10-04 03:17:00,2023-10-04 03:25:00,2023-10-04 03:40:00,6.94,285.99,Completed,
T00203,D0075,R01212,Mumbai,Dadar,Bandra,2023-10-10 03:11:00,2023-10-10 03:21:00,2023-10-10 03:54:00,6.64,260.98,Completed,
T00204,D0195,R01110,Delhi,Rohini,Connaught Place,2023-10-25 20:59:00,2023-10-25 21:02:00,2023-10-25 21:26:00,13.93,513.16,Completed,
T00205,D0195,R01086,Mumbai,Bandra,Dadar,2023-10-01 01:35:00,2023-10-01 01:39:00,2023-10-01 02:02:00,12.26,302.26,Completed,
T00206,D0249,R01732,Mumbai,Worli,Dadar,2023-10-03 17:25:00,,,8.08,248.13,Cancelled,Rider
T00207,D0118,R01306,Delhi,Saket,Connaught Place,2023-10-17 22:51:00,,,10.04,320.15,Cancelled,Rider
T00208,D0016,R00646,Delhi,Saket,Rohini,2023-10-26 20:12:00,2023-10-26 20:19:00,2023-10-26 21:23:00,11.37,336.8,Completed,
T00209,D0070,R00224,Mumbai,Bandra,Andheri,2023-10-21 14:31:00,2023-10-21 14:46:00,2023-10-21 15:33:00,10.53,315.34,Completed,
T00210,D0120,R00926,Bangalore,HSR,Whitefield,2023-10-21 11:02:00,2023-10-21 11:17:00,2023-10-21 11:40:00,11.23,369.86,Completed,
T00211,D0024,R00083,Mumbai,Bandra,Powai,2023-10-06 10:58:00,2023-10-06 11:12:00,2023-10-06 12:00:00,5.57,160.88,Completed,
T00212,D0183,R00533,Bangalore,Indiranagar,Koramangala,2023-10-05 03:37:00,2023-10-05 03:50:00,2023-10-05 04:19:00,5.54,219.44,Completed,
T00213,D0143,R00287,Mumbai,Andheri,Andheri,2023-10-21 13:55:00,2023-10-21 14:10:00,2023-10-21 15:10:00,8.5,310.36,Completed,
T00214,D0034,R01193,Bangalore,Electronic City,HSR,2023-10-11 02:47:00,2023-10-11 03:00:00,2023-10-11 03:15:00,3.56,161.68,Completed,
T00215,D0017,R01736,Bangalore,HSR,Koramangala,2023-10-01 23:48:00,2023-10-01 23:52:00,2023-10-02 00:59:00,4.07,138.22,Completed,
T00216,D0013,R00061,Bangalore,Whitefield,Whitefield,2023-10-21 23:31:00,2023-10-21 23:40:00,2023-10-22 00:21:00,1.86,100.31,Completed,
T00217,D0055,R00071,Bangalore,Electronic City,Electronic City,2023-10-17 02:36:00,,,7.82,289.08,Cancelled,Rider
T00218,D0166,R00573,Delhi,Saket,Dwarka,2023-10-12 04:27:00,2023-10-12 04:30:00,2023-10-12 04:45:00,4.19,175.88,Completed,
T00219,D0165,R00784,Mumbai,Powai,Dadar,2023-10-10 01:51:00,,,2.93,130.58,Cancelled,Driver
T00220,D0089,R00054,Delhi,Rohini,Gurgaon,2023-10-23 01:23:00,,,4.53,172.98,Cancelled,Rider
T00221,D0230,R00733,Bangalore,Electronic City,Indiranagar,2023-10-02 08:00:00,2023-10-02 08:10:00,2023-10-02 08:53:00,7.1,288.18,Completed,
T00222,D0064,R01565,Bangalore,Indiranagar,Electronic City,2023-10-05 13:22:00,2023-10-05 13:36:00,2023-10-05 13:49:00,7.74,310.19,Completed,
T00223,D0240,R01652,Mumbai,Powai,Worli,2023-10-17 03:32:00,,,9.9,287.13,Cancelled,System
T00224,D0243,R01009,Bangalore,Electronic City,HSR,2023-10-17 00:07:00,2023-10-17 00:22:00,2023-10-17 01:28:00,14.61,536.07,Completed,
T00225,D0010,R00002,Bangalore,HSR,Electronic City,2023-10-23 07:41:00,2023-10-23 07:52:00,2023-10-23 08:32:00,8.81,304.87,Completed,
T00226,D0088,R00045,Bangalore,Indiranagar,Electronic City,2023-10-06 22:31:00,2023-10-06 22:39:00,2023-10-06 22:52:00,15.23,383.36,Completed,
T00227,D0199,R01443,Delhi,Saket,Gurgaon,2023-10-07 10:43:00,2023-10-07 10:47:00,2023-10-07 11:20:00,4.74,175.53,Completed,
T00228,D0078,R01310,Bangalore,Whitefield,HSR,2023-10-16 07:36:00,2023-10-16 07:45:00,2023-10-16 08:45:00,14.92,418.36,Completed,
T00229,D0178,R00775,Bangalore,HSR,HSR,2023-10-26 13:49:00,,,5.66,187.56,Cancelled,Rider
T00230,D0187,R00067,Bangalore,Indiranagar,Electronic City,2023-10-09 02:06:00,2023-10-09 02:21:00,2023-10-09 03:07:00,6.95,199.13,Completed,
T00231,D0057,R00160,Mumbai,Bandra,Powai,2023-10-28 19:47:00,2023-10-28 19:55:00,2023-10-28 20:52:00,12.22,400.33,Completed,
T00232,D0163,R00915,Mumbai,Andheri,Powai,2023-10-08 15:22:00,,,13.83,451.73,Cancelled,System
T00233,D0178,R00791,Bangalore,Whitefield,Whitefield,2023-10-12 08:33:00,2023-10-12 08:36:00,2023-10-12 08:49:00,8.42,286.59,Completed,
T00234,D0127,R01616,Bangalore,Electronic City,Indiranagar,2023-10-19 20:13:00,,,6.19,234.07,Cancelled,Other
T00235,D0019,R00215,Bangalore,Koramangala,HSR,2023-10-21 12:55:00,2023-10-21 13:02:00,2023-10-21 14:12:00,9.29,293.81,Completed,
T00236,D0042,R01217,Bangalore,Electronic City,Whitefield,2023-10-18 02:06:00,2023-10-18 02:10:00,2023-10-18 02:41:00,0.5,71.25,Completed,
T00237,D0111,R00110,Delhi,Connaught Place,Rohini,2023-10-02 09:51:00,,,12.78,471.9,Cancelled,Rider
T00238,D0105,R00577,Bangalore,HSR,Indiranagar,2023-10-09 15:30:00,2023-10-09 15:37:00,2023-10-09 16:29:00,7.37,197.28,Completed,
T00239,D0101,R00876,Bangalore,Koramangala,HSR,2023-10-03 06:12:00,2023-10-03 06:20:00,2023-10-03 06:30:00,9.74,284.49,Completed,
T00240,D0154,R00168,Delhi,Saket,Connaught Place,2023-10-29 10:45:00,2023-10-29 10:58:00,2023-10-29 11:26:00,10.73,344.98,Completed,
T00241,D0121,R00379,Mumbai,Powai,Dadar,2023-10-19 02:08:00,2023-10-19 02:19:00,2023-10-19 02:53:00,7.57,238.03,Completed,
T00242,D0115,R00127,Mumbai,Bandra,Andheri,2023-10-09 11:47:00,2023-10-09 11:54:00,2023-10-09 12:40:00,5.59,206.21,Completed,
T00243,D0207,R01722,Bangalore,Whitefield,Electronic City,2023-10-16 15:30:00,2023-10-16 15:41:00,2023-10-16 15:54:00,13.75,390.31,Completed,
T00244,D0176,R00613,Mumbai,Andheri,Dadar,2023-10-25 08:55:00,,,0.5,73.15,Cancelled,Other
T00245,D0129,R00247,Delhi,Saket,Dwarka,2023-10-02 13:55:00,2023-10-02 14:07:00,2023-10-02 14:26:00,3.32,141.18,Completed,
T00246,D0207,R00414,Bangalore,Indiranagar,Electronic City,2023-10-10 15:26:00,2023-10-10 15:39:00,2023-10-10 16:16:00,10.06,315.81,Completed,
T00247,D0234,R01131,Mumbai,Powai,Powai,2023-10-15 13:15:00,2023-10-15 13:26:00,2023-10-15 14:01:00,9.1,272.96,Completed,
T00248,D0235,R00231,Delhi,Saket,Dwarka,2023-10-21 20:25:00,,,9.77,251.09,Cancelled,Other
T00249,D0151,R01597,Bangalore,Koramangala,HSR,2023-10-26 18:52:00,2023-10-26 18:56:00,2023-10-26 19:42:00,10.29,313.1,Completed,
T00250,D0225,R00077,Delhi,Dwarka,Rohini,2023-10-16 15:35:00,2023-10-16 15:47:00,2023-10-16 16:27:00,5.08,202.71,Completed,
T00251,D0159,R00487,Mumbai,Andheri,Dadar,2023-10-07 13:07:00,2023-10-07 13:15:00,2023-10-07 14:09:00,8.11,254.19,Completed,
T00252,D0006,R01426,Mumbai,Andheri,Bandra,2023-10-17 22:48:00,2023-10-17 22:58:00,2023-10-18 00:02:00,9.44,264.63,Completed,
T00253,D0250,R01239,Bangalore,Koramangala,Indiranagar,2023-10-14 16:12:00,2023-10-14 16:26:00,2023-10-14 17:02:00,9.03,254.34,Completed,
T00254,D0234,R00116,Mumbai,Worli,Bandra,2023-10-10 14:53:00,2023-10-10 15:01:00,2023-10-10 16:03:00,8.12,208.26,Completed,
T00255,D0182,R00356,Bangalore,Indiranagar,Indiranagar,2023-10-15 03:49:00,2023-10-15 04:01:00,2023-10-15 04:12:00,13.64,481.19,Completed,
T00256,D0009,R01687,Bangalore,Whitefield,Electronic City,2023-10-12 08:30:00,2023-10-12 08:37:00,2023-10-12 09:10:00,13.94,365.61,Completed,
T00257,D0237,R00364,Mumbai,Dadar,Worli,2023-10-29 22:02:00,2023-10-29 22:14:00,2023-10-29 22:52:00,12.29,376.31,Completed,
T00258,D0089,R00584,Delhi,Connaught Place,Saket,2023-10-16 22:01:00,2023-10-16 22:15:00,2023-10-16 22:30:00,13.74,347.26,Completed,
T00259,D0219,R01388,Bangalore,Indiranagar,HSR,2023-10-08 09:56:00,2023-10-08 10:09:00,2023-10-08 10:33:00,16.2,437.05,Completed,
T00260,D0132,R00271,Delhi,Dwarka,Gurgaon,2023-10-19 15:17:00,2023-10-19 15:20:00,2023-10-19 16:00:00,9.79,239.06,Completed,
T00261,D0065,R00564,Bangalore,Whitefield,Whitefield,2023-10-11 04:24:00,2023-10-11 04:38:00,2023-10-11 05:29:00,14.42,388.57,Completed,
T00262,D0065,R01198,Mumbai,Andheri,Andheri,2023-10-21 21:20:00,2023-10-21 21:32:00,2023-10-21 22:07:00,6.94,265.37,Completed,
T00263,D0144,R00131,Delhi,Rohini,Rohini,2023-10-18 00:45:00,2023-10-18 00:49:00,2023-10-18 01:29:00,5.89,194.7,Completed,
T00264,D0221,R00386,Delhi,Dwarka,Gurgaon,2023-10-15 19:08:00,2023-10-15 19:21:00,2023-10-15 19:50:00,3.01,110.58,Completed,
T00265,D0207,R01395,Bangalore,Indiranagar,Koramangala,2023-10-03 14:00:00,,,10.0,272.16,Cancelled,System
T00266,D0076,R01451,Delhi,Gurgaon,Dwarka,2023-10-23 15:15:00,2023-10-23 15:18:00,2023-10-23 16:05:00,5.04,195.79,Completed,
T00267,D0176,R01039,Mumbai,Powai,Bandra,2023-10-11 02:52:00,2023-10-11 03:05:00,2023-10-11 03:37:00,10.39,231.43,Completed,
T00268,D0047,R01145,Delhi,Dwarka,Rohini,2023-10-26 09:45:00,2023-10-26 09:59:00,2023-10-26 11:00:00,2.04,113.45,Completed,
T00269,D0057,R00679,Delhi,Rohini,Rohini,2023-10-05 01:32:00,2023-10-05 01:47:00,2023-10-05 02:53:00,8.38,240.81,Completed,
T00270,D0119,R00968,Delhi,Dwarka,Gurgaon,2023-10-14 09:10:00,,,0.61,76.15,Cancelled,Driver
T00271,D0136,R00702,Bangalore,Whitefield,Electronic City,2023-10-18 08:53:00,2023-10-18 08:58:00,2023-10-18 09:20:00,15.9,499.09,Completed,
T00272,D0081,R01293,Mumbai,Bandra,Powai,2023-10-07 12:26:00,,,9.2,303.68,Cancelled,System
T00273,D0002,R00325,Delhi,Saket,Connaught Place,2023-10-03 15:21:00,2023-10-03 15:33:00,2023-10-03 16:31:00,10.24,384.31,Completed,
T00274,D0112,R00078,Bangalore,Electronic City,Indiranagar,2023-10-28 23:10:00,2023-10-28 23:19:00,2023-10-28 23:29:00,0.5,75.46,Completed,
T00275,D0244,R01386,Delhi,Connaught Place,Dwarka,2023-10-17 23:31:00,2023-10-17 23:37:00,2023-10-17 23:48:00,5.18,224.75,Completed,
T00276,D0080,R01688,Bangalore,Koramangala,HSR,2023-10-16 16:07:00,2023-10-16 16:12:00,2023-10-16 16:26:00,4.53,189.39,Completed,
T00277,D0187,R00702,Mumbai,Dadar,Powai,2023-10-21 17:59:00,2023-10-21 18:12:00,2023-10-21 18:30:00,4.28,164.24,Completed,
T00278,D0243,R01490,Bangalore,Indiranagar,Indiranagar,2023-10-08 12:05:00,,,8.8,273.6,Cancelled,Rider
T00279,D0151,R00769,Delhi,Rohini,Gurgaon,2023-10-01 23:56:00,2023-10-02 00:11:00,2023-10-02 00:23:00,13.01,442.57,Completed,
T00280,D0153,R00099,Delhi,Connaught Place,Saket,2023-10-03 05:04:00,,,5.44,169.04,Cancelled,Driver
T00281,D0032,R01291,Mumbai,Andheri,Powai,2023-10-18 07:20:00,2023-10-18 07:34:00,2023-10-18 08:27:00,6.22,217.8,Completed,
T00282,D0170,R00215,Mumbai,Worli,Worli,2023-10-05 14:17:00,2023-10-05 14:26:00,2023-10-05 15:29:00,4.05,143.7,Completed,
T00283,D0030,R01703,Bangalore,Electronic City,Indiranagar,2023-10-13 20:47:00,2023-10-13 21:02:00,2023-10-13 21:28:00,3.02,135.74,Completed,
T00284,D0076,R00985,Mumbai,Powai,Bandra,2023-10-19 15:33:00,2023-10-19 15:47:00,2023-10-19 16:56:00,0.5,71.19,Completed,
T00285,D0172,R00185,Bangalore,Electronic City,Koramangala,2023-10-01 13:55:00,2023-10-01 14:05:00,2023-10-01 14:24:00,12.52,414.85,Completed,
T00286,D0232,R00951,Delhi,Connaught Place,Connaught Place,2023-10-05 14:38:00,2023-10-05 14:45:00,2023-10-05 15:11:00,9.91,425.57,Completed,
T00287,D0219,R00195,Bangalore,Koramangala,Koramangala,2023-10-02 19:05:00,2023-10-02 19:19:00,2023-10-02 19:36:00,9.6,268.48,Completed,
T00288,D0044,R01502,Bangalore,Koramangala,HSR,2023-10-30 10:54:00,2023-10-30 11:01:00,2023-10-30 12:07:00,16.36,368.7,Completed,
T00289,D0030,R01743,Mumbai,Dadar,Dadar,2023-10-09 07:44:00,2023-10-09 07:53:00,2023-10-09 08:47:00,11.6,341.33,Completed,
T00290,D0029,R00853,Delhi,Gurgaon,Saket,2023-10-08 14:10:00,2023-10-08 14:15:00,2023-10-08 14:31:00,6.83,154.38,Completed,
T00291,D0047,R01718,Delhi,Dwarka,Saket,2023-10-20 22:35:00,2023-10-20 22:48:00,2023-10-20 23:54:00,9.5,246.13,Completed,
T00292,D0228,R01443,Mumbai,Worli,Worli,2023-10-06 03:21:00,2023-10-06 03:29:00,2023-10-06 03:39:00,11.49,357.45,Completed,
T00293,D0058,R00887,Delhi,Dwarka,Saket,2023-10-26 17:08:00,,,6.75,207.26,Cancelled,Driver
T00294,D0099,R00024,Mumbai,Bandra,Worli,2023-10-30 04:35:00,2023-10-30 04:47:00,2023-10-30 05:00:00,12.4,277.18,Completed,
T00295,D0223,R00104,Mumbai,Worli,Bandra,2023-10-23 13:35:00,2023-10-23 13:43:00,2023-10-23 14:10:00,8.53,243.25,Completed,
T00296,D0097,R00918,Delhi,Connaught Place,Saket,2023-10-30 06:40:00,2023-10-30 06:55:00,2023-10-30 07:41:00,8.92,322.38,Completed,
T00297,D0031,R00845,Mumbai,Andheri,Worli,2023-10-15 09:13:00,,,8.48,265.58,Cancelled,Other
T00298,D0212,R01042,Delhi,Gurgaon,Dwarka,2023-10-01 00:11:00,2023-10-01 00:18:00,2023-10-01 01:24:00,4.09,148.41,Completed,
T00299,D0244,R01148,Delhi,Gurgaon,Gurgaon,2023-10-21 18:18:00,2023-10-21 18:28:00,2023-10-21 18:59:00,11.86,278.73,Completed,
T00300,D0094,R00700,Mumbai,Powai,Powai,2023-10-30 21:48:00,2023-10-30 21:54:00,2023-10-30 22:04:00,13.59,460.0,Completed,
T00301,D0096,R01469,Delhi,Saket,Connaught Place,2023-10-24 18:08:00,2023-10-24 18:13:00,2023-10-24 19:15:00,10.8,337.34,Completed,
T00302,D0051,R01601,Mumbai,Bandra,Powai,2023-10-28 19:12:00,2023-10-28 19:22:00,2023-10-28 20:24:00,12.12,342.44,Completed,
T00303,D0012,R00937,Bangalore,Electronic City,Electronic City,2023-10-19 20:42:00,,,11.29,290.91,Cancelled,Other
T00304,D0002,R01042,Bangalore,Indiranagar,Electronic City,2023-10-23 16:51:00,2023-10-23 17:03:00,2023-10-23 17:43:00,17.43,544.77,Completed,
T00305,D0027,R00788,Bangalore,Whitefield,Electronic City,2023-10-06 20:13:00,2023-10-06 20:24:00,2023-10-06 21:30:00,1.82,96.6,Completed,
T00306,D0071,R00283,Delhi,Saket,Gurgaon,2023-10-12 07:08:00,2023-10-12 07:23:00,2023-10-12 07:41:00,6.66,245.06,Completed,
T00307,D0077,R00412,Delhi,Dwarka,Gurgaon,2023-10-24 07:33:00,,,5.18,184.18,Cancelled,Rider
T00308,D0176,R01032,Delhi,Gurgaon,Rohini,2023-10-14 05:23:00,2023-10-14 05:36:00,2023-10-14 05:57:00,3.21,108.24,Completed,
T00309,D0195,R00855,Delhi,Gurgaon,Rohini,2023-10-06 06:03:00,2023-10-06 06:16:00,2023-10-06 07:11:00,3.34,145.64,Completed,
T00310,D0134,R00547,Mumbai,Bandra,Powai,2023-10-01 13:56:00,2023-10-01 13:59:00,2023-10-01 14:21:00,7.53,255.02,Completed,
T00311,D0038,R00735,Delhi,Saket,Connaught Place,2023-10-12 09:40:00,,,7.28,219.32,Cancelled,Driver
T00312,D0222,R01632,Delhi,Rohini,Connaught Place,2023-10-26 13:43:00,2023-10-26 13:54:00,2023-10-26 14:54:00,6.11,193.39,Completed,
T00313,D0107,R00027,Mumbai,Powai,Bandra,2023-10-18 15:18:00,,,11.92,351.75,Cancelled,Driver
T00314,D0213,R01206,Delhi,Gurgaon,Gurgaon,2023-10-21 03:56:00,2023-10-21 04:04:00,2023-10-21 05:02:00,4.3,147.35,Completed,
T00315,D0076,R01053,Bangalore,Koramangala,Whitefield,2023-10-09 19:21:00,2023-10-09 19:26:00,2023-10-09 20:23:00,10.07,310.11,Completed,
T00316,D0072,R00677,Bangalore,Whitefield,Indiranagar,2023-10-20 12:02:00,2023-10-20 12:09:00,2023-10-20 12:19:00,12.12,409.82,Completed,
T00317,D0238,R01356,Bangalore,HSR,Whitefield,2023-10-07 23:53:00,2023-10-08 00:05:00,2023-10-08 01:08:00,17.31,543.24,Completed,
T00318,D0092,R00140,Delhi,Gurgaon,Dwarka,2023-10-26 00:55:00,2023-10-26 01:00:00,2023-10-26 01:43:00,7.22,206.48,Completed,
T00319,D0138,R00679,Mumbai,Powai,Powai,2023-10-25 17:11:00,2023-10-25 17:24:00,2023-10-25 17:55:00,3.65,175.8,Completed,
T00320,D0136,R00235,Bangalore,HSR,Whitefield,2023-10-29 03:19:00,2023-10-29 03:32:00,2023-10-29 03:42:00,2.31,111.95,Completed,
T00321,D0158,R00782,Bangalore,Koramangala,Whitefield,2023-10-30 05:31:00,,,8.54,283.24,Cancelled,System
T00322,D0186,R01645,Mumbai,Worli,Dadar,2023-10-25 14:04:00,2023-10-25 14:12:00,2023-10-25 14:54:00,14.81,372.05,Completed,
T00323,D0076,R00343,Mumbai,Worli,Worli,2023-10-02 23:53:00,,,10.2,360.84,Cancelled,Driver
T00324,D0017,R01712,Bangalore,Koramangala,Indiranagar,2023-10-29 12:46:00,2023-10-29 12:59:00,2023-10-29 13:36:00,6.6,211.71,Completed,
T00325,D0166,R01469,Delhi,Rohini,Connaught Place,2023-10-20 19:23:00,2023-10-20 19:26:00,2023-10-20 20:05:00,13.97,446.49,Completed,
T00326,D0014,R00530,Bangalore,Whitefield,Whitefield,2023-10-04 08:00:00,2023-10-04 08:06:00,2023-10-04 09:14:00,8.48,284.96,Completed,
T00327,D0104,R01314,Mumbai,Worli,Andheri,2023-10-29 16:21:00,2023-10-29 16:32:00,2023-10-29 16:42:00,14.45,430.41,Completed,
T00328,D0012,R01612,Delhi,Rohini,Gurgaon,2023-10-27 15:38:00,2023-10-27 15:42:00,2023-10-27 16:10:00,16.74,546.16,Completed,
T00329,D0196,R00971,Bangalore,Indiranagar,Electronic City,2023-10-13 19:29:00,,,3.04,151.32,Cancelled,Driver
T00330,D0192,R00611,Bangalore,HSR,Koramangala,2023-10-07 04:57:00,2023-10-07 05:10:00,2023-10-07 05:29:00,9.98,261.57,Completed,
T00331,D0037,R00175,Delhi,Rohini,Dwarka,2023-10-26 06:17:00,2023-10-26 06:28:00,2023-10-26 07:13:00,13.89,409.62,Completed,
T00332,D0055,R00453,Delhi,Gurgaon,Rohini,2023-10-16 15:34:00,2023-10-16 15:39:00,2023-10-16 16:00:00,5.58,178.26,Completed,
T00333,D0047,R01125,Bangalore,Whitefield,Electronic City,2023-10-06 05:11:00,2023-10-06 05:26:00,2023-10-06 06:35:00,7.28,238.0,Completed,
T00334,D0172,R00678,Bangalore,HSR,Indiranagar,2023-10-14 05:28:00,2023-10-14 05:38:00,2023-10-14 06:48:00,13.75,454.93,Completed,
T00335,D0061,R00923,Delhi,Rohini,Gurgaon,2023-10-30 19:57:00,2023-10-30 20:05:00,2023-10-30 20:46:00,2.22,102.49,Completed,
T00336,D0178,R00346,Delhi,Connaught Place,Rohini,2023-10-14 21:52:00,2023-10-14 22:00:00,2023-10-14 22:37:00,5.01,177.61,Completed,
T00337,D0183,R01502,Bangalore,HSR,Whitefield,2023-10-11 01:57:00,2023-10-11 02:02:00,2023-10-11 02:55:00,1.45,100.59,Completed,
T00338,D0092,R00168,Mumbai,Powai,Bandra,2023-10-21 06:26:00,2023-10-21 06:39:00,2023-10-21 07:27:00,6.59,225.78,Completed,
T00339,D0068,R01039,Delhi,Connaught Place,Gurgaon,2023-10-09 22:33:00,2023-10-09 22:36:00,2023-10-09 23:40:00,3.99,141.37,Completed,
T00340,D0197,R01106,Delhi,Saket,Dwarka,2023-10-19 10:30:00,2023-10-19 10:41:00,2023-10-19 11:48:00,12.71,341.99,Completed,
T00341,D0058,R00952,Mumbai,Worli,Worli,2023-10-18 20:42:00,,,1.83,98.04,Cancelled,Rider
T00342,D0094,R01402,Bangalore,Indiranagar,Electronic City,2023-10-19 01:23:00,2023-10-19 01:38:00,2023-10-19 02:27:00,4.45,141.77,Completed,
T00343,D0041,R01500,Bangalore,Whitefield,HSR,2023-10-21 07:23:00,2023-10-21 07:28:00,2023-10-21 08:25:00,14.07,385.59,Completed,
T00344,D0195,R00424,Bangalore,Electronic City,HSR,2023-10-10 23:00:00,2023-10-10 23:03:00,2023-10-10 23:55:00,12.05,379.06,Completed,
T00345,D0235,R01442,Mumbai,Worli,Powai,2023-10-22 09:00:00,2023-10-22 09:08:00,2023-10-22 09:24:00,19.26,603.72,Completed,
T00346,D0149,R01339,Delhi,Connaught Place,Gurgaon,2023-10-12 23:36:00,2023-10-12 23:44:00,2023-10-13 00:31:00,11.18,397.31,Completed,
T00347,D0250,R00998,Mumbai,Dadar,Worli,2023-10-18 03:03:00,,,4.79,177.91,Cancelled,System
T00348,D0226,R00434,Bangalore,Indiranagar,Indiranagar,2023-10-23 20:08:00,2023-10-23 20:21:00,2023-10-23 20:48:00,9.31,305.62,Completed,
T00349,D0155,R01476,Bangalore,Koramangala,Whitefield,2023-10-17 11:38:00,2023-10-17 11:53:00,2023-10-17 12:24:00,10.63,346.58,Completed,
T00350,D0123,R00089,Delhi,Dwarka,Gurgaon,2023-10-22 18:59:00,2023-10-22 19:02:00,2023-10-22 19:27:00,12.51,453.13,Completed,
T00351,D0035,R00529,Delhi,Dwarka,Gurgaon,2023-10-08 07:59:00,2023-10-08 08:02:00,2023-10-08 08:22:00,13.56,416.23,Completed,
T00352,D0249,R00581,Mumbai,Andheri,Bandra,2023-10-28 06:39:00,2023-10-28 06:52:00,2023-10-28 07:54:00,14.83,441.79,Completed,
T00353,D0121,R01628,Mumbai,Worli,Bandra,2023-10-28 14:29:00,,,12.11,442.86,Cancelled,Rider
T00354,D0068,R00141,Delhi,Dwarka,Saket,2023-10-24 05:56:00,2023-10-24 06:08:00,2023-10-24 06:55:00,4.94,142.44,Completed,
T00355,D0028,R01693,Mumbai,Bandra,Worli,2023-10-07 00:24:00,2023-10-07 00:37:00,2023-10-07 01:13:00,0.5,71.88,Completed,
T00356,D0122,R00191,Bangalore,Whitefield,Indiranagar,2023-10-09 01:47:00,,,1.86,97.55,Cancelled,Driver
T00357,D0212,R00862,Delhi,Rohini,Connaught Place,2023-10-25 13:02:00,2023-10-25 13:11:00,2023-10-25 13:54:00,14.07,379.42,Completed,
T00358,D0110,R01207,Delhi,Gurgaon,Connaught Place,2023-10-25 02:42:00,2023-10-25 02:51:00,2023-10-25 03:23:00,10.78,257.44,Completed,
T00359,D0066,R01796,Mumbai,Worli,Dadar,2023-10-07 02:14:00,2023-10-07 02:21:00,2023-10-07 03:09:00,9.37,368.0,Completed,
T00360,D0002,R00015,Mumbai,Dadar,Bandra,2023-10-09 14:27:00,2023-10-09 14:31:00,2023-10-09 15:14:00,9.79,254.88,Completed,
T00361,D0105,R01751,Delhi,Gurgaon,Saket,2023-10-15 09:02:00,2023-10-15 09:09:00,2023-10-15 09:35:00,11.77,410.74,Completed,
T00362,D0157,R01606,Delhi,Gurgaon,Saket,2023-10-17 15:22:00,2023-10-17 15:31:00,2023-10-17 16:16:00,5.67,167.27,Completed,
T00363,D0144,R01445,Bangalore,Whitefield,Indiranagar,2023-10-17 20:22:00,2023-10-17 20:30:00,2023-10-17 21:29:00,8.42,299.32,Completed,
T00364,D0192,R01042,Delhi,Saket,Rohini,2023-10-06 10:04:00,2023-10-06 10:08:00,2023-10-06 10:31:00,10.52,222.47,Completed,
T00365,D0179,R01648,Delhi,Connaught Place,Dwarka,2023-10-28 22:40:00,2023-10-28 22:53:00,2023-10-28 23:03:00,12.26,382.14,Completed,
T00366,D0112,R01484,Mumbai,Dadar,Dadar,2023-10-28 07:37:00,2023-10-28 07:49:00,2023-10-28 08:01:00,8.18,295.89,Completed,
T00367,D0134,R00359,Delhi,Saket,Saket,2023-10-30 20:43:00,2023-10-30 20:58:00,2023-10-30 22:00:00,9.84,302.92,Completed,
T00368,D0218,R01228,Bangalore,Electronic City,Electronic City,2023-10-10 04:19:00,2023-10-10 04:22:00,2023-10-10 05:22:00,9.59,270.05,Completed,
T00369,D0158,R00178,Delhi,Rohini,Saket,2023-10-11 13:02:00,2023-10-11 13:05:00,2023-10-11 13:25:00,11.38,352.06,Completed,
T00370,D0104,R00185,Mumbai,Worli,Powai,2023-10-18 23:36:00,2023-10-18 23:40:00,2023-10-19 00:48:00,2.0,108.55,Completed,
T00371,D0235,R00399,Delhi,Saket,Saket,2023-10-26 10:42:00,2023-10-26 10:48:00,2023-10-26 11:36:00,4.27,192.45,Completed,
T00372,D0067,R00697,Delhi,Connaught Place,Gurgaon,2023-10-01 05:04:00,2023-10-01 05:15:00,2023-10-01 05:43:00,3.39,144.07,Completed,
T00373,D0209,R00991,Mumbai,Bandra,Powai,2023-10-25 11:32:00,2023-10-25 11:41:00,2023-10-25 12:27:00,8.5,309.27,Completed,
T00374,D0230,R01298,Mumbai,Bandra,Bandra,2023-10-21 23:13:00,2023-10-21 23:17:00,2023-10-21 23:51:00,10.46,325.06,Completed,
T00375,D0245,R00589,Mumbai,Andheri,Dadar,2023-10-19 18:28:00,2023-10-19 18:35:00,2023-10-19 19:00:00,2.44,117.63,Completed,
T00376,D0020,R01175,Delhi,Rohini,Dwarka,2023-10-16 13:32:00,2023-10-16 13:38:00,2023-10-16 14:45:00,10.01,341.55,Completed,
T00377,D0128,R00470,Delhi,Dwarka,Dwarka,2023-10-09 15:42:00,2023-10-09 15:49:00,2023-10-09 16:12:00,8.78,305.53,Completed,
T00378,D0040,R01258,Delhi,Connaught Place,Gurgaon,2023-10-17 04:52:00,2023-10-17 05:05:00,2023-10-17 05:46:00,9.68,312.71,Completed,
T00379,D0096,R00563,Bangalore,Whitefield,Indiranagar,2023-10-22 22:47:00,2023-10-22 22:59:00,2023-10-23 00:04:00,0.5,72.78,Completed,
T00380,D0102,R00980,Delhi,Gurgaon,Connaught Place,2023-10-13 18:07:00,2023-10-13 18:22:00,2023-10-13 18:59:00,7.32,238.47,Completed,
T00381,D0101,R01431,Delhi,Gurgaon,Saket,2023-10-16 19:19:00,,,9.22,250.27,Cancelled,Driver
T00382,D0004,R01766,Mumbai,Powai,Bandra,2023-10-01 09:11:00,2023-10-01 09:19:00,2023-10-01 10:08:00,7.16,248.07,Completed,
T00383,D0061,R00869,Delhi,Dwarka,Saket,2023-10-12 23:06:00,2023-10-12 23:11:00,2023-10-12 23:52:00,12.04,349.62,Completed,
T00384,D0094,R01180,Delhi,Dwarka,Connaught Place,2023-10-17 22:39:00,,,8.03,280.63,Cancelled,Rider
T00385,D0206,R01513,Delhi,Dwarka,Saket,2023-10-13 06:51:00,2023-10-13 06:56:00,2023-10-13 07:57:00,4.93,191.23,Completed,
T00386,D0108,R01476,Bangalore,HSR,Whitefield,2023-10-09 00:54:00,2023-10-09 01:05:00,2023-10-09 01:49:00,16.28,463.47,Completed,
T00387,D0144,R00123,Mumbai,Bandra,Powai,2023-10-12 10:07:00,,,10.24,321.52,Cancelled,Rider
T00388,D0025,R01659,Mumbai,Powai,Powai,2023-10-29 15:58:00,2023-10-29 16:09:00,2023-10-29 16:54:00,6.58,245.97,Completed,
T00389,D0032,R01331,Bangalore,Electronic City,Indiranagar,2023-10-19 17:45:00,2023-10-19 17:57:00,2023-10-19 18:43:00,6.16,183.63,Completed,
T00390,D0084,R01257,Mumbai,Powai,Dadar,2023-10-17 03:52:00,2023-10-17 03:56:00,2023-10-17 04:30:00,1.99,110.77,Completed,
T00391,D0223,R01171,Delhi,Saket,Connaught Place,2023-10-07 14:12:00,2023-10-07 14:25:00,2023-10-07 15:14:00,9.79,271.53,Completed,
T00392,D0088,R01321,Bangalore,Whitefield,HSR,2023-10-08 08:56:00,2023-10-08 09:03:00,2023-10-08 09:51:00,7.15,260.42,Completed,
T00393,D0192,R00048,Mumbai,Bandra,Bandra,2023-10-17 12:40:00,2023-10-17 12:45:00,2023-10-17 13:49:00,12.54,362.35,Completed,
T00394,D0241,R00196,Delhi,Connaught Place,Saket,2023-10-12 10:51:00,2023-10-12 11:00:00,2023-10-12 11:16:00,8.5,249.12,Completed,
T00395,D0007,R01266,Delhi,Dwarka,Connaught Place,2023-10-03 10:47:00,2023-10-03 10:51:00,2023-10-03 11:17:00,0.5,71.5,Completed,
T00396,D0080,R01079,Delhi,Dwarka,Connaught Place,2023-10-18 17:48:00,2023-10-18 17:53:00,2023-10-18 18:11:00,8.16,228.79,Completed,
T00397,D0221,R01124,Bangalore,Whitefield,Indiranagar,2023-10-17 05:45:00,,,11.45,307.54,Cancelled,System
T00398,D0046,R01073,Delhi,Gurgaon,Rohini,2023-10-25 13:02:00,2023-10-25 13:14:00,2023-10-25 13:51:00,2.1,116.27,Completed,
T00399,D0139,R00319,Mumbai,Powai,Andheri,2023-10-22 22:05:00,2023-10-22 22:14:00,2023-10-22 22:40:00,11.4,365.87,Completed,
T00400,D0209,R01409,Bangalore,Whitefield,Whitefield,2023-10-24 19:36:00,2023-10-24 19:47:00,2023-10-24 19:57:00,10.65,352.71,Completed,
T00401,D0197,R00766,Mumbai,Bandra,Dadar,2023-10-01 09:58:00,2023-10-01 10:01:00,2023-10-01 10:46:00,7.73,274.86,Completed,
T00402,D0102,R00539,Delhi,Connaught Place,Saket,2023-10-20 21:26:00,2023-10-20 21:35:00,2023-10-20 21:59:00,7.24,200.27,Completed,
T00403,D0133,R00584,Delhi,Gurgaon,Rohini,2023-10-11 21:39:00,2023-10-11 21:52:00,2023-10-11 22:19:00,14.63,368.8,Completed,
T00404,D0219,R00928,Mumbai,Powai,Worli,2023-10-09 13:20:00,2023-10-09 13:30:00,2023-10-09 14:19:00,9.76,318.29,Completed,
T00405,D0083,R00578,Mumbai,Powai,Bandra,2023-10-09 13:06:00,2023-10-09 13:11:00,2023-10-09 13:27:00,13.21,410.31,Completed,
T00406,D0187,R00861,Delhi,Rohini,Saket,2023-10-20 22:52:00,2023-10-20 22:58:00,2023-10-20 23:29:00,9.08,290.36,Completed,
T00407,D0179,R00546,Mumbai,Dadar,Andheri,2023-10-22 02:28:00,2023-10-22 02:33:00,2023-10-22 02:46:00,4.78,211.74,Completed,
T00408,D0047,R01574,Delhi,Dwarka,Saket,2023-10-22 09:31:00,2023-10-22 09:34:00,2023-10-22 09:51:00,12.51,295.33,Completed,
T00409,D0189,R01068,Mumbai,Bandra,Dadar,2023-10-12 05:58:00,,,10.55,389.08,Cancelled,Driver
T00410,D0240,R00251,Mumbai,Powai,Dadar,2023-10-15 04:54:00,2023-10-15 05:05:00,2023-10-15 05:48:00,7.69,245.7,Completed,
T00411,D0051,R01297,Delhi,Saket,Rohini,2023-10-14 14:23:00,2023-10-14 14:27:00,2023-10-14 14:52:00,14.11,439.65,Completed,
T00412,D0204,R01191,Bangalore,Whitefield,Electronic City,2023-10-08 14:48:00,2023-10-08 14:51:00,2023-10-08 15:03:00,13.66,467.34,Completed,
T00413,D0198,R01556,Bangalore,Koramangala,Koramangala,2023-10-17 21:39:00,2023-10-17 21:51:00,2023-10-17 22:22:00,9.46,310.36,Completed,
T00414,D0040,R01144,Mumbai,Powai,Dadar,2023-10-30 08:02:00,2023-10-30 08:08:00,2023-10-30 08:38:00,9.03,267.65,Completed,
T00415,D0006,R01448,Delhi,Saket,Gurgaon,2023-10-09 18:46:00,2023-10-09 18:49:00,2023-10-09 19:30:00,7.15,250.72,Completed,
T00416,D0179,R00960,Mumbai,Powai,Worli,2023-10-25 16:48:00,2023-10-25 16:56:00,2023-10-25 17:52:00,3.92,150.01,Completed,
T00417,D0018,R00930,Delhi,Connaught Place,Gurgaon,2023-10-08 07:08:00,2023-10-08 07:19:00,2023-10-08 07:52:00,1.47,100.15,Completed,
T00418,D0227,R01477,Mumbai,Andheri,Worli,2023-10-09 10:39:00,2023-10-09 10:45:00,2023-10-09 11:15:00,12.8,310.65,Completed,
T00419,D0135,R00840,Mumbai,Powai,Andheri,2023-10-09 15:23:00,2023-10-09 15:30:00,2023-10-09 16:00:00,8.73,258.14,Completed,
T00420,D0169,R00220,Bangalore,Whitefield,Indiranagar,2023-10-24 19:28:00,2023-10-24 19:31:00,2023-10-24 19:53:00,9.58,282.12,Completed,
T00421,D0147,R01209,Bangalore,HSR,Koramangala,2023-10-02 10:45:00,2023-10-02 10:57:00,2023-10-02 11:51:00,4.95,198.55,Completed,
T00422,D0156,R01705,Mumbai,Andheri,Dadar,2023-10-11 01:05:00,2023-10-11 01:18:00,2023-10-11 01:59:00,17.48,509.94,Completed,
T00423,D0093,R01451,Delhi,Connaught Place,Gurgaon,2023-10-03 18:18:00,2023-10-03 18:26:00,2023-10-03 19:26:00,12.34,349.13,Completed,
T00424,D0011,R00199,Mumbai,Andheri,Bandra,2023-10-25 01:49:00,2023-10-25 01:55:00,2023-10-25 02:38:00,9.32,280.05,Completed,
T00425,D0049,R01535,Delhi,Gurgaon,Saket,2023-10-18 12:53:00,2023-10-18 12:58:00,2023-10-18 13:43:00,5.63,176.36,Completed,
T00426,D0197,R00214,Delhi,Dwarka,Dwarka,2023-10-05 19:14:00,2023-10-05 19:27:00,2023-10-05 20:04:00,5.72,222.74,Completed,
T00427,D0130,R00722,Delhi,Rohini,Gurgaon,2023-10-19 06:36:00,2023-10-19 06:46:00,2023-10-19 07:55:00,16.34,665.39,Completed,
T00428,D0106,R01154,Mumbai,Worli,Bandra,2023-10-17 22:01:00,2023-10-17 22:13:00,2023-10-17 22:38:00,2.67,134.01,Completed,
T00429,D0238,R01488,Mumbai,Andheri,Powai,2023-10-26 01:00:00,2023-10-26 01:09:00,2023-10-26 01:19:00,5.7,221.78,Completed,
T00430,D0133,R01753,Delhi,Rohini,Connaught Place,2023-10-01 17:48:00,2023-10-01 17:54:00,2023-10-01 18:17:00,8.85,278.67,Completed,
T00431,D0236,R00078,Delhi,Saket,Rohini,2023-10-13 13:25:00,2023-10-13 13:30:00,2023-10-13 13:46:00,0.5,70.92,Completed,
T00432,D0068,R00189,Bangalore,Electronic City,Whitefield,2023-10-07 07:10:00,2023-10-07 07:25:00,2023-10-07 07:54:00,5.97,200.66,Completed,
T00433,D0188,R01413,Delhi,Gurgaon,Connaught Place,2023-10-10 21:29:00,2023-10-10 21:39:00,2023-10-10 22:41:00,6.42,246.79,Completed,
T00434,D0077,R01579,Delhi,Rohini,Rohini,2023-10-30 05:30:00,2023-10-30 05:45:00,2023-10-30 05:58:00,9.91,271.47,Completed,
T00435,D0239,R01299,Mumbai,Dadar,Andheri,2023-10-19 22:57:00,,,10.46,299.6,Cancelled,Driver
T00436,D0011,R00314,Mumbai,Andheri,Dadar,2023-10-24 20:45:00,2023-10-24 20:59:00,2023-10-24 21:23:00,5.23,183.37,Completed,
T00437,D0148,R00271,Mumbai,Powai,Andheri,2023-10-28 02:02:00,2023-10-28 02:11:00,2023-10-28 02:30:00,9.08,316.59,Completed,
T00438,D0191,R01585,Mumbai,Bandra,Bandra,2023-10-27 00:09:00,2023-10-27 00:20:00,2023-10-27 00:57:00,7.14,245.63,Completed,
T00439,D0051,R01074,Mumbai,Bandra,Bandra,2023-10-26 10:54:00,2023-10-26 11:06:00,2023-10-26 12:03:00,6.98,219.42,Completed,
T00440,D0199,R00848,Bangalore,Whitefield,HSR,2023-10-13 02:49:00,2023-10-13 02:53:00,2023-10-13 03:45:00,6.41,189.45,Completed,
T00441,D0083,R01263,Mumbai,Dadar,Worli,2023-10-09 16:03:00,2023-10-09 16:08:00,2023-10-09 16:40:00,4.66,150.03,Completed,
T00442,D0012,R01552,Bangalore,Koramangala,Koramangala,2023-10-21 01:06:00,,,9.13,343.49,Cancelled,Rider
T00443,D0063,R00029,Delhi,Rohini,Connaught Place,2023-10-03 11:34:00,,,15.72,396.7,Cancelled,System
T00444,D0121,R01072,Mumbai,Powai,Worli,2023-10-21 11:35:00,2023-10-21 11:41:00,2023-10-21 12:25:00,9.77,351.21,Completed,
T00445,D0187,R01194,Mumbai,Worli,Andheri,2023-10-29 08:31:00,,,6.49,185.96,Cancelled,Other
T00446,D0016,R01341,Mumbai,Andheri,Andheri,2023-10-08 18:02:00,2023-10-08 18:05:00,2023-10-08 18:44:00,9.85,253.24,Completed,
T00447,D0170,R00600,Mumbai,Dadar,Bandra,2023-10-13 08:20:00,,,4.22,137.0,Cancelled,Driver
T00448,D0182,R00382,Mumbai,Bandra,Worli,2023-10-24 03:27:00,2023-10-24 03:38:00,2023-10-24 03:53:00,5.29,231.19,Completed,
T00449,D0238,R01004,Mumbai,Dadar,Bandra,2023-10-26 12:25:00,2023-10-26 12:32:00,2023-10-26 13:03:00,17.26,530.07,Completed,
T00450,D0176,R01663,Bangalore,Koramangala,HSR,2023-10-16 18:46:00,2023-10-16 18:57:00,2023-10-16 19:24:00,6.43,207.38,Completed,
T00451,D0242,R00282,Mumbai,Andheri,Dadar,2023-10-02 08:11:00,2023-10-02 08:20:00,2023-10-02 09:12:00,8.07,279.93,Completed,
T00452,D0224,R00640,Delhi,Gurgaon,Rohini,2023-10-28 20:57:00,2023-10-28 21:02:00,2023-10-28 21:39:00,8.92,309.19,Completed,
T00453,D0034,R01767,Mumbai,Bandra,Powai,2023-10-25 16:15:00,2023-10-25 16:30:00,2023-10-25 16:52:00,11.72,397.77,Completed,
T00454,D0233,R01157,Delhi,Dwarka,Rohini,2023-10-24 20:08:00,2023-10-24 20:13:00,2023-10-24 21:04:00,19.41,539.51,Completed,
T00455,D0137,R01490,Bangalore,Koramangala,HSR,2023-10-26 08:45:00,,,11.07,362.96,Cancelled,Rider
T00456,D0078,R00312,Mumbai,Bandra,Andheri,2023-10-19 17:11:00,2023-10-19 17:25:00,2023-10-19 17:52:00,16.25,410.57,Completed,
T00457,D0007,R00473,Bangalore,Electronic City,Indiranagar,2023-10-09 09:47:00,2023-10-09 09:59:00,2023-10-09 10:48:00,6.1,200.06,Completed,
T00458,D0092,R01459,Bangalore,HSR,Indiranagar,2023-10-02 04:29:00,2023-10-02 04:41:00,2023-10-02 05:21:00,8.9,263.73,Completed,
T00459,D0122,R00553,Mumbai,Dadar,Bandra,2023-10-23 08:47:00,2023-10-23 09:02:00,2023-10-23 09:12:00,8.86,290.0,Completed,
T00460,D0194,R01264,Delhi,Saket,Rohini,2023-10-10 05:32:00,2023-10-10 05:42:00,2023-10-10 06:47:00,12.9,497.63,Completed,
T00461,D0110,R00641,Mumbai,Dadar,Worli,2023-10-12 05:33:00,2023-10-12 05:42:00,2023-10-12 06:38:00,14.8,455.08,Completed,
T00462,D0153,R00224,Delhi,Saket,Saket,2023-10-27 00:42:00,2023-10-27 00:45:00,2023-10-27 01:28:00,4.56,151.91,Completed,
T00463,D0133,R01568,Bangalore,Koramangala,Indiranagar,2023-10-12 04:23:00,2023-10-12 04:32:00,2023-10-12 05:15:00,9.63,299.64,Completed,
T00464,D0102,R00866,Mumbai,Powai,Worli,2023-10-21 00:06:00,,,8.99,255.56,Cancelled,Rider
T00465,D0232,R00232,Bangalore,Indiranagar,Electronic City,2023-10-24 12:40:00,2023-10-24 12:54:00,2023-10-24 13:36:00,10.61,284.46,Completed,
T00466,D0035,R01460,Delhi,Dwarka,Saket,2023-10-25 20:49:00,2023-10-25 20:59:00,2023-10-25 21:46:00,8.1,269.02,Completed,
T00467,D0083,R00254,Bangalore,Koramangala,Koramangala,2023-10-12 09:09:00,2023-10-12 09:23:00,2023-10-12 10:19:00,14.46,364.65,Completed,
T00468,D0163,R01254,Delhi,Dwarka,Saket,2023-10-21 10:51:00,2023-10-21 11:06:00,2023-10-21 11:48:00,4.61,172.54,Completed,
T00469,D0012,R00308,Delhi,Dwarka,Dwarka,2023-10-18 07:43:00,2023-10-18 07:56:00,2023-10-18 09:01:00,12.9,347.6,Completed,
T00470,D0108,R00371,Bangalore,Koramangala,Indiranagar,2023-10-03 08:02:00,2023-10-03 08:09:00,2023-10-03 08:59:00,7.23,167.67,Completed,
T00471,D0160,R01654,Bangalore,Koramangala,Electronic City,2023-10-01 03:51:00,2023-10-01 04:01:00,2023-10-01 04:45:00,13.18,394.24,Completed,
T00472,D0056,R01230,Mumbai,Andheri,Bandra,2023-10-11 19:49:00,2023-10-11 19:53:00,2023-10-11 20:41:00,4.44,173.77,Completed,
T00473,D0159,R00113,Delhi,Rohini,Connaught Place,2023-10-13 15:46:00,2023-10-13 15:51:00,2023-10-13 16:10:00,9.66,277.66,Completed,
T00474,D0171,R00224,Bangalore,Whitefield,Indiranagar,2023-10-02 11:25:00,2023-10-02 11:29:00,2023-10-02 11:42:00,5.64,188.77,Completed,
T00475,D0157,R00933,Bangalore,Electronic City,HSR,2023-10-13 22:37:00,2023-10-13 22:48:00,2023-10-13 23:09:00,6.88,197.9,Completed,
T00476,D0197,R00876,Bangalore,Electronic City,Koramangala,2023-10-05 05:43:00,2023-10-05 05:47:00,2023-10-05 06:45:00,5.85,223.04,Completed,
T00477,D0035,R00430,Mumbai,Bandra,Worli,2023-10-22 10:15:00,2023-10-22 10:24:00,2023-10-22 11:07:00,10.77,299.5,Completed,
T00478,D0147,R01411,Bangalore,Electronic City,HSR,2023-10-05 23:23:00,2023-10-05 23:33:00,2023-10-06 00:29:00,0.5,68.22,Completed,
T00479,D0218,R00266,Mumbai,Worli,Worli,2023-10-28 17:01:00,2023-10-28 17:09:00,2023-10-28 18:18:00,0.5,71.47,Completed,
T00480,D0187,R01452,Mumbai,Powai,Bandra,2023-10-24 15:39:00,2023-10-24 15:51:00,2023-10-24 16:15:00,5.98,210.21,Completed,
T00481,D0007,R01261,Bangalore,Whitefield,Whitefield,2023-10-06 09:06:00,2023-10-06 09:12:00,2023-10-06 10:13:00,10.39,254.69,Completed,
T00482,D0090,R00577,Bangalore,HSR,Koramangala,2023-10-16 04:35:00,2023-10-16 04:41:00,2023-10-16 05:35:00,8.11,259.03,Completed,
T00483,D0130,R00812,Mumbai,Worli,Worli,2023-10-14 15:59:00,2023-10-14 16:07:00,2023-10-14 16:38:00,8.71,260.72,Completed,
T00484,D0050,R00073,Bangalore,Indiranagar,Whitefield,2023-10-08 23:50:00,2023-10-09 00:00:00,2023-10-09 01:01:00,5.36,221.27,Completed,
T00485,D0118,R01521,Bangalore,Koramangala,Electronic City,2023-10-29 13:04:00,,,4.98,180.36,Cancelled,Other
T00486,D0186,R00680,Mumbai,Powai,Andheri,2023-10-26 17:04:00,2023-10-26 17:16:00,2023-10-26 18:09:00,7.77,252.2,Completed,
T00487,D0216,R01241,Bangalore,Whitefield,Indiranagar,2023-10-13 18:20:00,2023-10-13 18:25:00,2023-10-13 19:11:00,14.08,403.88,Completed,
T00488,D0222,R00557,Delhi,Saket,Connaught Place,2023-10-06 07:37:00,2023-10-06 07:51:00,2023-10-06 08:03:00,5.67,243.58,Completed,
T00489,D0096,R00230,Mumbai,Powai,Andheri,2023-10-11 19:34:00,2023-10-11 19:41:00,2023-10-11 20:02:00,11.16,329.51,Completed,
T00490,D0114,R00697,Bangalore,Whitefield,Electronic City,2023-10-05 05:08:00,2023-10-05 05:13:00,2023-10-05 05:35:00,11.13,246.21,Completed,
T00491,D0037,R00272,Mumbai,Bandra,Andheri,2023-10-15 21:32:00,2023-10-15 21:43:00,2023-10-15 22:36:00,17.76,620.79,Completed,
T00492,D0183,R01408,Mumbai,Worli,Andheri,2023-10-18 15:20:00,,,11.08,362.45,Cancelled,Driver
T00493,D0228,R01183,Mumbai,Powai,Bandra,2023-10-22 05:57:00,2023-10-22 06:04:00,2023-10-22 06:15:00,2.68,124.97,Completed,
T00494,D0050,R00559,Mumbai,Bandra,Bandra,2023-10-10 03:03:00,2023-10-10 03:16:00,2023-10-10 03:33:00,1.75,101.32,Completed,
T00495,D0004,R01126,Mumbai,Powai,Powai,2023-10-06 05:01:00,,,6.77,224.64,Cancelled,System
T00496,D0147,R00909,Bangalore,Koramangala,Indiranagar,2023-10-13 21:24:00,2023-10-13 21:32:00,2023-10-13 22:16:00,13.47,428.9,Completed,
T00497,D0232,R00367,Bangalore,Electronic City,Electronic City,2023-10-22 10:10:00,2023-10-22 10:19:00,2023-10-22 10:54:00,9.55,306.59,Completed,
T00498,D0158,R01658,Delhi,Gurgaon,Connaught Place,2023-10-21 06:58:00,2023-10-21 07:13:00,2023-10-21 08:05:00,7.19,256.36,Completed,
T00499,D0034,R00636,Mumbai,Dadar,Dadar,2023-10-26 20:10:00,2023-10-26 20:14:00,2023-10-26 20:53:00,10.5,260.94,Completed,
T00500,D0037,R00376,Bangalore,HSR,HSR,2023-10-11 04:26:00,,,1.94,97.01,Cancelled,Other
T00501,D0008,R01573,Mumbai,Powai,Worli,2023-10-23 04:29:00,2023-10-23 04:34:00,2023-10-23 05:02:00,11.96,394.56,Completed,
T00502,D0131,R01331,Delhi,Connaught Place,Rohini,2023-10-06 19:08:00,2023-10-06 19:16:00,2023-10-06 20:01:00,11.44,271.56,Completed,
T00503,D0103,R00787,Delhi,Connaught Place,Rohini,2023-10-21 23:30:00,2023-10-21 23:35:00,2023-10-22 00:15:00,8.71,303.72,Completed,
T00504,D0111,R00484,Bangalore,Indiranagar,Koramangala,2023-10-27 21:29:00,2023-10-27 21:40:00,2023-10-27 22:34:00,2.03,116.4,Completed,
T00505,D0215,R01684,Delhi,Saket,Dwarka,2023-10-27 03:10:00,2023-10-27 03:21:00,2023-10-27 03:37:00,4.77,167.61,Completed,
T00506,D0018,R01013,Mumbai,Andheri,Andheri,2023-10-19 11:14:00,2023-10-19 11:23:00,2023-10-19 11:53:00,6.38,187.91,Completed,
T00507,D0228,R01354,Bangalore,Indiranagar,Whitefield,2023-10-07 07:44:00,2023-10-07 07:59:00,2023-10-07 08:18:00,8.73,214.66,Completed,
T00508,D0100,R01168,Delhi,Rohini,Saket,2023-10-14 06:23:00,2023-10-14 06:31:00,2023-10-14 07:00:00,5.93,213.5,Completed,
T00509,D0023,R00603,Delhi,Connaught Place,Rohini,2023-10-16 16:01:00,2023-10-16 16:06:00,2023-10-16 17:10:00,4.85,166.3,Completed,
T00510,D0001,R00064,Delhi,Dwarka,Saket,2023-10-03 10:01:00,2023-10-03 10:08:00,2023-10-03 11:13:00,10.12,278.52,Completed,
T00511,D0101,R00433,Delhi,Dwarka,Saket,2023-10-27 20:36:00,2023-10-27 20:45:00,2023-10-27 21:29:00,7.53,218.39,Completed,
T00512,D0143,R01788,Bangalore,Indiranagar,Indiranagar,2023-10-09 13:35:00,2023-10-09 13:40:00,2023-10-09 14:08:00,15.31,389.19,Completed,
T00513,D0166,R00174,Bangalore,Indiranagar,Whitefield,2023-10-04 06:21:00,2023-10-04 06:30:00,2023-10-04 06:48:00,7.67,216.89,Completed,
T00514,D0239,R00922,Mumbai,Dadar,Powai,2023-10-28 12:11:00,2023-10-28 12:22:00,2023-10-28 13:24:00,10.54,369.0,Completed,
T00515,D0109,R01028,Bangalore,HSR,Whitefield,2023-10-09 10:56:00,2023-10-09 11:02:00,2023-10-09 11:57:00,1.66,95.45,Completed,
T00516,D0094,R01189,Delhi,Saket,Connaught Place,2023-10-27 05:31:00,2023-10-27 05:39:00,2023-10-27 05:56:00,12.97,398.3,Completed,
T00517,D0220,R01072,Bangalore,Electronic City,Koramangala,2023-10-24 22:58:00,,,9.31,251.79,Cancelled,Driver
T00518,D0162,R01635,Bangalore,Electronic City,HSR,2023-10-22 12:02:00,2023-10-22 12:15:00,2023-10-22 12:59:00,10.06,307.51,Completed,
T00519,D0232,R00961,Delhi,Gurgaon,Rohini,2023-10-03 09:38:00,2023-10-03 09:49:00,2023-10-03 10:56:00,9.3,251.32,Completed,
T00520,D0246,R01489,Mumbai,Worli,Powai,2023-10-17 01:28:00,,,7.83,273.97,Cancelled,System
T00521,D0122,R01511,Bangalore,Electronic City,Koramangala,2023-10-29 15:21:00,2023-10-29 15:28:00,2023-10-29 16:29:00,3.26,133.08,Completed,
T00522,D0022,R01262,Mumbai,Powai,Powai,2023-10-23 01:29:00,2023-10-23 01:36:00,2023-10-23 01:54:00,14.7,475.29,Completed,
T00523,D0190,R00915,Mumbai,Powai,Bandra,2023-10-01 15:30:00,2023-10-01 15:35:00,2023-10-01 16:27:00,10.94,385.63,Completed,
T00524,D0125,R01220,Mumbai,Bandra,Dadar,2023-10-11 17:59:00,2023-10-11 18:03:00,2023-10-11 18:22:00,7.48,245.67,Completed,
T00525,D0061,R01725,Mumbai,Powai,Andheri,2023-10-18 10:31:00,2023-10-18 10:43:00,2023-10-18 11:39:00,8.14,244.02,Completed,
T00526,D0194,R00976,Delhi,Gurgaon,Dwarka,2023-10-13 00:47:00,2023-10-13 00:57:00,2023-10-13 01:26:00,12.73,396.68,Completed,
T00527,D0122,R01633,Mumbai,Dadar,Dadar,2023-10-18 18:03:00,2023-10-18 18:10:00,2023-10-18 19:19:00,4.31,164.25,Completed,
T00528,D0247,R00725,Delhi,Saket,Gurgaon,2023-10-15 08:48:00,2023-10-15 08:59:00,2023-10-15 09:49:00,10.24,310.93,Completed,
T00529,D0086,R00945,Delhi,Dwarka,Gurgaon,2023-10-13 09:44:00,2023-10-13 09:56:00,2023-10-13 10:31:00,9.49,269.66,Completed,
T00530,D0087,R00018,Bangalore,Koramangala,Koramangala,2023-10-24 15:55:00,2023-10-24 15:58:00,2023-10-24 16:51:00,11.96,357.23,Completed,
T00531,D0135,R00396,Mumbai,Andheri,Andheri,2023-10-05 10:42:00,2023-10-05 10:49:00,2023-10-05 11:15:00,5.85,211.74,Completed,
T00532,D0015,R01451,Delhi,Connaught Place,Connaught Place,2023-10-05 04:25:00,,,4.29,140.1,Cancelled,Driver
T00533,D0097,R00228,Delhi,Dwarka,Rohini,2023-10-06 21:53:00,2023-10-06 21:58:00,2023-10-06 23:05:00,12.68,338.44,Completed,
T00534,D0170,R01576,Mumbai,Dadar,Powai,2023-10-22 06:02:00,,,2.68,108.43,Cancelled,System
T00535,D0200,R00529,Mumbai,Powai,Bandra,2023-10-08 08:54:00,2023-10-08 09:02:00,2023-10-08 09:15:00,9.17,253.74,Completed,
T00536,D0126,R00223,Mumbai,Bandra,Worli,2023-10-04 03:48:00,,,9.72,339.98,Cancelled,Other
T00537,D0158,R00150,Mumbai,Andheri,Worli,2023-10-10 22:32:00,2023-10-10 22:36:00,2023-10-10 22:48:00,13.91,361.71,Completed,
T00538,D0199,R00078,Delhi,Saket,Rohini,2023-10-12 09:43:00,2023-10-12 09:56:00,2023-10-12 10:06:00,10.31,303.58,Completed,
T00539,D0232,R00980,Bangalore,Whitefield,Whitefield,2023-10-16 00:15:00,2023-10-16 00:30:00,2023-10-16 01:11:00,14.77,431.41,Completed,
T00540,D0139,R00249,Delhi,Gurgaon,Gurgaon,2023-10-04 04:34:00,2023-10-04 04:49:00,2023-10-04 05:29:00,3.93,174.21,Completed,
T00541,D0175,R00749,Mumbai,Worli,Powai,2023-10-16 04:12:00,2023-10-16 04:25:00,2023-10-16 04:40:00,21.33,692.14,Completed,
T00542,D0195,R01354,Bangalore,Indiranagar,HSR,2023-10-21 22:02:00,2023-10-21 22:05:00,2023-10-21 22:39:00,7.01,221.25,Completed,
T00543,D0230,R01506,Delhi,Dwarka,Dwarka,2023-10-18 18:05:00,2023-10-18 18:18:00,2023-10-18 18:56:00,6.77,200.26,Completed,
T00544,D0007,R01108,Bangalore,HSR,Whitefield,2023-10-09 18:54:00,2023-10-09 18:58:00,2023-10-09 19:58:00,4.63,163.91,Completed,
T00545,D0248,R00831,Delhi,Connaught Place,Dwarka,2023-10-21 10:45:00,,,9.82,308.58,Cancelled,Driver
T00546,D0118,R00148,Delhi,Connaught Place,Dwarka,2023-10-24 19:23:00,,,11.9,314.52,Cancelled,Rider
T00547,D0005,R00268,Mumbai,Andheri,Bandra,2023-10-30 18:09:00,2023-10-30 18:23:00,2023-10-30 19:14:00,9.57,293.48,Completed,
T00548,D0232,R01211,Delhi,Connaught Place,Connaught Place,2023-10-03 06:34:00,2023-10-03 06:39:00,2023-10-03 07:42:00,9.7,261.28,Completed,
T00549,D0153,R01662,Bangalore,Whitefield,HSR,2023-10-23 15:00:00,2023-10-23 15:09:00,2023-10-23 15:40:00,9.83,375.58,Completed,
T00550,D0140,R01215,Bangalore,Indiranagar,HSR,2023-10-27 05:06:00,2023-10-27 05:21:00,2023-10-27 05:33:00,12.17,290.27,Completed,
T00551,D0071,R00899,Bangalore,Indiranagar,Electronic City,2023-10-06 11:53:00,2023-10-06 12:04:00,2023-10-06 12:24:00,3.18,149.48,Completed,
T00552,D0026,R00998,Bangalore,Koramangala,Koramangala,2023-10-07 01:40:00,2023-10-07 01:45:00,2023-10-07 01:56:00,5.88,190.13,Completed,
T00553,D0238,R01654,Bangalore,Whitefield,Indiranagar,2023-10-09 03:58:00,2023-10-09 04:07:00,2023-10-09 05:01:00,3.67,126.76,Completed,
T00554,D0164,R01417,Bangalore,Koramangala,Electronic City,2023-10-07 12:17:00,2023-10-07 12:22:00,2023-10-07 13:11:00,5.68,207.15,Completed,
T00555,D0157,R00858,Bangalore,Koramangala,Electronic City,2023-10-23 18:00:00,,,3.63,132.57,Cancelled,System
T00556,D0031,R00951,Bangalore,Indiranagar,HSR,2023-10-09 17:36:00,,,14.0,398.7,Cancelled,Rider
T00557,D0029,R00362,Bangalore,Indiranagar,Koramangala,2023-10-09 19:35:00,2023-10-09 19:45:00,2023-10-09 20:26:00,4.34,126.56,Completed,
T00558,D0094,R01554,Bangalore,Whitefield,Koramangala,2023-10-30 08:21:00,2023-10-30 08:36:00,2023-10-30 09:42:00,5.19,197.22,Completed,
T00559,D0237,R00146,Bangalore,Indiranagar,Whitefield,2023-10-03 09:17:00,2023-10-03 09:28:00,2023-10-03 09:45:00,9.03,293.1,Completed,
T00560,D0084,R00226,Delhi,Rohini,Dwarka,2023-10-27 09:15:00,2023-10-27 09:21:00,2023-10-27 10:20:00,8.34,197.17,Completed,
T00561,D0189,R01199,Bangalore,Whitefield,Koramangala,2023-10-11 18:59:00,2023-10-11 19:03:00,2023-10-11 19:43:00,11.11,426.79,Completed,
T00562,D0056,R00938,Mumbai,Bandra,Powai,2023-10-07 14:18:00,,,4.7,182.69,Cancelled,Rider
T00563,D0086,R01745,Mumbai,Dadar,Dadar,2023-10-10 04:52:00,2023-10-10 04:57:00,2023-10-10 05:14:00,8.0,249.51,Completed,
T00564,D0195,R01307,Mumbai,Worli,Bandra,2023-10-08 18:59:00,2023-10-08 19:14:00,2023-10-08 20:14:00,12.61,330.33,Completed,
T00565,D0219,R00970,Delhi,Saket,Rohini,2023-10-26 03:45:00,2023-10-26 03:51:00,2023-10-26 04:38:00,4.37,180.43,Completed,
T00566,D0189,R01212,Bangalore,Indiranagar,Electronic City,2023-10-20 11:36:00,,,8.56,310.54,Cancelled,Rider
T00567,D0012,R01088,Bangalore,Whitefield,Whitefield,2023-10-20 00:19:00,2023-10-20 00:22:00,2023-10-20 00:59:00,1.77,106.47,Completed,
T00568,D0116,R00833,Delhi,Dwarka,Dwarka,2023-10-05 11:02:00,2023-10-05 11:16:00,2023-10-05 12:12:00,14.3,465.21,Completed,
T00569,D0062,R01441,Mumbai,Dadar,Worli,2023-10-14 11:04:00,2023-10-14 11:11:00,2023-10-14 11:31:00,12.35,399.23,Completed,
T00570,D0007,R00379,Delhi,Rohini,Saket,2023-10-27 13:30:00,,,6.37,222.39,Cancelled,Other
T00571,D0001,R01088,Delhi,Connaught Place,Rohini,2023-10-29 19:50:00,,,16.14,522.21,Cancelled,System
T00572,D0179,R01271,Mumbai,Powai,Andheri,2023-10-13 06:40:00,,,1.64,97.93,Cancelled,Driver
T00573,D0228,R00751,Delhi,Dwarka,Gurgaon,2023-10-17 13:34:00,2023-10-17 13:37:00,2023-10-17 14:10:00,5.18,205.06,Completed,
T00574,D0144,R00233,Delhi,Saket,Gurgaon,2023-10-04 01:11:00,2023-10-04 01:17:00,2023-10-04 02:01:00,11.67,478.1,Completed,
T00575,D0193,R01394,Delhi,Saket,Rohini,2023-10-10 13:09:00,2023-10-10 13:16:00,2023-10-10 13:58:00,9.07,320.19,Completed,
T00576,D0096,R01454,Bangalore,Electronic City,Electronic City,2023-10-03 21:12:00,2023-10-03 21:16:00,2023-10-03 21:56:00,3.63,152.28,Completed,
T00577,D0159,R00938,Mumbai,Andheri,Andheri,2023-10-21 13:40:00,2023-10-21 13:44:00,2023-10-21 14:06:00,5.65,170.46,Completed,
T00578,D0074,R01428,Mumbai,Bandra,Dadar,2023-10-09 03:18:00,,,10.63,337.61,Cancelled,Driver
T00579,D0134,R00971,Bangalore,HSR,Whitefield,2023-10-10 07:06:00,,,12.61,382.69,Cancelled,Rider
T00580,D0006,R01065,Mumbai,Powai,Dadar,2023-10-30 08:10:00,2023-10-30 08:16:00,2023-10-30 09:19:00,15.98,509.42,Completed,
T00581,D0168,R01725,Delhi,Gurgaon,Saket,2023-10-16 14:25:00,2023-10-16 14:39:00,2023-10-16 15:22:00,6.02,239.16,Completed,
T00582,D0146,R00992,Mumbai,Powai,Powai,2023-10-14 20:08:00,2023-10-14 20:15:00,2023-10-14 20:39:00,9.1,265.83,Completed,
T00583,D0091,R01097,Bangalore,HSR,Indiranagar,2023-10-07 18:01:00,2023-10-07 18:06:00,2023-10-07 19:01:00,13.85,385.35,Completed,
T00584,D0042,R00534,Bangalore,HSR,Indiranagar,2023-10-07 23:38:00,2023-10-07 23:43:00,2023-10-08 00:21:00,11.87,367.34,Completed,
T00585,D0182,R01106,Bangalore,Indiranagar,Electronic City,2023-10-26 14:23:00,2023-10-26 14:31:00,2023-10-26 15:09:00,7.0,258.46,Completed,
T00586,D0236,R00656,Mumbai,Bandra,Andheri,2023-10-06 12:41:00,2023-10-06 12:51:00,2023-10-06 14:00:00,14.71,385.5,Completed,
T00587,D0250,R01545,Delhi,Gurgaon,Dwarka,2023-10-25 20:32:00,2023-10-25 20:39:00,2023-10-25 21:49:00,6.49,204.89,Completed,
T00588,D0087,R01129,Delhi,Connaught Place,Rohini,2023-10-21 02:53:00,2023-10-21 02:58:00,2023-10-21 03:51:00,7.51,183.69,Completed,
T00589,D0159,R01246,Bangalore,Indiranagar,Electronic City,2023-10-19 06:41:00,,,6.84,235.01,Cancelled,Driver
T00590,D0201,R01387,Delhi,Connaught Place,Gurgaon,2023-10-11 02:38:00,,,8.35,275.77,Cancelled,Other
T00591,D0126,R00815,Mumbai,Bandra,Dadar,2023-10-09 20:23:00,2023-10-09 20:36:00,2023-10-09 21:09:00,0.93,77.78,Completed,
T00592,D0096,R01149,Mumbai,Andheri,Bandra,2023-10-18 13:44:00,2023-10-18 13:54:00,2023-10-18 14:59:00,6.57,242.91,Completed,
T00593,D0190,R01493,Delhi,Saket,Dwarka,2023-10-21 05:12:00,,,9.59,269.88,Cancelled,Other
T00594,D0023,R00136,Delhi,Gurgaon,Saket,2023-10-28 05:06:00,2023-10-28 05:17:00,2023-10-28 05:48:00,4.58,226.16,Completed,
T00595,D0105,R01164,Bangalore,Indiranagar,Indiranagar,2023-10-01 07:13:00,2023-10-01 07:23:00,2023-10-01 08:18:00,8.14,283.47,Completed,
T00596,D0075,R01012,Bangalore,Electronic City,Whitefield,2023-10-18 08:59:00,2023-10-18 09:11:00,2023-10-18 09:40:00,15.72,483.85,Completed,
T00597,D0203,R00255,Bangalore,HSR,Whitefield,2023-10-02 05:18:00,2023-10-02 05:31:00,2023-10-02 06:11:00,7.7,329.25,Completed,
T00598,D0233,R00137,Bangalore,Electronic City,HSR,2023-10-23 09:16:00,2023-10-23 09:23:00,2023-10-23 10:04:00,8.57,291.52,Completed,
T00599,D0145,R00245,Delhi,Rohini,Gurgaon,2023-10-22 20:49:00,2023-10-22 21:03:00,2023-10-22 22:05:00,8.2,314.86,Completed,
T00600,D0005,R00945,Delhi,Dwarka,Rohini,2023-10-27 04:20:00,,,9.22,301.43,Cancelled,System
T00601,D0070,R00598,Bangalore,Electronic City,Koramangala,2023-10-03 09:46:00,2023-10-03 09:49:00,2023-10-03 10:17:00,1.97,94.42,Completed,
T00602,D0197,R00661,Delhi,Rohini,Rohini,2023-10-09 19:41:00,2023-10-09 19:46:00,2023-10-09 20:30:00,9.0,236.56,Completed,
T00603,D0025,R00577,Mumbai,Powai,Dadar,2023-10-17 11:58:00,2023-10-17 12:03:00,2023-10-17 12:46:00,7.17,252.08,Completed,
T00604,D0236,R01704,Mumbai,Bandra,Worli,2023-10-16 11:42:00,,,10.35,333.14,Cancelled,Rider
T00605,D0217,R00944,Delhi,Connaught Place,Connaught Place,2023-10-24 22:09:00,2023-10-24 22:13:00,2023-10-24 22:49:00,2.12,108.5,Completed,
T00606,D0123,R01224,Bangalore,Electronic City,HSR,2023-10-01 18:58:00,2023-10-01 19:08:00,2023-10-01 20:14:00,7.71,237.02,Completed,
T00607,D0008,R01410,Bangalore,Indiranagar,HSR,2023-10-14 20:47:00,2023-10-14 21:01:00,2023-10-14 21:20:00,10.04,325.3,Completed,
T00608,D0034,R00160,Bangalore,Koramangala,Whitefield,2023-10-10 13:12:00,,,2.46,129.1,Cancelled,Driver
T00609,D0051,R00244,Mumbai,Powai,Andheri,2023-10-02 22:26:00,2023-10-02 22:29:00,2023-10-02 23:09:00,9.78,259.25,Completed,
T00610,D0171,R01204,Bangalore,Indiranagar,Indiranagar,2023-10-14 17:28:00,2023-10-14 17:40:00,2023-10-14 18:03:00,10.19,326.69,Completed,
T00611,D0008,R00722,Delhi,Dwarka,Gurgaon,2023-10-16 23:58:00,2023-10-17 00:10:00,2023-10-17 00:42:00,13.91,298.39,Completed,
T00612,D0062,R01084,Delhi,Dwarka,Dwarka,2023-10-28 21:30:00,2023-10-28 21:45:00,2023-10-28 21:55:00,15.23,487.69,Completed,
T00613,D0231,R01033,Mumbai,Dadar,Powai,2023-10-08 19:37:00,2023-10-08 19:43:00,2023-10-08 20:51:00,14.93,435.86,Completed,
T00614,D0048,R00869,Delhi,Dwarka,Gurgaon,2023-10-27 19:45:00,2023-10-27 19:53:00,2023-10-27 20:27:00,10.94,326.25,Completed,
T00615,D0029,R01016,Bangalore,HSR,HSR,2023-10-19 13:11:00,2023-10-19 13:22:00,2023-10-19 13:40:00,6.74,256.27,Completed,
T00616,D0022,R00639,Delhi,Saket,Dwarka,2023-10-02 20:21:00,2023-10-02 20:33:00,2023-10-02 21:30:00,10.94,357.26,Completed,
T00617,D0075,R01391,Delhi,Rohini,Dwarka,2023-10-19 12:51:00,,,1.41,100.11,Cancelled,Other
T00618,D0173,R00294,Bangalore,Whitefield,Whitefield,2023-10-23 09:00:00,2023-10-23 09:04:00,2023-10-23 09:21:00,3.07,143.58,Completed,
T00619,D0027,R00694,Delhi,Dwarka,Gurgaon,2023-10-27 21:02:00,2023-10-27 21:10:00,2023-10-27 21:32:00,10.4,304.18,Completed,
T00620,D0060,R01549,Mumbai,Dadar,Powai,2023-10-06 14:05:00,,,8.0,234.46,Cancelled,System
T00621,D0244,R00222,Mumbai,Andheri,Powai,2023-10-28 10:49:00,2023-10-28 11:04:00,2023-10-28 11:43:00,5.28,193.66,Completed,
T00622,D0060,R00140,Mumbai,Dadar,Andheri,2023-10-23 15:09:00,2023-10-23 15:12:00,2023-10-23 16:15:00,9.72,316.33,Completed,
T00623,D0155,R00157,Bangalore,Electronic City,Whitefield,2023-10-18 09:56:00,2023-10-18 10:00:00,2023-10-18 10:58:00,11.7,405.96,Completed,
T00624,D0076,R01761,Mumbai,Worli,Worli,2023-10-10 04:33:00,2023-10-10 04:41:00,2023-10-10 05:42:00,5.39,195.78,Completed,
T00625,D0111,R00907,Bangalore,Whitefield,Koramangala,2023-10-02 10:30:00,,,11.71,387.61,Cancelled,Other
T00626,D0143,R00883,Bangalore,Indiranagar,HSR,2023-10-09 01:11:00,2023-10-09 01:16:00,2023-10-09 01:57:00,10.03,228.77,Completed,
T00627,D0125,R01105,Delhi,Gurgaon,Saket,2023-10-18 16:58:00,2023-10-18 17:09:00,2023-10-18 18:02:00,4.28,158.66,Completed,
T00628,D0219,R01264,Mumbai,Powai,Powai,2023-10-26 14:07:00,2023-10-26 14:19:00,2023-10-26 14:53:00,11.44,358.28,Completed,
T00629,D0008,R01196,Mumbai,Andheri,Powai,2023-10-03 19:05:00,2023-10-03 19:20:00,2023-10-03 20:17:00,11.15,369.48,Completed,
T00630,D0110,R00508,Mumbai,Bandra,Powai,2023-10-05 10:19:00,2023-10-05 10:32:00,2023-10-05 10:57:00,6.18,232.46,Completed,
T00631,D0234,R01103,Delhi,Rohini,Connaught Place,2023-10-04 20:46:00,2023-10-04 20:51:00,2023-10-04 21:02:00,9.84,291.76,Completed,
T00632,D0222,R00962,Mumbai,Worli,Andheri,2023-10-30 22:27:00,2023-10-30 22:30:00,2023-10-30 23:24:00,4.34,166.82,Completed,
T00633,D0147,R01383,Mumbai,Bandra,Powai,2023-10-18 04:35:00,2023-10-18 04:39:00,2023-10-18 05:33:00,1.97,102.95,Completed,
T00634,D0208,R00414,Mumbai,Dadar,Andheri,2023-10-23 21:09:00,2023-10-23 21:17:00,2023-10-23 21:54:00,5.55,224.69,Completed,
T00635,D0074,R01280,Delhi,Connaught Place,Gurgaon,2023-10-10 17:49:00,2023-10-10 18:04:00,2023-10-10 18:28:00,6.97,269.05,Completed,
T00636,D0087,R00712,Bangalore,Koramangala,HSR,2023-10-27 22:28:00,2023-10-27 22:37:00,2023-10-27 23:00:00,4.0,152.02,Completed,
T00637,D0111,R01056,Delhi,Saket,Gurgaon,2023-10-14 15:34:00,2023-10-14 15:41:00,2023-10-14 16:30:00,6.9,258.82,Completed,
T00638,D0161,R01688,Bangalore,Whitefield,HSR,2023-10-01 20:19:00,2023-10-01 20:25:00,2023-10-01 21:17:00,11.91,310.29,Completed,
T00639,D0208,R01284,Delhi,Connaught Place,Gurgaon,2023-10-25 05:52:00,2023-10-25 06:04:00,2023-10-25 07:00:00,9.01,247.09,Completed,
T00640,D0119,R00892,Bangalore,Whitefield,HSR,2023-10-17 13:53:00,2023-10-17 14:00:00,2023-10-17 15:04:00,12.06,420.97,Completed,
T00641,D0053,R00526,Bangalore,Electronic City,Indiranagar,2023-10-29 20:25:00,,,8.15,290.42,Cancelled,Rider
T00642,D0030,R00995,Mumbai,Worli,Dadar,2023-10-11 20:29:00,2023-10-11 20:36:00,2023-10-11 21:15:00,15.54,467.73,Completed,
T00643,D0232,R01646,Mumbai,Powai,Worli,2023-10-30 10:36:00,2023-10-30 10:43:00,2023-10-30 11:43:00,9.67,319.39,Completed,
T00644,D0219,R00172,Bangalore,HSR,Electronic City,2023-10-30 07:44:00,2023-10-30 07:47:00,2023-10-30 08:52:00,7.3,192.28,Completed,
T00645,D0231,R00813,Mumbai,Bandra,Bandra,2023-10-03 21:26:00,,,13.26,343.68,Cancelled,Driver
T00646,D0189,R01588,Bangalore,Electronic City,HSR,2023-10-26 23:39:00,2023-10-26 23:51:00,2023-10-27 01:01:00,12.79,431.71,Completed,
T00647,D0061,R00799,Mumbai,Bandra,Dadar,2023-10-05 02:34:00,2023-10-05 02:46:00,2023-10-05 03:43:00,9.0,254.11,Completed,
T00648,D0028,R01208,Bangalore,Koramangala,Whitefield,2023-10-07 13:35:00,2023-10-07 13:42:00,2023-10-07 14:47:00,12.73,367.96,Completed,
T00649,D0180,R00569,Delhi,Dwarka,Rohini,2023-10-18 01:16:00,,,6.8,256.1,Cancelled,Rider
T00650,D0211,R01515,Mumbai,Andheri,Bandra,2023-10-17 17:40:00,2023-10-17 17:43:00,2023-10-17 18:46:00,3.2,118.0,Completed,
T00651,D0099,R00250,Mumbai,Worli,Bandra,2023-10-26 03:43:00,2023-10-26 03:58:00,2023-10-26 04:51:00,12.17,352.33,Completed,
T00652,D0003,R00617,Mumbai,Andheri,Bandra,2023-10-18 16:18:00,,,0.5,75.94,Cancelled,System
T00653,D0221,R01617,Mumbai,Andheri,Powai,2023-10-10 13:47:00,,,13.38,356.38,Cancelled,Other
T00654,D0121,R01680,Bangalore,Koramangala,Indiranagar,2023-10-23 09:03:00,2023-10-23 09:12:00,2023-10-23 10:18:00,11.72,334.21,Completed,
T00655,D0130,R00670,Delhi,Saket,Connaught Place,2023-10-12 21:02:00,2023-10-12 21:13:00,2023-10-12 22:10:00,2.82,139.2,Completed,
T00656,D0165,R00410,Bangalore,HSR,HSR,2023-10-30 04:33:00,2023-10-30 04:36:00,2023-10-30 05:11:00,3.13,144.49,Completed,
T00657,D0029,R00267,Delhi,Gurgaon,Saket,2023-10-04 17:49:00,2023-10-04 18:02:00,2023-10-04 19:00:00,0.5,71.96,Completed,
T00658,D0123,R01638,Mumbai,Powai,Bandra,2023-10-21 13:08:00,,,10.15,332.39,Cancelled,System
T00659,D0095,R00043,Bangalore,Koramangala,Electronic City,2023-10-19 20:44:00,2023-10-19 20:56:00,2023-10-19 21:20:00,15.37,340.54,Completed,
T00660,D0161,R01745,Delhi,Dwarka,Connaught Place,2023-10-28 20:28:00,2023-10-28 20:35:00,2023-10-28 21:29:00,12.28,396.03,Completed,
T00661,D0110,R01162,Mumbai,Andheri,Andheri,2023-10-29 03:01:00,2023-10-29 03:06:00,2023-10-29 04:16:00,14.46,538.94,Completed,
T00662,D0112,R00460,Delhi,Dwarka,Dwarka,2023-10-24 22:21:00,2023-10-24 22:31:00,2023-10-24 22:48:00,15.25,391.47,Completed,
T00663,D0192,R01688,Mumbai,Powai,Bandra,2023-10-14 02:31:00,2023-10-14 02:43:00,2023-10-14 03:06:00,13.89,487.13,Completed,
T00664,D0105,R00924,Mumbai,Bandra,Powai,2023-10-09 05:00:00,2023-10-09 05:06:00,2023-10-09 05:55:00,19.25,579.09,Completed,
T00665,D0118,R01407,Delhi,Dwarka,Saket,2023-10-30 10:57:00,2023-10-30 11:11:00,2023-10-30 11:46:00,0.55,74.62,Completed,
T00666,D0189,R00481,Delhi,Saket,Rohini,2023-10-20 06:20:00,2023-10-20 06:23:00,2023-10-20 06:54:00,13.08,416.58,Completed,
T00667,D0182,R00620,Delhi,Saket,Rohini,2023-10-28 05:25:00,2023-10-28 05:37:00,2023-10-28 06:11:00,11.44,355.87,Completed,
T00668,D0011,R00959,Bangalore,Indiranagar,Koramangala,2023-10-26 11:11:00,2023-10-26 11:19:00,2023-10-26 12:25:00,8.19,303.45,Completed,
T00669,D0111,R01786,Mumbai,Powai,Powai,2023-10-25 03:21:00,2023-10-25 03:26:00,2023-10-25 04:07:00,9.39,302.31,Completed,
T00670,D0232,R01059,Mumbai,Powai,Dadar,2023-10-13 21:01:00,,,3.36,129.17,Cancelled,System
T00671,D0189,R00109,Bangalore,Indiranagar,Indiranagar,2023-10-15 08:39:00,,,8.7,257.64,Cancelled,Other
T00672,D0047,R01014,Bangalore,Koramangala,Whitefield,2023-10-11 11:04:00,2023-10-11 11:13:00,2023-10-11 11:30:00,8.1,313.09,Completed,
T00673,D0125,R00716,Mumbai,Andheri,Bandra,2023-10-26 12:36:00,2023-10-26 12:41:00,2023-10-26 12:58:00,13.35,449.06,Completed,
T00674,D0214,R00435,Mumbai,Worli,Andheri,2023-10-09 05:19:00,2023-10-09 05:32:00,2023-10-09 06:19:00,5.31,191.82,Completed,
T00675,D0047,R00674,Delhi,Connaught Place,Rohini,2023-10-26 23:27:00,2023-10-26 23:40:00,2023-10-26 23:56:00,14.56,470.23,Completed,
T00676,D0101,R00060,Delhi,Connaught Place,Saket,2023-10-06 13:14:00,2023-10-06 13:22:00,2023-10-06 13:41:00,10.21,306.92,Completed,
T00677,D0117,R01344,Delhi,Gurgaon,Saket,2023-10-22 20:07:00,2023-10-22 20:15:00,2023-10-22 20:27:00,7.79,300.06,Completed,
T00678,D0034,R00114,Mumbai,Andheri,Worli,2023-10-26 21:40:00,2023-10-26 21:48:00,2023-10-26 22:49:00,13.98,433.69,Completed,
T00679,D0024,R00043,Delhi,Dwarka,Dwarka,2023-10-18 08:34:00,2023-10-18 08:43:00,2023-10-18 08:58:00,13.03,507.16,Completed,
T00680,D0073,R01641,Mumbai,Dadar,Powai,2023-10-19 07:31:00,2023-10-19 07:38:00,2023-10-19 08:19:00,10.72,320.99,Completed,
T00681,D0034,R00913,Delhi,Saket,Saket,2023-10-28 11:11:00,2023-10-28 11:17:00,2023-10-28 11:58:00,11.65,376.58,Completed,
T00682,D0154,R00890,Mumbai,Dadar,Andheri,2023-10-26 15:00:00,2023-10-26 15:12:00,2023-10-26 15:33:00,8.8,215.8,Completed,
T00683,D0088,R01015,Bangalore,Electronic City,Electronic City,2023-10-24 08:42:00,,,5.92,177.39,Cancelled,Rider
T00684,D0120,R01402,Bangalore,HSR,Indiranagar,2023-10-14 05:31:00,2023-10-14 05:36:00,2023-10-14 05:54:00,12.31,336.86,Completed,
T00685,D0076,R01046,Delhi,Saket,Saket,2023-10-20 11:11:00,2023-10-20 11:22:00,2023-10-20 11:38:00,0.5,71.09,Completed,
T00686,D0170,R01575,Bangalore,Electronic City,Koramangala,2023-10-22 03:31:00,2023-10-22 03:43:00,2023-10-22 03:58:00,9.94,274.1,Completed,
T00687,D0046,R01443,Bangalore,HSR,HSR,2023-10-22 01:35:00,2023-10-22 01:44:00,2023-10-22 02:50:00,9.17,279.94,Completed,
T00688,D0194,R00433,Delhi,Dwarka,Connaught Place,2023-10-21 16:58:00,2023-10-21 17:13:00,2023-10-21 17:34:00,6.26,202.71,Completed,
T00689,D0067,R00809,Delhi,Connaught Place,Connaught Place,2023-10-28 11:47:00,,,12.38,407.43,Cancelled,Driver
T00690,D0123,R01487,Bangalore,Whitefield,HSR,2023-10-30 20:18:00,2023-10-30 20:32:00,2023-10-30 21:20:00,3.65,163.26,Completed,
T00691,D0093,R00180,Delhi,Dwarka,Dwarka,2023-10-29 01:38:00,2023-10-29 01:53:00,2023-10-29 02:22:00,14.34,398.76,Completed,
T00692,D0029,R00986,Bangalore,Indiranagar,Indiranagar,2023-10-09 16:24:00,2023-10-09 16:27:00,2023-10-09 16:50:00,7.64,232.39,Completed,
T00693,D0220,R00971,Mumbai,Dadar,Andheri,2023-10-29 11:49:00,2023-10-29 11:59:00,2023-10-29 12:18:00,9.73,333.94,Completed,
T00694,D0232,R01761,Bangalore,Whitefield,Electronic City,2023-10-08 13:25:00,2023-10-08 13:35:00,2023-10-08 13:46:00,5.48,143.0,Completed,
T00695,D0076,R01292,Bangalore,Whitefield,Whitefield,2023-10-10 03:54:00,2023-10-10 03:57:00,2023-10-10 04:13:00,9.15,278.52,Completed,
T00696,D0153,R01052,Mumbai,Worli,Worli,2023-10-27 08:03:00,2023-10-27 08:12:00,2023-10-27 08:53:00,9.6,299.94,Completed,
T00697,D0060,R00131,Delhi,Rohini,Saket,2023-10-23 04:55:00,2023-10-23 05:03:00,2023-10-23 05:48:00,4.38,166.25,Completed,
T00698,D0127,R00331,Mumbai,Powai,Bandra,2023-10-06 07:43:00,2023-10-06 07:52:00,2023-10-06 08:03:00,5.85,185.97,Completed,
T00699,D0113,R01234,Mumbai,Dadar,Bandra,2023-10-16 15:34:00,2023-10-16 15:42:00,2023-10-16 16:50:00,10.16,401.39,Completed,
T00700,D0246,R00968,Mumbai,Bandra,Worli,2023-10-18 18:23:00,2023-10-18 18:31:00,2023-10-18 19:31:00,13.92,378.76,Completed,
T00701,D0177,R01241,Bangalore,Whitefield,Koramangala,2023-10-13 20:31:00,2023-10-13 20:37:00,2023-10-13 20:57:00,7.45,232.66,Completed,
T00702,D0078,R00535,Mumbai,Powai,Bandra,2023-10-23 11:16:00,2023-10-23 11:24:00,2023-10-23 12:30:00,0.5,69.85,Completed,
T00703,D0009,R01151,Bangalore,Indiranagar,Whitefield,2023-10-23 21:55:00,2023-10-23 22:01:00,2023-10-23 22:18:00,7.47,259.27,Completed,
T00704,D0201,R00310,Mumbai,Worli,Worli,2023-10-16 11:43:00,2023-10-16 11:50:00,2023-10-16 12:57:00,16.35,507.51,Completed,
T00705,D0181,R00217,Delhi,Gurgaon,Gurgaon,2023-10-05 17:45:00,2023-10-05 18:00:00,2023-10-05 18:17:00,15.26,405.28,Completed,
T00706,D0011,R00741,Bangalore,Indiranagar,HSR,2023-10-26 14:22:00,2023-10-26 14:28:00,2023-10-26 15:36:00,9.5,314.02,Completed,
T00707,D0196,R00686,Delhi,Dwarka,Connaught Place,2023-10-21 02:15:00,2023-10-21 02:28:00,2023-10-21 03:01:00,8.3,252.41,Completed,
T00708,D0249,R00700,Bangalore,HSR,Electronic City,2023-10-20 23:37:00,2023-10-20 23:52:00,2023-10-21 00:32:00,8.86,255.1,Completed,
T00709,D0069,R00311,Bangalore,Electronic City,Whitefield,2023-10-04 21:05:00,2023-10-04 21:18:00,2023-10-04 21:43:00,8.62,242.9,Completed,
T00710,D0206,R01398,Bangalore,HSR,Koramangala,2023-10-07 06:43:00,2023-10-07 06:54:00,2023-10-07 07:54:00,15.94,391.38,Completed,
T00711,D0198,R00645,Mumbai,Dadar,Bandra,2023-10-07 15:01:00,2023-10-07 15:05:00,2023-10-07 15:36:00,11.82,249.11,Completed,
T00712,D0101,R01294,Mumbai,Worli,Powai,2023-10-03 19:08:00,2023-10-03 19:20:00,2023-10-03 19:33:00,5.44,169.67,Completed,
T00713,D0227,R00705,Mumbai,Andheri,Powai,2023-10-19 07:05:00,2023-10-19 07:19:00,2023-10-19 07:49:00,5.28,186.05,Completed,
T00714,D0236,R01615,Delhi,Gurgaon,Saket,2023-10-28 18:43:00,2023-10-28 18:54:00,2023-10-28 19:43:00,3.77,166.55,Completed,
T00715,D0228,R00076,Delhi,Gurgaon,Rohini,2023-10-16 17:06:00,2023-10-16 17:13:00,2023-10-16 17:28:00,4.39,145.34,Completed,
T00716,D0134,R01068,Mumbai,Powai,Bandra,2023-10-06 17:37:00,,,8.13,277.28,Cancelled,System
T00717,D0228,R01488,Bangalore,Whitefield,Electronic City,2023-10-02 06:27:00,2023-10-02 06:42:00,2023-10-02 07:11:00,6.02,200.67,Completed,
T00718,D0216,R01334,Bangalore,Koramangala,Whitefield,2023-10-03 17:28:00,2023-10-03 17:31:00,2023-10-03 18:29:00,5.89,191.47,Completed,
T00719,D0189,R01159,Mumbai,Worli,Worli,2023-10-27 01:15:00,2023-10-27 01:29:00,2023-10-27 02:16:00,6.94,250.77,Completed,
T00720,D0077,R01463,Bangalore,Whitefield,Electronic City,2023-10-16 22:39:00,2023-10-16 22:52:00,2023-10-16 23:10:00,9.87,245.7,Completed,
T00721,D0027,R00201,Delhi,Dwarka,Saket,2023-10-12 06:28:00,2023-10-12 06:36:00,2023-10-12 07:15:00,2.03,103.28,Completed,
T00722,D0024,R00757,Mumbai,Worli,Dadar,2023-10-04 17:30:00,2023-10-04 17:40:00,2023-10-04 17:54:00,11.98,324.37,Completed,
T00723,D0133,R00902,Delhi,Saket,Saket,2023-10-26 10:32:00,2023-10-26 10:45:00,2023-10-26 11:22:00,12.18,318.01,Completed,
T00724,D0130,R01768,Bangalore,Electronic City,Koramangala,2023-10-07 13:39:00,2023-10-07 13:53:00,2023-10-07 14:35:00,7.99,243.42,Completed,
T00725,D0117,R00244,Delhi,Gurgaon,Saket,2023-10-10 16:15:00,2023-10-10 16:23:00,2023-10-10 17:31:00,8.29,187.63,Completed,
T00726,D0095,R00767,Bangalore,HSR,HSR,2023-10-06 12:01:00,2023-10-06 12:09:00,2023-10-06 12:38:00,10.73,334.45,Completed,
T00727,D0203,R00581,Mumbai,Bandra,Bandra,2023-10-02 06:33:00,2023-10-02 06:40:00,2023-10-02 07:46:00,9.38,256.11,Completed,
T00728,D0001,R01174,Delhi,Rohini,Gurgaon,2023-10-23 05:53:00,2023-10-23 06:02:00,2023-10-23 06:42:00,3.8,180.01,Completed,
T00729,D0201,R00284,Mumbai,Worli,Dadar,2023-10-16 08:59:00,2023-10-16 09:04:00,2023-10-16 10:02:00,12.33,287.68,Completed,
T00730,D0039,R00794,Mumbai,Bandra,Dadar,2023-10-21 10:30:00,,,5.23,224.16,Cancelled,Other
T00731,D0012,R01774,Mumbai,Bandra,Andheri,2023-10-25 14:54:00,,,13.53,341.97,Cancelled,Driver
T00732,D0204,R00175,Delhi,Dwarka,Gurgaon,2023-10-29 16:14:00,2023-10-29 16:27:00,2023-10-29 17:12:00,6.42,254.97,Completed,
T00733,D0194,R00039,Delhi,Connaught Place,Gurgaon,2023-10-27 06:04:00,2023-10-27 06:14:00,2023-10-27 06:56:00,6.16,207.18,Completed,
T00734,D0071,R00174,Bangalore,Electronic City,Electronic City,2023-10-01 20:43:00,2023-10-01 20:55:00,2023-10-01 21:33:00,8.69,331.59,Completed,
T00735,D0151,R00850,Mumbai,Andheri,Worli,2023-10-19 06:52:00,2023-10-19 07:01:00,2023-10-19 07:22:00,9.06,280.5,Completed,
T00736,D0066,R00375,Mumbai,Powai,Andheri,2023-10-18 09:15:00,2023-10-18 09:22:00,2023-10-18 09:41:00,13.46,387.98,Completed,
T00737,D0244,R00056,Bangalore,Koramangala,HSR,2023-10-14 23:06:00,2023-10-14 23:14:00,2023-10-14 23:35:00,11.19,393.75,Completed,
T00738,D0082,R00415,Mumbai,Bandra,Worli,2023-10-05 11:51:00,2023-10-05 11:55:00,2023-10-05 12:08:00,10.92,311.99,Completed,
T00739,D0127,R00652,Delhi,Saket,Gurgaon,2023-10-11 18:18:00,2023-10-11 18:25:00,2023-10-11 18:38:00,0.5,72.36,Completed,
T00740,D0124,R01135,Mumbai,Worli,Andheri,2023-10-03 23:29:00,2023-10-03 23:32:00,2023-10-03 23:59:00,2.58,107.5,Completed,
T00741,D0167,R01303,Bangalore,Electronic City,Indiranagar,2023-10-26 05:53:00,2023-10-26 05:57:00,2023-10-26 07:01:00,7.12,265.41,Completed,
T00742,D0139,R01137,Bangalore,Whitefield,Koramangala,2023-10-17 23:44:00,,,9.49,251.06,Cancelled,Other
T00743,D0247,R00988,Bangalore,HSR,Electronic City,2023-10-22 03:31:00,2023-10-22 03:34:00,2023-10-22 03:47:00,5.89,268.37,Completed,
T00744,D0090,R00094,Mumbai,Bandra,Worli,2023-10-18 07:13:00,,,10.28,393.67,Cancelled,System
T00745,D0077,R00573,Delhi,Saket,Dwarka,2023-10-04 04:23:00,2023-10-04 04:37:00,2023-10-04 05:22:00,6.1,168.92,Completed,
T00746,D0246,R01542,Delhi,Saket,Rohini,2023-10-23 23:23:00,2023-10-23 23:36:00,2023-10-24 00:02:00,15.69,351.4,Completed,
T00747,D0088,R01324,Bangalore,Koramangala,Electronic City,2023-10-15 15:18:00,2023-10-15 15:32:00,2023-10-15 15:50:00,11.95,347.88,Completed,
T00748,D0231,R01002,Mumbai,Dadar,Worli,2023-10-01 04:40:00,2023-10-01 04:54:00,2023-10-01 05:49:00,10.86,380.58,Completed,
T00749,D0167,R01377,Bangalore,Koramangala,HSR,2023-10-30 12:59:00,2023-10-30 13:12:00,2023-10-30 13:50:00,15.91,480.98,Completed,
T00750,D0092,R00948,Mumbai,Powai,Bandra,2023-10-28 08:47:00,2023-10-28 08:50:00,2023-10-28 09:07:00,12.38,292.81,Completed,
T00751,D0057,R00393,Mumbai,Andheri,Worli,2023-10-01 10:13:00,2023-10-01 10:27:00,2023-10-01 10:59:00,8.82,227.28,Completed,
T00752,D0207,R00575,Delhi,Saket,Gurgaon,2023-10-14 19:09:00,2023-10-14 19:17:00,2023-10-14 19:29:00,8.96,325.62,Completed,
T00753,D0051,R01166,Bangalore,Electronic City,Whitefield,2023-10-01 07:47:00,,,7.25,230.5,Cancelled,System
T00754,D0050,R00134,Bangalore,Electronic City,Indiranagar,2023-10-26 02:41:00,2023-10-26 02:53:00,2023-10-26 03:14:00,2.95,126.58,Completed,
T00755,D0033,R01603,Delhi,Rohini,Dwarka,2023-10-03 23:03:00,2023-10-03 23:14:00,2023-10-04 00:10:00,5.9,200.28,Completed,
T00756,D0249,R00930,Delhi,Connaught Place,Saket,2023-10-02 01:15:00,2023-10-02 01:26:00,2023-10-02 02:32:00,5.51,194.29,Completed,
T00757,D0014,R00562,Delhi,Connaught Place,Gurgaon,2023-10-30 14:00:00,,,5.08,222.14,Cancelled,Other
T00758,D0093,R00861,Mumbai,Worli,Dadar,2023-10-23 13:17:00,2023-10-23 13:20:00,2023-10-23 13:47:00,14.66,451.78,Completed,
T00759,D0101,R00463,Mumbai,Dadar,Andheri,2023-10-01 05:38:00,2023-10-01 05:41:00,2023-10-01 06:38:00,13.04,419.4,Completed,
T00760,D0043,R00885,Bangalore,Koramangala,Electronic City,2023-10-09 23:02:00,2023-10-09 23:05:00,2023-10-09 23:45:00,13.67,431.22,Completed,
T00761,D0216,R00112,Delhi,Rohini,Gurgaon,2023-10-16 05:08:00,2023-10-16 05:16:00,2023-10-16 06:19:00,10.8,349.99,Completed,
T00762,D0199,R00256,Bangalore,Koramangala,Koramangala,2023-10-04 07:38:00,2023-10-04 07:48:00,2023-10-04 08:35:00,6.84,235.62,Completed,
T00763,D0081,R01644,Bangalore,Whitefield,Koramangala,2023-10-18 04:12:00,,,6.07,171.99,Cancelled,Driver
T00764,D0161,R01741,Mumbai,Dadar,Dadar,2023-10-28 19:05:00,2023-10-28 19:08:00,2023-10-28 19:36:00,9.59,307.51,Completed,
T00765,D0193,R00929,Bangalore,Whitefield,Whitefield,2023-10-29 02:15:00,2023-10-29 02:27:00,2023-10-29 02:37:00,13.14,318.95,Completed,
T00766,D0159,R01060,Mumbai,Powai,Worli,2023-10-29 05:26:00,2023-10-29 05:29:00,2023-10-29 06:08:00,5.0,160.61,Completed,
T00767,D0027,R01174,Bangalore,Indiranagar,Electronic City,2023-10-05 21:58:00,2023-10-05 22:04:00,2023-10-05 23:11:00,7.27,203.8,Completed,
T00768,D0108,R00091,Mumbai,Andheri,Bandra,2023-10-17 04:10:00,2023-10-17 04:15:00,2023-10-17 05:16:00,6.64,214.27,Completed,
T00769,D0112,R01109,Mumbai,Bandra,Bandra,2023-10-27 14:27:00,2023-10-27 14:39:00,2023-10-27 15:45:00,6.32,198.61,Completed,
T00770,D0155,R01390,Mumbai,Bandra,Andheri,2023-10-15 01:09:00,2023-10-15 01:21:00,2023-10-15 02:13:00,8.15,266.8,Completed,
T00771,D0210,R00411,Bangalore,Indiranagar,Koramangala,2023-10-24 01:53:00,,,11.14,302.3,Cancelled,Rider
T00772,D0171,R01745,Mumbai,Worli,Worli,2023-10-09 14:49:00,2023-10-09 15:03:00,2023-10-09 15:34:00,6.9,203.56,Completed,
T00773,D0077,R00087,Mumbai,Dadar,Bandra,2023-10-29 00:56:00,2023-10-29 01:11:00,2023-10-29 02:19:00,10.81,370.79,Completed,
T00774,D0058,R01574,Bangalore,HSR,Whitefield,2023-10-30 01:42:00,2023-10-30 01:52:00,2023-10-30 02:49:00,5.79,208.1,Completed,
T00775,D0048,R01137,Bangalore,Koramangala,Indiranagar,2023-10-19 05:14:00,2023-10-19 05:22:00,2023-10-19 05:33:00,9.06,286.72,Completed,
T00776,D0050,R00406,Mumbai,Powai,Bandra,2023-10-21 01:02:00,2023-10-21 01:05:00,2023-10-21 01:27:00,11.72,329.91,Completed,
T00777,D0185,R00361,Bangalore,HSR,Koramangala,2023-10-12 22:10:00,2023-10-12 22:16:00,2023-10-12 22:27:00,10.23,290.6,Completed,
T00778,D0098,R00935,Bangalore,Indiranagar,HSR,2023-10-07 05:54:00,2023-10-07 06:00:00,2023-10-07 06:29:00,11.23,313.75,Completed,
T00779,D0241,R01457,Mumbai,Andheri,Andheri,2023-10-08 19:10:00,2023-10-08 19:19:00,2023-10-08 20:25:00,10.19,260.48,Completed,
T00780,D0204,R00880,Bangalore,Indiranagar,Koramangala,2023-10-06 22:51:00,2023-10-06 22:59:00,2023-10-06 23:47:00,2.47,118.66,Completed,
T00781,D0049,R00110,Delhi,Rohini,Dwarka,2023-10-27 17:30:00,,,7.88,274.19,Cancelled,Rider
T00782,D0227,R01260,Delhi,Connaught Place,Dwarka,2023-10-27 13:58:00,2023-10-27 14:13:00,2023-10-27 15:05:00,7.5,195.46,Completed,
T00783,D0193,R00367,Delhi,Rohini,Rohini,2023-10-18 15:55:00,,,8.53,240.21,Cancelled,Other
T00784,D0184,R00425,Delhi,Dwarka,Dwarka,2023-10-22 23:53:00,,,3.29,145.1,Cancelled,Driver
T00785,D0102,R01726,Mumbai,Powai,Powai,2023-10-11 16:00:00,2023-10-11 16:05:00,2023-10-11 17:14:00,5.03,194.63,Completed,
T00786,D0035,R00085,Delhi,Saket,Gurgaon,2023-10-04 20:34:00,2023-10-04 20:40:00,2023-10-04 21:27:00,7.15,271.97,Completed,
T00787,D0110,R00560,Delhi,Saket,Connaught Place,2023-10-16 07:24:00,2023-10-16 07:34:00,2023-10-16 08:04:00,5.01,193.14,Completed,
T00788,D0060,R01028,Bangalore,Electronic City,Electronic City,2023-10-21 02:26:00,2023-10-21 02:33:00,2023-10-21 03:36:00,16.15,527.58,Completed,
T00789,D0202,R01119,Delhi,Dwarka,Rohini,2023-10-04 13:22:00,2023-10-04 13:30:00,2023-10-04 13:42:00,8.78,296.97,Completed,
T00790,D0065,R01446,Bangalore,Electronic City,Indiranagar,2023-10-15 23:37:00,2023-10-15 23:44:00,2023-10-16 00:06:00,10.93,272.48,Completed,
T00791,D0234,R00828,Delhi,Saket,Gurgaon,2023-10-25 17:14:00,2023-10-25 17:22:00,2023-10-25 18:22:00,8.91,253.98,Completed,
T00792,D0121,R00465,Delhi,Dwarka,Saket,2023-10-01 12:59:00,2023-10-01 13:08:00,2023-10-01 13:32:00,18.32,505.86,Completed,
T00793,D0151,R01622,Bangalore,Koramangala,HSR,2023-10-24 11:25:00,2023-10-24 11:35:00,2023-10-24 12:06:00,8.81,223.89,Completed,
T00794,D0198,R00768,Bangalore,Indiranagar,Electronic City,2023-10-20 12:21:00,,,4.76,189.12,Cancelled,Driver
T00795,D0242,R00462,Bangalore,Whitefield,Whitefield,2023-10-14 21:45:00,2023-10-14 21:53:00,2023-10-14 22:24:00,2.63,125.77,Completed,
T00796,D0196,R01609,Delhi,Connaught Place,Dwarka,2023-10-19 08:35:00,2023-10-19 08:38:00,2023-10-19 09:24:00,5.05,182.05,Completed,
T00797,D0146,R00419,Bangalore,Whitefield,Koramangala,2023-10-16 00:43:00,2023-10-16 00:52:00,2023-10-16 01:26:00,4.13,149.62,Completed,
T00798,D0049,R00624,Delhi,Connaught Place,Dwarka,2023-10-18 14:05:00,2023-10-18 14:18:00,2023-10-18 15:25:00,3.64,183.75,Completed,
T00799,D0046,R00143,Bangalore,Whitefield,HSR,2023-10-26 03:55:00,2023-10-26 04:00:00,2023-10-26 04:22:00,6.77,200.16,Completed,
T00800,D0075,R00352,Bangalore,HSR,Whitefield,2023-10-11 14:32:00,2023-10-11 14:43:00,2023-10-11 14:53:00,9.75,309.46,Completed,
T00801,D0029,R01773,Mumbai,Bandra,Bandra,2023-10-08 03:31:00,2023-10-08 03:40:00,2023-10-08 04:47:00,2.75,137.65,Completed,
T00802,D0111,R00636,Bangalore,Electronic City,Indiranagar,2023-10-15 02:20:00,2023-10-15 02:32:00,2023-10-15 03:42:00,7.3,227.73,Completed,
T00803,D0071,R01654,Delhi,Dwarka,Gurgaon,2023-10-21 21:18:00,2023-10-21 21:27:00,2023-10-21 22:15:00,12.84,377.88,Completed,
T00804,D0226,R01324,Mumbai,Dadar,Powai,2023-10-26 21:44:00,2023-10-26 21:48:00,2023-10-26 22:16:00,7.4,246.94,Completed,
T00805,D0101,R01266,Delhi,Saket,Saket,2023-10-14 12:53:00,2023-10-14 12:59:00,2023-10-14 13:20:00,9.41,273.53,Completed,
T00806,D0047,R01783,Mumbai,Bandra,Powai,2023-10-30 23:53:00,2023-10-30 23:56:00,2023-10-31 00:21:00,13.61,447.88,Completed,
T00807,D0075,R01011,Delhi,Saket,Gurgaon,2023-10-25 11:21:00,2023-10-25 11:27:00,2023-10-25 12:35:00,14.38,457.22,Completed,
T00808,D0020,R00338,Bangalore,HSR,Indiranagar,2023-10-17 18:45:00,2023-10-17 18:54:00,2023-10-17 19:32:00,1.55,98.45,Completed,
T00809,D0119,R00704,Delhi,Saket,Dwarka,2023-10-03 00:45:00,2023-10-03 00:55:00,2023-10-03 01:29:00,4.64,154.67,Completed,
T00810,D0003,R00951,Mumbai,Dadar,Dadar,2023-10-02 17:15:00,2023-10-02 17:28:00,2023-10-02 18:25:00,7.95,242.09,Completed,
T00811,D0141,R00572,Bangalore,Indiranagar,Indiranagar,2023-10-04 18:09:00,2023-10-04 18:19:00,2023-10-04 19:21:00,7.53,216.77,Completed,
T00812,D0026,R01376,Bangalore,Koramangala,HSR,2023-10-28 14:59:00,2023-10-28 15:04:00,2023-10-28 15:18:00,13.18,450.49,Completed,
T00813,D0092,R00906,Bangalore,Koramangala,Electronic City,2023-10-21 01:18:00,2023-10-21 01:29:00,2023-10-21 01:52:00,6.63,171.11,Completed,
T00814,D0100,R00773,Delhi,Dwarka,Dwarka,2023-10-05 16:16:00,2023-10-05 16:19:00,2023-10-05 17:18:00,3.43,152.14,Completed,
T00815,D0052,R00394,Mumbai,Andheri,Bandra,2023-10-11 20:32:00,2023-10-11 20:40:00,2023-10-11 21:42:00,0.5,75.35,Completed,
T00816,D0186,R01152,Bangalore,Indiranagar,Electronic City,2023-10-08 15:22:00,2023-10-08 15:30:00,2023-10-08 16:00:00,6.85,237.86,Completed,
T00817,D0102,R00663,Bangalore,Indiranagar,Koramangala,2023-10-25 15:41:00,,,10.51,342.82,Cancelled,System
T00818,D0081,R00571,Mumbai,Worli,Powai,2023-10-30 18:20:00,2023-10-30 18:33:00,2023-10-30 19:35:00,9.15,313.85,Completed,
T00819,D0227,R01099,Bangalore,Electronic City,Indiranagar,2023-10-04 01:32:00,2023-10-04 01:36:00,2023-10-04 02:31:00,6.78,264.25,Completed,
T00820,D0154,R00273,Mumbai,Powai,Bandra,2023-10-05 07:29:00,2023-10-05 07:44:00,2023-10-05 08:38:00,5.8,188.14,Completed,
T00821,D0218,R00784,Delhi,Gurgaon,Dwarka,2023-10-15 11:18:00,2023-10-15 11:30:00,2023-10-15 12:08:00,9.19,292.61,Completed,
T00822,D0181,R00633,Delhi,Dwarka,Saket,2023-10-27 17:40:00,,,9.1,337.58,Cancelled,Driver
T00823,D0021,R00419,Bangalore,Koramangala,Indiranagar,2023-10-29 04:56:00,2023-10-29 05:01:00,2023-10-29 05:35:00,6.13,227.84,Completed,
T00824,D0243,R01612,Delhi,Connaught Place,Gurgaon,2023-10-28 05:15:00,2023-10-28 05:23:00,2023-10-28 06:14:00,10.04,295.98,Completed,
T00825,D0209,R00497,Mumbai,Bandra,Worli,2023-10-30 11:50:00,2023-10-30 11:58:00,2023-10-30 12:29:00,16.16,482.58,Completed,
T00826,D0206,R00659,Bangalore,Indiranagar,Whitefield,2023-10-12 07:15:00,2023-10-12 07:24:00,2023-10-12 08:07:00,7.46,206.41,Completed,
T00827,D0017,R00419,Delhi,Dwarka,Connaught Place,2023-10-01 06:36:00,,,10.87,343.85,Cancelled,Rider
T00828,D0141,R00873,Bangalore,Whitefield,HSR,2023-10-27 23:18:00,,,11.17,325.62,Cancelled,Driver
T00829,D0063,R01302,Bangalore,Indiranagar,HSR,2023-10-09 23:45:00,2023-10-09 23:57:00,2023-10-10 00:35:00,5.83,193.52,Completed,
T00830,D0244,R00866,Mumbai,Worli,Worli,2023-10-04 15:23:00,,,6.55,233.22,Cancelled,Other
T00831,D0195,R00876,Delhi,Connaught Place,Rohini,2023-10-20 17:25:00,2023-10-20 17:40:00,2023-10-20 18:14:00,12.9,365.54,Completed,
T00832,D0040,R00581,Delhi,Saket,Gurgaon,2023-10-25 10:45:00,2023-10-25 10:52:00,2023-10-25 11:31:00,10.26,352.36,Completed,
T00833,D0019,R00027,Delhi,Gurgaon,Rohini,2023-10-22 21:12:00,2023-10-22 21:18:00,2023-10-22 21:28:00,7.92,237.6,Completed,
T00834,D0237,R00631,Mumbai,Worli,Andheri,2023-10-19 09:52:00,2023-10-19 10:01:00,2023-10-19 10:42:00,3.3,155.86,Completed,
T00835,D0236,R00523,Mumbai,Powai,Worli,2023-10-02 18:24:00,2023-10-02 18:39:00,2023-10-02 19:16:00,10.67,316.24,Completed,
T00836,D0163,R00506,Delhi,Dwarka,Saket,2023-10-23 05:42:00,2023-10-23 05:51:00,2023-10-23 06:48:00,6.58,188.46,Completed,
T00837,D0162,R01240,Bangalore,Whitefield,Indiranagar,2023-10-17 10:45:00,2023-10-17 10:50:00,2023-10-17 11:16:00,14.33,433.24,Completed,
T00838,D0155,R00190,Mumbai,Dadar,Dadar,2023-10-12 06:14:00,2023-10-12 06:18:00,2023-10-12 07:17:00,7.26,226.8,Completed,
T00839,D0250,R00340,Delhi,Saket,Rohini,2023-10-27 16:14:00,,,5.93,206.47,Cancelled,Other
T00840,D0129,R01504,Delhi,Saket,Connaught Place,2023-10-14 18:06:00,,,6.36,198.03,Cancelled,System
T00841,D0147,R01533,Bangalore,Whitefield,HSR,2023-10-29 22:52:00,2023-10-29 23:06:00,2023-10-29 23:29:00,7.26,254.86,Completed,
T00842,D0209,R00854,Bangalore,HSR,Whitefield,2023-10-08 15:56:00,2023-10-08 16:05:00,2023-10-08 16:48:00,14.16,469.83,Completed,
T00843,D0096,R00226,Bangalore,Whitefield,Electronic City,2023-10-09 00:40:00,2023-10-09 00:51:00,2023-10-09 02:01:00,11.57,389.18,Completed,
T00844,D0052,R01786,Bangalore,Whitefield,Whitefield,2023-10-09 10:45:00,2023-10-09 10:52:00,2023-10-09 11:59:00,11.27,411.12,Completed,
T00845,D0028,R00256,Delhi,Rohini,Connaught Place,2023-10-29 10:02:00,,,10.18,343.82,Cancelled,Other
T00846,D0150,R00545,Mumbai,Andheri,Worli,2023-10-02 08:24:00,2023-10-02 08:27:00,2023-10-02 08:40:00,1.77,105.36,Completed,
T00847,D0055,R00996,Bangalore,Whitefield,HSR,2023-10-05 09:46:00,2023-10-05 10:01:00,2023-10-05 10:28:00,13.93,411.7,Completed,
T00848,D0087,R00740,Delhi,Saket,Saket,2023-10-20 13:04:00,2023-10-20 13:10:00,2023-10-20 14:20:00,20.44,369.43,Completed,
T00849,D0250,R01431,Delhi,Saket,Dwarka,2023-10-03 14:31:00,2023-10-03 14:41:00,2023-10-03 15:46:00,7.61,262.5,Completed,
T00850,D0032,R00755,Bangalore,Whitefield,Electronic City,2023-10-28 09:26:00,,,7.36,288.86,Cancelled,Rider
T00851,D0223,R01665,Delhi,Rohini,Connaught Place,2023-10-30 23:40:00,2023-10-30 23:53:00,2023-10-31 01:03:00,6.29,225.68,Completed,
T00852,D0224,R01243,Delhi,Saket,Saket,2023-10-17 09:26:00,2023-10-17 09:36:00,2023-10-17 10:00:00,9.76,271.59,Completed,
T00853,D0204,R01756,Delhi,Connaught Place,Saket,2023-10-28 21:06:00,2023-10-28 21:16:00,2023-10-28 22:08:00,0.5,74.53,Completed,
T00854,D0050,R01468,Mumbai,Worli,Andheri,2023-10-28 15:11:00,2023-10-28 15:26:00,2023-10-28 16:30:00,14.09,328.2,Completed,
T00855,D0204,R00914,Bangalore,Koramangala,Whitefield,2023-10-23 15:52:00,2023-10-23 16:02:00,2023-10-23 16:22:00,15.12,262.08,Completed,
T00856,D0062,R00217,Delhi,Saket,Connaught Place,2023-10-25 14:33:00,2023-10-25 14:47:00,2023-10-25 15:02:00,13.11,498.32,Completed,
T00857,D0232,R01374,Bangalore,Koramangala,Indiranagar,2023-10-15 20:37:00,2023-10-15 20:50:00,2023-10-15 21:30:00,7.29,287.88,Completed,
T00858,D0186,R01180,Delhi,Gurgaon,Connaught Place,2023-10-29 20:00:00,2023-10-29 20:06:00,2023-10-29 21:15:00,9.52,265.13,Completed,
T00859,D0097,R01656,Delhi,Dwarka,Dwarka,2023-10-16 14:53:00,,,8.22,212.72,Cancelled,Other
T00860,D0075,R00238,Mumbai,Worli,Powai,2023-10-06 06:21:00,2023-10-06 06:27:00,2023-10-06 07:24:00,14.07,460.87,Completed,
T00861,D0245,R00389,Bangalore,Whitefield,Whitefield,2023-10-15 06:17:00,2023-10-15 06:29:00,2023-10-15 07:13:00,8.22,237.23,Completed,
T00862,D0205,R00455,Mumbai,Andheri,Dadar,2023-10-17 14:42:00,2023-10-17 14:54:00,2023-10-17 15:41:00,9.9,261.58,Completed,
T00863,D0219,R01393,Bangalore,Whitefield,Indiranagar,2023-10-25 11:57:00,2023-10-25 12:03:00,2023-10-25 12:44:00,14.38,528.09,Completed,
T00864,D0038,R00656,Delhi,Rohini,Gurgaon,2023-10-13 21:32:00,2023-10-13 21:35:00,2023-10-13 22:23:00,12.88,303.52,Completed,
T00865,D0071,R01014,Delhi,Rohini,Saket,2023-10-06 14:51:00,,,7.27,209.81,Cancelled,Rider
T00866,D0040,R01435,Bangalore,Koramangala,Indiranagar,2023-10-16 03:52:00,2023-10-16 04:07:00,2023-10-16 04:31:00,10.09,375.81,Completed,
T00867,D0077,R01123,Mumbai,Dadar,Powai,2023-10-18 19:57:00,,,4.31,139.55,Cancelled,Driver
T00868,D0090,R01427,Mumbai,Bandra,Worli,2023-10-22 13:06:00,2023-10-22 13:13:00,2023-10-22 13:41:00,4.7,192.06,Completed,
T00869,D0034,R01454,Mumbai,Powai,Dadar,2023-10-05 10:17:00,2023-10-05 10:20:00,2023-10-05 11:24:00,10.56,242.17,Completed,
T00870,D0148,R00447,Delhi,Dwarka,Connaught Place,2023-10-08 10:47:00,2023-10-08 10:52:00,2023-10-08 11:15:00,7.39,221.63,Completed,
T00871,D0027,R01724,Mumbai,Bandra,Andheri,2023-10-27 04:47:00,2023-10-27 04:56:00,2023-10-27 05:49:00,10.75,326.99,Completed,
T00872,D0250,R00694,Bangalore,Electronic City,Whitefield,2023-10-17 04:23:00,2023-10-17 04:34:00,2023-10-17 05:25:00,10.38,312.48,Completed,
T00873,D0185,R01409,Bangalore,Electronic City,Indiranagar,2023-10-29 12:49:00,2023-10-29 12:59:00,2023-10-29 13:28:00,11.4,352.18,Completed,
T00874,D0199,R01772,Delhi,Saket,Rohini,2023-10-18 02:00:00,2023-10-18 02:15:00,2023-10-18 02:54:00,10.15,256.63,Completed,
T00875,D0114,R01370,Delhi,Gurgaon,Dwarka,2023-10-30 17:27:00,2023-10-30 17:37:00,2023-10-30 18:28:00,9.71,313.79,Completed,
T00876,D0147,R01627,Bangalore,Electronic City,Indiranagar,2023-10-27 16:59:00,,,2.4,121.9,Cancelled,Driver
T00877,D0166,R01462,Mumbai,Worli,Bandra,2023-10-23 00:51:00,2023-10-23 00:59:00,2023-10-23 01:13:00,7.88,272.56,Completed,
T00878,D0101,R01063,Mumbai,Worli,Worli,2023-10-01 21:34:00,2023-10-01 21:44:00,2023-10-01 21:58:00,1.38,92.21,Completed,
T00879,D0032,R01766,Delhi,Gurgaon,Dwarka,2023-10-30 15:49:00,2023-10-30 15:53:00,2023-10-30 16:14:00,10.05,368.09,Completed,
T00880,D0115,R00331,Bangalore,Koramangala,Electronic City,2023-10-26 05:54:00,2023-10-26 06:00:00,2023-10-26 06:51:00,10.0,324.67,Completed,
T00881,D0022,R00867,Mumbai,Andheri,Bandra,2023-10-02 14:14:00,,,4.7,176.81,Cancelled,Rider
T00882,D0243,R00287,Mumbai,Worli,Dadar,2023-10-03 02:25:00,,,11.25,320.1,Cancelled,Other
T00883,D0134,R01409,Delhi,Connaught Place,Connaught Place,2023-10-15 05:48:00,,,13.96,407.47,Cancelled,Rider
T00884,D0049,R01131,Bangalore,Indiranagar,Electronic City,2023-10-02 16:07:00,2023-10-02 16:12:00,2023-10-02 17:00:00,10.22,293.13,Completed,
T00885,D0033,R01331,Mumbai,Bandra,Dadar,2023-10-13 14:59:00,2023-10-13 15:06:00,2023-10-13 15:40:00,4.04,170.61,Completed,
T00886,D0242,R00145,Mumbai,Powai,Bandra,2023-10-04 18:56:00,2023-10-04 19:07:00,2023-10-04 19:30:00,3.01,143.63,Completed,
T00887,D0145,R00315,Delhi,Rohini,Saket,2023-10-17 22:28:00,2023-10-17 22:37:00,2023-10-17 23:39:00,10.84,277.61,Completed,
T00888,D0247,R01124,Mumbai,Dadar,Andheri,2023-10-02 04:18:00,2023-10-02 04:22:00,2023-10-02 05:15:00,10.32,327.97,Completed,
T00889,D0023,R00561,Mumbai,Andheri,Andheri,2023-10-30 03:14:00,2023-10-30 03:29:00,2023-10-30 03:53:00,6.9,251.58,Completed,
T00890,D0097,R01206,Mumbai,Dadar,Andheri,2023-10-11 02:43:00,,,8.92,265.07,Cancelled,System
T00891,D0180,R00099,Delhi,Dwarka,Rohini,2023-10-16 21:05:00,2023-10-16 21:09:00,2023-10-16 22:16:00,7.86,281.0,Completed,
T00892,D0089,R01741,Mumbai,Dadar,Dadar,2023-10-09 05:20:00,2023-10-09 05:31:00,2023-10-09 06:19:00,5.41,160.95,Completed,
T00893,D0067,R00776,Delhi,Gurgaon,Rohini,2023-10-06 19:20:00,2023-10-06 19:25:00,2023-10-06 19:44:00,6.18,213.28,Completed,
T00894,D0250,R00938,Bangalore,Indiranagar,Whitefield,2023-10-30 02:10:00,2023-10-30 02:19:00,2023-10-30 03:14:00,9.54,241.89,Completed,
T00895,D0129,R01668,Mumbai,Bandra,Powai,2023-10-22 07:54:00,2023-10-22 08:08:00,2023-10-22 09:14:00,13.14,369.8,Completed,
T00896,D0243,R00158,Delhi,Dwarka,Connaught Place,2023-10-04 22:57:00,2023-10-04 23:10:00,2023-10-04 23:25:00,9.5,224.7,Completed,
T00897,D0015,R00022,Bangalore,Whitefield,Electronic City,2023-10-27 04:23:00,2023-10-27 04:38:00,2023-10-27 05:43:00,6.44,278.84,Completed,
T00898,D0123,R00256,Delhi,Saket,Connaught Place,2023-10-07 05:00:00,2023-10-07 05:11:00,2023-10-07 06:05:00,6.12,179.22,Completed,
T00899,D0234,R00501,Delhi,Gurgaon,Gurgaon,2023-10-09 15:43:00,,,12.7,379.95,Cancelled,System
T00900,D0115,R00359,Bangalore,Koramangala,HSR,2023-10-28 15:24:00,,,4.72,143.28,Cancelled,Rider
T00901,D0091,R00232,Bangalore,HSR,Indiranagar,2023-10-24 09:04:00,,,5.05,195.45,Cancelled,System
T00902,D0075,R01165,Delhi,Saket,Dwarka,2023-10-06 08:44:00,2023-10-06 08:58:00,2023-10-06 09:48:00,7.75,274.41,Completed,
T00903,D0132,R01000,Mumbai,Andheri,Powai,2023-10-30 06:17:00,2023-10-30 06:29:00,2023-10-30 07:33:00,12.85,393.91,Completed,
T00904,D0118,R00824,Bangalore,HSR,Koramangala,2023-10-29 00:19:00,2023-10-29 00:33:00,2023-10-29 00:54:00,8.25,268.92,Completed,
T00905,D0126,R00999,Bangalore,Koramangala,Indiranagar,2023-10-20 14:33:00,2023-10-20 14:42:00,2023-10-20 14:59:00,0.5,71.72,Completed,
T00906,D0058,R01663,Delhi,Rohini,Connaught Place,2023-10-12 09:12:00,2023-10-12 09:17:00,2023-10-12 10:01:00,5.82,221.24,Completed,
T00907,D0215,R01783,Mumbai,Bandra,Andheri,2023-10-30 20:49:00,2023-10-30 20:52:00,2023-10-30 21:24:00,12.73,443.26,Completed,
T00908,D0011,R01365,Bangalore,Indiranagar,Whitefield,2023-10-13 23:11:00,2023-10-13 23:14:00,2023-10-13 23:34:00,5.34,202.62,Completed,
T00909,D0031,R00666,Delhi,Saket,Gurgaon,2023-10-13 02:19:00,2023-10-13 02:33:00,2023-10-13 02:51:00,1.68,98.27,Completed,
T00910,D0034,R01025,Delhi,Connaught Place,Dwarka,2023-10-18 16:43:00,2023-10-18 16:48:00,2023-10-18 17:20:00,9.14,293.24,Completed,
T00911,D0110,R00578,Bangalore,Whitefield,Koramangala,2023-10-16 13:42:00,,,8.16,229.27,Cancelled,System
T00912,D0159,R01770,Mumbai,Powai,Bandra,2023-10-12 06:36:00,2023-10-12 06:51:00,2023-10-12 07:08:00,5.48,195.83,Completed,
T00913,D0051,R01252,Delhi,Dwarka,Dwarka,2023-10-20 12:45:00,2023-10-20 12:59:00,2023-10-20 13:41:00,8.88,265.78,Completed,
T00914,D0163,R00300,Delhi,Saket,Connaught Place,2023-10-29 14:56:00,2023-10-29 15:03:00,2023-10-29 15:25:00,11.45,378.1,Completed,
T00915,D0024,R00455,Delhi,Rohini,Saket,2023-10-10 02:03:00,,,4.93,199.68,Cancelled,Rider
T00916,D0131,R00719,Mumbai,Dadar,Bandra,2023-10-03 19:00:00,2023-10-03 19:08:00,2023-10-03 19:35:00,10.33,324.61,Completed,
T00917,D0047,R00967,Mumbai,Powai,Worli,2023-10-03 03:56:00,2023-10-03 04:02:00,2023-10-03 04:30:00,14.76,460.39,Completed,
T00918,D0048,R01371,Bangalore,Koramangala,Electronic City,2023-10-20 14:39:00,2023-10-20 14:43:00,2023-10-20 14:59:00,4.9,183.47,Completed,
T00919,D0093,R00762,Bangalore,Indiranagar,HSR,2023-10-16 01:46:00,2023-10-16 01:57:00,2023-10-16 02:45:00,4.02,181.87,Completed,
T00920,D0099,R00085,Bangalore,Electronic City,Indiranagar,2023-10-27 14:14:00,2023-10-27 14:26:00,2023-10-27 14:43:00,12.92,428.13,Completed,
T00921,D0237,R00972,Bangalore,Indiranagar,Electronic City,2023-10-21 06:53:00,2023-10-21 07:00:00,2023-10-21 07:56:00,13.69,375.05,Completed,
T00922,D0012,R01733,Delhi,Gurgaon,Rohini,2023-10-07 23:51:00,2023-10-08 00:06:00,2023-10-08 01:10:00,3.01,144.58,Completed,
T00923,D0162,R01032,Mumbai,Andheri,Bandra,2023-10-21 09:51:00,2023-10-21 10:00:00,2023-10-21 10:43:00,9.77,296.47,Completed,
T00924,D0179,R01627,Delhi,Dwarka,Saket,2023-10-13 11:26:00,,,6.04,269.48,Cancelled,Driver
T00925,D0223,R01152,Mumbai,Dadar,Dadar,2023-10-25 05:35:00,2023-10-25 05:46:00,2023-10-25 06:20:00,12.32,392.0,Completed,
T00926,D0053,R01620,Delhi,Gurgaon,Saket,2023-10-13 08:32:00,2023-10-13 08:46:00,2023-10-13 08:56:00,10.0,333.67,Completed,
T00927,D0067,R00351,Delhi,Dwarka,Connaught Place,2023-10-24 21:31:00,2023-10-24 21:42:00,2023-10-24 21:59:00,9.66,361.1,Completed,
T00928,D0075,R01789,Delhi,Connaught Place,Dwarka,2023-10-11 20:11:00,2023-10-11 20:16:00,2023-10-11 20:43:00,13.45,485.75,Completed,
T00929,D0030,R00171,Bangalore,Electronic City,HSR,2023-10-25 07:55:00,2023-10-25 08:03:00,2023-10-25 08:33:00,5.37,218.21,Completed,
T00930,D0105,R01688,Delhi,Rohini,Dwarka,2023-10-07 01:56:00,,,5.27,250.55,Cancelled,Driver
T00931,D0046,R01599,Delhi,Gurgaon,Connaught Place,2023-10-13 17:29:00,2023-10-13 17:44:00,2023-10-13 18:54:00,14.33,426.48,Completed,
T00932,D0243,R01673,Delhi,Saket,Dwarka,2023-10-18 09:13:00,2023-10-18 09:24:00,2023-10-18 09:47:00,12.38,318.3,Completed,
T00933,D0053,R00475,Mumbai,Dadar,Powai,2023-10-13 05:35:00,2023-10-13 05:40:00,2023-10-13 06:18:00,10.87,263.78,Completed,
T00934,D0024,R01167,Bangalore,Whitefield,Indiranagar,2023-10-22 19:12:00,2023-10-22 19:17:00,2023-10-22 19:39:00,1.38,97.06,Completed,
T00935,D0006,R00385,Delhi,Connaught Place,Dwarka,2023-10-13 20:04:00,2023-10-13 20:17:00,2023-10-13 21:05:00,14.04,342.62,Completed,
T00936,D0063,R00282,Bangalore,Koramangala,Electronic City,2023-10-20 09:44:00,2023-10-20 09:58:00,2023-10-20 10:41:00,6.01,190.96,Completed,
T00937,D0099,R00090,Bangalore,Indiranagar,Indiranagar,2023-10-18 04:44:00,2023-10-18 04:57:00,2023-10-18 06:06:00,11.64,280.91,Completed,
T00938,D0037,R01622,Bangalore,Koramangala,Electronic City,2023-10-13 04:21:00,,,2.75,117.32,Cancelled,Driver
T00939,D0219,R00910,Delhi,Dwarka,Rohini,2023-10-16 09:36:00,2023-10-16 09:48:00,2023-10-16 10:55:00,9.85,349.33,Completed,
T00940,D0040,R00044,Mumbai,Andheri,Andheri,2023-10-22 19:05:00,2023-10-22 19:16:00,2023-10-22 19:33:00,5.46,191.85,Completed,
T00941,D0027,R00465,Delhi,Saket,Saket,2023-10-14 12:07:00,2023-10-14 12:13:00,2023-10-14 12:24:00,9.64,282.74,Completed,
T00942,D0168,R01465,Bangalore,Koramangala,Whitefield,2023-10-17 01:54:00,2023-10-17 02:07:00,2023-10-17 03:13:00,13.85,366.5,Completed,
T00943,D0058,R00243,Bangalore,HSR,Koramangala,2023-10-06 00:17:00,2023-10-06 00:29:00,2023-10-06 01:00:00,12.12,350.52,Completed,
T00944,D0039,R00308,Bangalore,HSR,Electronic City,2023-10-28 12:16:00,2023-10-28 12:29:00,2023-10-28 13:06:00,3.19,136.46,Completed,
T00945,D0225,R01457,Mumbai,Andheri,Andheri,2023-10-16 20:31:00,2023-10-16 20:38:00,2023-10-16 21:39:00,13.59,359.54,Completed,
T00946,D0038,R01669,Bangalore,Koramangala,Koramangala,2023-10-30 20:22:00,2023-10-30 20:37:00,2023-10-30 21:17:00,3.56,163.44,Completed,
T00947,D0246,R01572,Delhi,Saket,Rohini,2023-10-20 10:53:00,2023-10-20 10:58:00,2023-10-20 11:19:00,10.67,356.49,Completed,
T00948,D0109,R00284,Mumbai,Bandra,Dadar,2023-10-23 11:48:00,2023-10-23 12:01:00,2023-10-23 12:32:00,13.85,393.49,Completed,
T00949,D0128,R00172,Mumbai,Worli,Dadar,2023-10-26 00:01:00,2023-10-26 00:07:00,2023-10-26 00:41:00,3.55,149.57,Completed,
T00950,D0199,R00006,Delhi,Dwarka,Connaught Place,2023-10-27 07:11:00,2023-10-27 07:17:00,2023-10-27 07:50:00,8.43,218.2,Completed,
T00951,D0122,R00740,Mumbai,Bandra,Powai,2023-10-26 09:53:00,,,9.73,296.75,Cancelled,System
T00952,D0214,R00432,Mumbai,Bandra,Andheri,2023-10-07 13:26:00,,,17.2,463.22,Cancelled,Rider
T00953,D0031,R01426,Delhi,Saket,Rohini,2023-10-07 06:30:00,,,7.39,217.17,Cancelled,Driver
T00954,D0170,R00301,Bangalore,HSR,Indiranagar,2023-10-05 19:47:00,2023-10-05 19:52:00,2023-10-05 20:03:00,3.19,142.24,Completed,
T00955,D0020,R00963,Bangalore,Indiranagar,Electronic City,2023-10-12 03:39:00,2023-10-12 03:54:00,2023-10-12 04:15:00,10.52,284.87,Completed,
T00956,D0121,R00588,Delhi,Connaught Place,Dwarka,2023-10-14 15:08:00,2023-10-14 15:22:00,2023-10-14 15:32:00,4.86,210.42,Completed,
T00957,D0009,R00868,Bangalore,Whitefield,Electronic City,2023-10-30 05:43:00,2023-10-30 05:52:00,2023-10-30 06:55:00,9.59,319.86,Completed,
T00958,D0236,R00189,Delhi,Gurgaon,Saket,2023-10-12 17:51:00,2023-10-12 17:56:00,2023-10-12 18:23:00,7.51,268.0,Completed,
T00959,D0103,R01240,Bangalore,Koramangala,Whitefield,2023-10-10 15:24:00,2023-10-10 15:38:00,2023-10-10 16:23:00,8.99,307.23,Completed,
T00960,D0168,R01325,Mumbai,Dadar,Bandra,2023-10-15 06:05:00,2023-10-15 06:20:00,2023-10-15 06:53:00,9.62,280.07,Completed,
T00961,D0027,R00578,Mumbai,Bandra,Worli,2023-10-05 22:24:00,2023-10-05 22:27:00,2023-10-05 22:52:00,2.33,107.35,Completed,
T00962,D0055,R01308,Bangalore,Koramangala,Indiranagar,2023-10-03 23:20:00,2023-10-03 23:31:00,2023-10-03 23:53:00,8.64,246.3,Completed,
T00963,D0146,R00645,Mumbai,Andheri,Powai,2023-10-04 20:53:00,2023-10-04 20:56:00,2023-10-04 21:09:00,1.99,104.27,Completed,
T00964,D0193,R01487,Bangalore,HSR,Indiranagar,2023-10-17 05:33:00,2023-10-17 05:48:00,2023-10-17 06:23:00,6.39,229.8,Completed,
T00965,D0085,R00308,Delhi,Connaught Place,Gurgaon,2023-10-05 10:21:00,2023-10-05 10:36:00,2023-10-05 11:35:00,8.4,254.52,Completed,
T00966,D0151,R00162,Mumbai,Andheri,Bandra,2023-10-22 16:57:00,,,10.81,336.22,Cancelled,Other
T00967,D0037,R01247,Bangalore,Electronic City,HSR,2023-10-30 18:34:00,2023-10-30 18:45:00,2023-10-30 19:41:00,13.96,530.9,Completed,
T00968,D0087,R01460,Mumbai,Dadar,Bandra,2023-10-06 23:18:00,2023-10-06 23:21:00,2023-10-07 00:28:00,1.72,91.57,Completed,
T00969,D0156,R01649,Bangalore,Koramangala,Indiranagar,2023-10-28 18:42:00,2023-10-28 18:52:00,2023-10-28 19:08:00,11.74,407.49,Completed,
T00970,D0223,R00932,Mumbai,Powai,Bandra,2023-10-25 21:37:00,,,8.84,266.19,Cancelled,Driver
T00971,D0018,R01581,Mumbai,Dadar,Powai,2023-10-08 08:22:00,2023-10-08 08:27:00,2023-10-08 09:22:00,7.37,253.9,Completed,
T00972,D0196,R01165,Mumbai,Dadar,Andheri,2023-10-12 15:38:00,,,7.21,227.4,Cancelled,Driver
T00973,D0103,R01050,Mumbai,Worli,Powai,2023-10-14 01:04:00,2023-10-14 01:14:00,2023-10-14 01:47:00,4.09,145.37,Completed,
T00974,D0175,R01272,Mumbai,Andheri,Bandra,2023-10-04 19:11:00,2023-10-04 19:24:00,2023-10-04 19:36:00,0.7,79.27,Completed,
T00975,D0003,R01749,Delhi,Connaught Place,Dwarka,2023-10-26 12:32:00,2023-10-26 12:44:00,2023-10-26 13:19:00,11.56,376.58,Completed,
T00976,D0172,R00176,Mumbai,Bandra,Andheri,2023-10-22 00:55:00,2023-10-22 01:05:00,2023-10-22 01:21:00,2.89,135.78,Completed,
T00977,D0052,R00436,Mumbai,Dadar,Andheri,2023-10-20 17:04:00,2023-10-20 17:16:00,2023-10-20 17:57:00,11.87,373.88,Completed,
T00978,D0010,R01164,Mumbai,Andheri,Worli,2023-10-21 16:31:00,2023-10-21 16:37:00,2023-10-21 17:07:00,10.63,318.17,Completed,
T00979,D0240,R00434,Mumbai,Andheri,Dadar,2023-10-03 20:09:00,2023-10-03 20:15:00,2023-10-03 20:28:00,11.23,220.05,Completed,
T00980,D0163,R01790,Mumbai,Dadar,Dadar,2023-10-12 11:19:00,2023-10-12 11:23:00,2023-10-12 11:52:00,10.51,348.9,Completed,
T00981,D0172,R00701,Delhi,Rohini,Dwarka,2023-10-10 17:51:00,,,9.04,297.0,Cancelled,Other
T00982,D0242,R00895,Bangalore,HSR,Electronic City,2023-10-16 21:30:00,2023-10-16 21:35:00,2023-10-16 22:29:00,2.46,123.81,Completed,
T00983,D0144,R01263,Mumbai,Bandra,Powai,2023-10-01 10:50:00,2023-10-01 11:03:00,2023-10-01 11:50:00,7.18,232.88,Completed,
T00984,D0004,R01623,Delhi,Saket,Rohini,2023-10-15 09:43:00,2023-10-15 09:51:00,2023-10-15 10:08:00,6.32,221.67,Completed,
T00985,D0116,R00075,Delhi,Dwarka,Dwarka,2023-10-01 04:00:00,,,12.04,307.63,Cancelled,Driver
T00986,D0199,R01182,Mumbai,Andheri,Powai,2023-10-25 20:28:00,2023-10-25 20:34:00,2023-10-25 21:27:00,5.84,221.03,Completed,
T00987,D0078,R01329,Mumbai,Dadar,Dadar,2023-10-01 17:41:00,,,0.5,72.45,Cancelled,Other
T00988,D0091,R00361,Mumbai,Dadar,Dadar,2023-10-17 00:10:00,2023-10-17 00:18:00,2023-10-17 00:35:00,0.5,74.93,Completed,
T00989,D0142,R01394,Mumbai,Dadar,Powai,2023-10-09 01:13:00,2023-10-09 01:26:00,2023-10-09 02:20:00,4.72,173.09,Completed,
T00990,D0241,R00184,Delhi,Connaught Place,Gurgaon,2023-10-29 05:36:00,,,16.67,305.72,Cancelled,Driver
T00991,D0128,R01031,Mumbai,Worli,Andheri,2023-10-05 17:14:00,2023-10-05 17:27:00,2023-10-05 18:05:00,4.93,165.89,Completed,
T00992,D0219,R00401,Delhi,Saket,Connaught Place,2023-10-14 04:39:00,2023-10-14 04:48:00,2023-10-14 05:05:00,9.25,331.4,Completed,
T00993,D0106,R00016,Mumbai,Powai,Bandra,2023-10-22 02:45:00,,,4.2,141.75,Cancelled,Other
T00994,D0069,R01379,Delhi,Dwarka,Connaught Place,2023-10-13 21:46:00,,,7.81,314.66,Cancelled,Other
T00995,D0004,R01519,Mumbai,Worli,Powai,2023-10-02 11:41:00,2023-10-02 11:52:00,2023-10-02 12:54:00,10.43,243.35,Completed,
T00996,D0246,R01263,Mumbai,Dadar,Andheri,2023-10-08 18:08:00,2023-10-08 18:17:00,2023-10-08 18:39:00,3.89,165.69,Completed,
T00997,D0033,R00652,Delhi,Gurgaon,Dwarka,2023-10-20 12:41:00,,,3.52,162.44,Cancelled,Other
T00998,D0026,R00803,Mumbai,Powai,Worli,2023-10-11 12:16:00,2023-10-11 12:28:00,2023-10-11 13:28:00,9.91,321.94,Completed,
T00999,D0053,R00314,Bangalore,Koramangala,Electronic City,2023-10-15 16:09:00,2023-10-15 16:24:00,2023-10-15 17:11:00,9.1,288.39,Completed,
T01000,D0236,R00930,Delhi,Rohini,Dwarka,2023-10-25 17:50:00,,,7.69,249.21,Cancelled,Rider
T01001,D0230,R01653,Bangalore,Whitefield,HSR,2023-10-30 16:43:00,2023-10-30 16:57:00,2023-10-30 17:56:00,11.15,418.93,Completed,
T01002,D0071,R00212,Delhi,Connaught Place,Saket,2023-10-03 08:31:00,2023-10-03 08:43:00,2023-10-03 09:48:00,9.04,292.15,Completed,
T01003,D0028,R01730,Delhi,Rohini,Dwarka,2023-10-06 14:00:00,2023-10-06 14:04:00,2023-10-06 14:45:00,8.31,288.67,Completed,
T01004,D0126,R00431,Mumbai,Dadar,Dadar,2023-10-05 13:57:00,2023-10-05 14:10:00,2023-10-05 14:24:00,4.54,184.32,Completed,
T01005,D0233,R01162,Mumbai,Worli,Andheri,2023-10-29 20:00:00,2023-10-29 20:05:00,2023-10-29 20:57:00,10.29,346.66,Completed,
T01006,D0089,R01519,Bangalore,HSR,Koramangala,2023-10-16 14:26:00,2023-10-16 14:31:00,2023-10-16 15:14:00,4.71,162.19,Completed,
T01007,D0008,R00748,Bangalore,Koramangala,Indiranagar,2023-10-28 14:02:00,2023-10-28 14:08:00,2023-10-28 15:13:00,1.78,103.14,Completed,
T01008,D0036,R00987,Bangalore,Indiranagar,Koramangala,2023-10-15 21:45:00,2023-10-15 21:52:00,2023-10-15 22:19:00,7.18,172.07,Completed,
T01009,D0167,R00820,Mumbai,Bandra,Powai,2023-10-26 02:22:00,2023-10-26 02:33:00,2023-10-26 03:43:00,8.36,229.88,Completed,
T01010,D0176,R01196,Bangalore,Electronic City,HSR,2023-10-10 00:08:00,,,6.42,156.23,Cancelled,Driver
T01011,D0245,R00557,Bangalore,HSR,Electronic City,2023-10-10 08:49:00,2023-10-10 09:01:00,2023-10-10 09:58:00,4.53,181.25,Completed,
T01012,D0099,R00132,Bangalore,Whitefield,Indiranagar,2023-10-28 15:19:00,2023-10-28 15:32:00,2023-10-28 16:34:00,4.97,176.37,Completed,
T01013,D0065,R01087,Bangalore,HSR,Whitefield,2023-10-24 06:32:00,2023-10-24 06:45:00,2023-10-24 07:55:00,6.48,268.73,Completed,
T01014,D0047,R00441,Bangalore,HSR,HSR,2023-10-06 05:13:00,2023-10-06 05:19:00,2023-10-06 05:33:00,6.18,221.31,Completed,
T01015,D0032,R01163,Bangalore,HSR,Indiranagar,2023-10-15 07:27:00,2023-10-15 07:33:00,2023-10-15 08:12:00,6.1,176.62,Completed,
T01016,D0099,R01467,Delhi,Gurgaon,Connaught Place,2023-10-04 00:20:00,2023-10-04 00:31:00,2023-10-04 00:58:00,9.16,313.94,Completed,
T01017,D0108,R00102,Delhi,Saket,Saket,2023-10-30 09:53:00,2023-10-30 09:59:00,2023-10-30 10:21:00,1.77,109.39,Completed,
T01018,D0108,R00485,Bangalore,Electronic City,Koramangala,2023-10-13 11:44:00,2023-10-13 11:56:00,2023-10-13 12:30:00,3.31,148.0,Completed,
T01019,D0165,R00269,Mumbai,Dadar,Andheri,2023-10-01 19:28:00,2023-10-01 19:38:00,2023-10-01 20:06:00,8.16,262.56,Completed,
T01020,D0011,R01482,Delhi,Rohini,Rohini,2023-10-25 00:11:00,2023-10-25 00:26:00,2023-10-25 01:02:00,12.98,390.47,Completed,
T01021,D0103,R00612,Mumbai,Dadar,Dadar,2023-10-16 17:43:00,2023-10-16 17:46:00,2023-10-16 18:21:00,9.22,247.98,Completed,
T01022,D0216,R00022,Delhi,Dwarka,Connaught Place,2023-10-06 12:36:00,2023-10-06 12:39:00,2023-10-06 13:41:00,7.78,249.38,Completed,
T01023,D0058,R01101,Mumbai,Andheri,Andheri,2023-10-20 19:52:00,2023-10-20 20:00:00,2023-10-20 21:02:00,11.62,443.97,Completed,
T01024,D0029,R01622,Mumbai,Dadar,Powai,2023-10-02 23:03:00,2023-10-02 23:17:00,2023-10-03 00:06:00,7.45,268.22,Completed,
T01025,D0237,R01197,Delhi,Saket,Saket,2023-10-08 18:03:00,2023-10-08 18:08:00,2023-10-08 19:06:00,6.48,225.29,Completed,
T01026,D0134,R01583,Delhi,Saket,Dwarka,2023-10-06 13:39:00,2023-10-06 13:46:00,2023-10-06 14:16:00,3.31,133.59,Completed,
T01027,D0197,R01326,Bangalore,Indiranagar,Koramangala,2023-10-13 00:09:00,2023-10-13 00:15:00,2023-10-13 01:07:00,12.94,416.4,Completed,
T01028,D0016,R00999,Bangalore,Koramangala,HSR,2023-10-23 12:14:00,2023-10-23 12:23:00,2023-10-23 12:45:00,6.35,193.69,Completed,
T01029,D0195,R00930,Bangalore,Indiranagar,Electronic City,2023-10-27 21:00:00,2023-10-27 21:07:00,2023-10-27 22:02:00,12.76,311.98,Completed,
T01030,D0057,R01598,Bangalore,Whitefield,Indiranagar,2023-10-06 22:03:00,,,5.2,205.03,Cancelled,Rider
T01031,D0109,R00302,Bangalore,Whitefield,Koramangala,2023-10-13 15:28:00,2023-10-13 15:41:00,2023-10-13 15:57:00,5.66,244.3,Completed,
T01032,D0062,R01088,Delhi,Saket,Rohini,2023-10-06 00:22:00,2023-10-06 00:32:00,2023-10-06 01:24:00,5.44,200.17,Completed,
T01033,D0238,R00883,Mumbai,Worli,Powai,2023-10-06 09:14:00,2023-10-06 09:23:00,2023-10-06 10:05:00,6.82,245.42,Completed,
T01034,D0070,R00603,Bangalore,Indiranagar,Whitefield,2023-10-21 02:03:00,2023-10-21 02:12:00,2023-10-21 02:34:00,12.24,380.61,Completed,
T01035,D0071,R01324,Bangalore,Indiranagar,Koramangala,2023-10-28 00:51:00,2023-10-28 01:04:00,2023-10-28 01:17:00,4.24,166.73,Completed,
T01036,D0014,R00565,Bangalore,Indiranagar,Electronic City,2023-10-06 05:48:00,,,5.87,198.85,Cancelled,Driver
T01037,D0101,R01015,Delhi,Dwarka,Dwarka,2023-10-19 09:53:00,2023-10-19 10:07:00,2023-10-19 10:34:00,9.9,380.01,Completed,
T01038,D0164,R01031,Bangalore,Electronic City,Whitefield,2023-10-16 19:42:00,2023-10-16 19:46:00,2023-10-16 20:07:00,3.15,127.09,Completed,
T01039,D0219,R00342,Delhi,Dwarka,Rohini,2023-10-14 21:29:00,,,8.75,309.12,Cancelled,Driver
T01040,D0247,R00158,Mumbai,Bandra,Andheri,2023-10-07 10:55:00,2023-10-07 11:00:00,2023-10-07 11:26:00,4.94,186.33,Completed,
T01041,D0249,R00093,Delhi,Connaught Place,Gurgaon,2023-10-17 00:38:00,2023-10-17 00:48:00,2023-10-17 01:05:00,16.63,476.6,Completed,
T01042,D0214,R00205,Delhi,Rohini,Rohini,2023-10-14 05:28:00,2023-10-14 05:43:00,2023-10-14 05:59:00,1.79,104.51,Completed,
T01043,D0189,R00940,Mumbai,Andheri,Powai,2023-10-23 07:56:00,2023-10-23 08:03:00,2023-10-23 08:36:00,2.84,126.25,Completed,
T01044,D0229,R00231,Mumbai,Powai,Worli,2023-10-16 04:31:00,2023-10-16 04:43:00,2023-10-16 05:23:00,4.38,139.43,Completed,
T01045,D0006,R01020,Delhi,Connaught Place,Dwarka,2023-10-30 02:49:00,2023-10-30 02:54:00,2023-10-30 03:26:00,6.11,221.96,Completed,
T01046,D0093,R00222,Delhi,Rohini,Gurgaon,2023-10-20 14:27:00,2023-10-20 14:36:00,2023-10-20 15:26:00,16.12,540.22,Completed,
T01047,D0045,R00855,Mumbai,Powai,Powai,2023-10-24 23:31:00,2023-10-24 23:40:00,2023-10-25 00:27:00,4.89,145.32,Completed,
T01048,D0149,R00932,Bangalore,Electronic City,HSR,2023-10-02 20:53:00,2023-10-02 21:02:00,2023-10-02 22:02:00,5.45,221.25,Completed,
T01049,D0249,R01072,Mumbai,Powai,Worli,2023-10-06 00:21:00,2023-10-06 00:34:00,2023-10-06 00:53:00,10.52,312.52,Completed,
T01050,D0078,R00446,Delhi,Rohini,Gurgaon,2023-10-08 09:36:00,2023-10-08 09:46:00,2023-10-08 09:58:00,11.57,364.52,Completed,
T01051,D0126,R00515,Bangalore,Indiranagar,HSR,2023-10-03 10:06:00,2023-10-03 10:09:00,2023-10-03 10:22:00,3.18,147.42,Completed,
T01052,D0171,R00293,Mumbai,Bandra,Dadar,2023-10-23 20:18:00,,,0.5,70.65,Cancelled,System
T01053,D0075,R01305,Delhi,Saket,Saket,2023-10-04 16:09:00,2023-10-04 16:24:00,2023-10-04 17:17:00,4.81,183.27,Completed,
T01054,D0229,R01391,Mumbai,Powai,Worli,2023-10-05 11:11:00,2023-10-05 11:23:00,2023-10-05 12:00:00,7.39,268.9,Completed,
T01055,D0065,R01161,Bangalore,Whitefield,Electronic City,2023-10-10 01:54:00,2023-10-10 01:58:00,2023-10-10 02:27:00,5.31,186.74,Completed,
T01056,D0201,R01422,Bangalore,HSR,Electronic City,2023-10-18 02:39:00,,,6.48,227.47,Cancelled,Other
T01057,D0120,R01145,Delhi,Connaught Place,Saket,2023-10-17 06:32:00,2023-10-17 06:42:00,2023-10-17 06:53:00,0.5,73.56,Completed,
T01058,D0158,R00261,Bangalore,Electronic City,Electronic City,2023-10-07 09:33:00,,,9.7,252.72,Cancelled,System
T01059,D0014,R01654,Delhi,Gurgaon,Saket,2023-10-14 08:24:00,2023-10-14 08:27:00,2023-10-14 09:06:00,5.33,206.77,Completed,
T01060,D0015,R01684,Bangalore,HSR,Electronic City,2023-10-04 20:28:00,2023-10-04 20:40:00,2023-10-04 20:56:00,10.4,318.28,Completed,
T01061,D0222,R00109,Mumbai,Bandra,Worli,2023-10-16 01:52:00,2023-10-16 02:06:00,2023-10-16 03:01:00,8.14,214.81,Completed,
T01062,D0190,R00617,Bangalore,HSR,Koramangala,2023-10-26 13:54:00,,,14.06,501.77,Cancelled,Rider
T01063,D0177,R00199,Mumbai,Bandra,Bandra,2023-10-29 09:12:00,2023-10-29 09:16:00,2023-10-29 09:59:00,10.6,335.01,Completed,
T01064,D0007,R00615,Bangalore,Whitefield,Whitefield,2023-10-22 13:27:00,,,7.23,244.13,Cancelled,Driver
T01065,D0216,R01760,Bangalore,Electronic City,Koramangala,2023-10-11 16:36:00,,,8.14,308.26,Cancelled,Other
T01066,D0163,R01048,Mumbai,Worli,Bandra,2023-10-07 15:44:00,2023-10-07 15:50:00,2023-10-07 16:10:00,12.66,441.53,Completed,
T01067,D0075,R00564,Mumbai,Dadar,Dadar,2023-10-22 20:47:00,2023-10-22 20:55:00,2023-10-22 21:47:00,12.81,420.41,Completed,
T01068,D0119,R01156,Delhi,Saket,Connaught Place,2023-10-05 21:14:00,2023-10-05 21:24:00,2023-10-05 21:41:00,7.65,254.57,Completed,
T01069,D0009,R00727,Delhi,Dwarka,Saket,2023-10-14 18:41:00,2023-10-14 18:44:00,2023-10-14 19:52:00,12.86,337.02,Completed,
T01070,D0071,R00715,Delhi,Gurgaon,Saket,2023-10-21 20:38:00,2023-10-21 20:49:00,2023-10-21 21:12:00,11.07,380.51,Completed,
T01071,D0045,R01465,Delhi,Dwarka,Rohini,2023-10-03 20:33:00,2023-10-03 20:41:00,2023-10-03 21:20:00,4.69,201.23,Completed,
T01072,D0237,R01241,Delhi,Dwarka,Gurgaon,2023-10-14 18:52:00,2023-10-14 19:01:00,2023-10-14 19:41:00,13.48,357.98,Completed,
T01073,D0199,R00713,Delhi,Gurgaon,Gurgaon,2023-10-24 01:45:00,2023-10-24 01:57:00,2023-10-24 02:44:00,8.14,313.78,Completed,
T01074,D0012,R01023,Mumbai,Dadar,Powai,2023-10-04 01:48:00,2023-10-04 02:01:00,2023-10-04 02:17:00,8.19,241.1,Completed,
T01075,D0027,R00132,Bangalore,Koramangala,Electronic City,2023-10-11 18:26:00,,,12.38,462.38,Cancelled,Other
T01076,D0010,R00357,Mumbai,Powai,Andheri,2023-10-06 05:02:00,,,14.59,468.55,Cancelled,Driver
T01077,D0097,R01006,Delhi,Saket,Rohini,2023-10-21 10:59:00,2023-10-21 11:05:00,2023-10-21 11:31:00,5.18,169.42,Completed,
T01078,D0190,R01193,Bangalore,Koramangala,Koramangala,2023-10-10 03:45:00,2023-10-10 03:51:00,2023-10-10 04:06:00,11.34,267.55,Completed,
T01079,D0208,R01771,Bangalore,Koramangala,HSR,2023-10-02 12:18:00,2023-10-02 12:30:00,2023-10-02 13:14:00,15.4,448.5,Completed,
T01080,D0136,R00722,Bangalore,HSR,Electronic City,2023-10-30 05:29:00,2023-10-30 05:39:00,2023-10-30 06:21:00,11.07,286.74,Completed,
T01081,D0206,R00161,Delhi,Dwarka,Gurgaon,2023-10-07 06:35:00,2023-10-07 06:39:00,2023-10-07 07:25:00,5.01,193.81,Completed,
T01082,D0031,R01683,Mumbai,Powai,Powai,2023-10-05 14:13:00,2023-10-05 14:16:00,2023-10-05 14:40:00,13.23,411.73,Completed,
T01083,D0018,R01748,Mumbai,Worli,Worli,2023-10-17 06:55:00,,,10.3,345.93,Cancelled,Rider
T01084,D0103,R00539,Delhi,Connaught Place,Connaught Place,2023-10-15 05:02:00,2023-10-15 05:14:00,2023-10-15 05:54:00,0.5,71.3,Completed,
T01085,D0067,R01673,Mumbai,Powai,Andheri,2023-10-20 04:17:00,2023-10-20 04:23:00,2023-10-20 05:08:00,9.57,290.58,Completed,
T01086,D0019,R00073,Bangalore,HSR,Koramangala,2023-10-23 11:05:00,2023-10-23 11:20:00,2023-10-23 12:21:00,3.45,138.85,Completed,
T01087,D0190,R01482,Mumbai,Andheri,Andheri,2023-10-28 05:20:00,2023-10-28 05:25:00,2023-10-28 05:52:00,12.93,415.01,Completed,
T01088,D0130,R01795,Bangalore,Indiranagar,Koramangala,2023-10-23 14:24:00,2023-10-23 14:39:00,2023-10-23 15:43:00,5.81,226.65,Completed,
T01089,D0199,R01401,Bangalore,Koramangala,Electronic City,2023-10-02 04:47:00,2023-10-02 04:56:00,2023-10-02 05:49:00,10.32,371.3,Completed,
T01090,D0100,R00283,Mumbai,Andheri,Dadar,2023-10-03 08:57:00,2023-10-03 09:06:00,2023-10-03 09:51:00,7.08,208.73,Completed,
T01091,D0232,R00476,Bangalore,Koramangala,Electronic City,2023-10-29 00:27:00,2023-10-29 00:30:00,2023-10-29 00:55:00,9.99,349.9,Completed,
T01092,D0106,R01643,Bangalore,Koramangala,Indiranagar,2023-10-11 08:04:00,2023-10-11 08:16:00,2023-10-11 08:28:00,13.92,344.2,Completed,
T01093,D0015,R01342,Bangalore,Indiranagar,HSR,2023-10-04 11:40:00,2023-10-04 11:48:00,2023-10-04 12:36:00,9.01,295.02,Completed,
T01094,D0102,R01114,Bangalore,Indiranagar,Whitefield,2023-10-28 14:02:00,2023-10-28 14:09:00,2023-10-28 15:19:00,9.65,311.98,Completed,
T01095,D0230,R01598,Delhi,Gurgaon,Rohini,2023-10-17 05:53:00,,,9.67,361.82,Cancelled,System
T01096,D0135,R00111,Delhi,Rohini,Saket,2023-10-12 02:44:00,,,6.41,249.32,Cancelled,Driver
T01097,D0125,R00625,Delhi,Gurgaon,Dwarka,2023-10-29 07:14:00,2023-10-29 07:25:00,2023-10-29 07:49:00,9.13,307.25,Completed,
T01098,D0186,R01332,Bangalore,Whitefield,Koramangala,2023-10-17 22:44:00,2023-10-17 22:58:00,2023-10-17 23:36:00,15.44,578.74,Completed,
T01099,D0215,R00572,Bangalore,Electronic City,Whitefield,2023-10-23 16:56:00,2023-10-23 17:00:00,2023-10-23 17:13:00,7.81,285.54,Completed,
T01100,D0221,R01352,Mumbai,Dadar,Worli,2023-10-01 20:35:00,2023-10-01 20:44:00,2023-10-01 21:05:00,5.82,211.22,Completed,
T01101,D0009,R00689,Bangalore,HSR,Electronic City,2023-10-14 21:18:00,2023-10-14 21:30:00,2023-10-14 22:28:00,7.97,265.23,Completed,
T01102,D0088,R01507,Bangalore,Koramangala,Koramangala,2023-10-02 05:52:00,2023-10-02 06:07:00,2023-10-02 07:03:00,2.71,112.73,Completed,
T01103,D0244,R00869,Delhi,Gurgaon,Gurgaon,2023-10-18 15:55:00,2023-10-18 16:06:00,2023-10-18 16:45:00,5.04,150.14,Completed,
T01104,D0042,R00271,Delhi,Connaught Place,Rohini,2023-10-12 20:05:00,,,0.5,73.78,Cancelled,Rider
T01105,D0022,R00080,Delhi,Gurgaon,Rohini,2023-10-13 11:42:00,,,8.95,254.04,Cancelled,Other
T01106,D0169,R00629,Mumbai,Worli,Powai,2023-10-13 05:32:00,2023-10-13 05:35:00,2023-10-13 05:52:00,4.57,148.49,Completed,
T01107,D0114,R01307,Mumbai,Worli,Bandra,2023-10-09 03:16:00,2023-10-09 03:24:00,2023-10-09 04:04:00,4.33,175.41,Completed,
T01108,D0149,R00132,Mumbai,Dadar,Bandra,2023-10-03 15:59:00,,,7.59,290.86,Cancelled,System
T01109,D0067,R01785,Mumbai,Worli,Andheri,2023-10-13 13:37:00,,,12.43,421.04,Cancelled,Rider
T01110,D0168,R00086,Bangalore,Electronic City,Indiranagar,2023-10-06 05:00:00,2023-10-06 05:12:00,2023-10-06 05:42:00,5.32,154.29,Completed,
T01111,D0250,R01472,Bangalore,Koramangala,Electronic City,2023-10-12 18:57:00,2023-10-12 19:05:00,2023-10-12 19:49:00,5.07,150.7,Completed,
T01112,D0028,R00668,Bangalore,Electronic City,HSR,2023-10-16 21:59:00,2023-10-16 22:05:00,2023-10-16 22:28:00,4.01,166.88,Completed,
T01113,D0019,R01615,Delhi,Rohini,Rohini,2023-10-19 22:20:00,2023-10-19 22:28:00,2023-10-19 23:16:00,10.08,296.24,Completed,
T01114,D0096,R00092,Mumbai,Powai,Bandra,2023-10-30 16:08:00,2023-10-30 16:13:00,2023-10-30 16:46:00,14.0,397.06,Completed,
T01115,D0028,R01041,Delhi,Gurgaon,Rohini,2023-10-02 03:53:00,2023-10-02 04:08:00,2023-10-02 05:05:00,10.21,269.62,Completed,
T01116,D0213,R00161,Bangalore,Koramangala,Indiranagar,2023-10-18 05:47:00,2023-10-18 06:02:00,2023-10-18 06:53:00,7.24,227.22,Completed,
T01117,D0148,R01800,Delhi,Gurgaon,Connaught Place,2023-10-23 21:57:00,2023-10-23 22:01:00,2023-10-23 23:05:00,8.0,220.38,Completed,
T01118,D0169,R00500,Delhi,Rohini,Dwarka,2023-10-22 11:54:00,2023-10-22 12:06:00,2023-10-22 12:34:00,5.55,205.12,Completed,
T01119,D0117,R00840,Mumbai,Powai,Andheri,2023-10-11 12:11:00,2023-10-11 12:21:00,2023-10-11 13:17:00,14.56,408.55,Completed,
T01120,D0130,R01611,Mumbai,Dadar,Bandra,2023-10-26 12:10:00,2023-10-26 12:16:00,2023-10-26 12:54:00,5.52,217.34,Completed,
T01121,D0237,R00283,Delhi,Gurgaon,Rohini,2023-10-06 16:50:00,2023-10-06 17:02:00,2023-10-06 17:54:00,9.18,252.44,Completed,
T01122,D0081,R01013,Mumbai,Bandra,Bandra,2023-10-16 13:05:00,2023-10-16 13:10:00,2023-10-16 13:56:00,4.52,184.66,Completed,
T01123,D0043,R00207,Mumbai,Bandra,Andheri,2023-10-01 16:56:00,2023-10-01 17:06:00,2023-10-01 18:03:00,8.07,302.66,Completed,
T01124,D0177,R00795,Mumbai,Dadar,Powai,2023-10-02 02:08:00,2023-10-02 02:19:00,2023-10-02 03:27:00,12.81,407.54,Completed,
T01125,D0179,R01247,Bangalore,Electronic City,Koramangala,2023-10-19 07:26:00,2023-10-19 07:34:00,2023-10-19 08:21:00,8.02,244.81,Completed,
T01126,D0019,R00922,Delhi,Saket,Rohini,2023-10-03 01:24:00,2023-10-03 01:33:00,2023-10-03 02:23:00,5.82,225.58,Completed,
T01127,D0188,R00312,Mumbai,Andheri,Worli,2023-10-07 03:01:00,2023-10-07 03:12:00,2023-10-07 03:27:00,9.39,211.5,Completed,
T01128,D0173,R01205,Delhi,Rohini,Connaught Place,2023-10-17 20:00:00,2023-10-17 20:11:00,2023-10-17 21:07:00,5.38,210.4,Completed,
T01129,D0127,R01729,Bangalore,Whitefield,HSR,2023-10-14 12:47:00,2023-10-14 12:59:00,2023-10-14 13:41:00,0.65,74.07,Completed,
T01130,D0082,R01498,Mumbai,Bandra,Dadar,2023-10-18 11:30:00,2023-10-18 11:44:00,2023-10-18 12:50:00,9.62,297.26,Completed,
T01131,D0148,R00243,Delhi,Rohini,Rohini,2023-10-13 15:55:00,,,7.05,260.2,Cancelled,Rider
T01132,D0058,R00475,Mumbai,Powai,Bandra,2023-10-20 23:24:00,,,6.36,274.2,Cancelled,Driver
T01133,D0142,R01106,Bangalore,Electronic City,Indiranagar,2023-10-10 09:55:00,,,8.53,265.22,Cancelled,Driver
T01134,D0214,R01500,Bangalore,Whitefield,Electronic City,2023-10-23 05:25:00,2023-10-23 05:37:00,2023-10-23 06:14:00,6.28,231.94,Completed,
T01135,D0076,R00911,Bangalore,Whitefield,Whitefield,2023-10-21 15:43:00,,,6.61,167.27,Cancelled,Driver
T01136,D0222,R00162,Mumbai,Bandra,Andheri,2023-10-04 22:52:00,2023-10-04 23:00:00,2023-10-05 00:01:00,7.44,289.53,Completed,
T01137,D0130,R00152,Mumbai,Powai,Andheri,2023-10-08 03:11:00,2023-10-08 03:24:00,2023-10-08 04:23:00,2.25,120.48,Completed,
T01138,D0239,R01716,Mumbai,Andheri,Andheri,2023-10-05 13:42:00,2023-10-05 13:53:00,2023-10-05 14:45:00,5.92,205.95,Completed,
T01139,D0151,R00311,Bangalore,Whitefield,Indiranagar,2023-10-07 05:30:00,2023-10-07 05:37:00,2023-10-07 06:17:00,14.11,383.24,Completed,
T01140,D0073,R01482,Delhi,Dwarka,Connaught Place,2023-10-23 14:33:00,2023-10-23 14:44:00,2023-10-23 15:48:00,7.36,234.49,Completed,
T01141,D0126,R00539,Mumbai,Worli,Dadar,2023-10-04 01:28:00,2023-10-04 01:37:00,2023-10-04 02:31:00,9.15,310.9,Completed,
T01142,D0061,R00615,Delhi,Dwarka,Rohini,2023-10-27 13:46:00,2023-10-27 13:51:00,2023-10-27 14:57:00,2.68,128.55,Completed,
T01143,D0126,R00198,Delhi,Dwarka,Connaught Place,2023-10-23 01:48:00,2023-10-23 01:58:00,2023-10-23 02:26:00,5.57,212.37,Completed,
T01144,D0249,R00654,Mumbai,Andheri,Powai,2023-10-20 02:18:00,2023-10-20 02:23:00,2023-10-20 03:02:00,8.57,310.3,Completed,
T01145,D0181,R00844,Delhi,Dwarka,Connaught Place,2023-10-19 02:49:00,2023-10-19 02:59:00,2023-10-19 03:47:00,14.15,340.64,Completed,
T01146,D0130,R00662,Mumbai,Powai,Powai,2023-10-13 04:38:00,2023-10-13 04:49:00,2023-10-13 05:48:00,10.93,297.14,Completed,
T01147,D0208,R01492,Mumbai,Bandra,Powai,2023-10-18 19:29:00,2023-10-18 19:36:00,2023-10-18 20:17:00,1.4,102.35,Completed,
T01148,D0079,R01597,Delhi,Connaught Place,Gurgaon,2023-10-03 01:50:00,2023-10-03 02:01:00,2023-10-03 02:24:00,9.96,389.03,Completed,
T01149,D0034,R00185,Delhi,Rohini,Rohini,2023-10-16 00:06:00,2023-10-16 00:21:00,2023-10-16 00:55:00,14.85,443.12,Completed,
T01150,D0168,R01098,Delhi,Saket,Dwarka,2023-10-03 21:19:00,2023-10-03 21:24:00,2023-10-03 22:27:00,9.72,349.67,Completed,
T01151,D0234,R00028,Mumbai,Andheri,Andheri,2023-10-08 08:17:00,2023-10-08 08:23:00,2023-10-08 09:33:00,4.16,174.93,Completed,
T01152,D0129,R00472,Delhi,Dwarka,Connaught Place,2023-10-05 15:58:00,2023-10-05 16:05:00,2023-10-05 16:16:00,6.17,215.62,Completed,
T01153,D0209,R00553,Mumbai,Andheri,Andheri,2023-10-06 15:03:00,2023-10-06 15:17:00,2023-10-06 16:23:00,7.31,229.91,Completed,
T01154,D0185,R01110,Bangalore,Electronic City,Indiranagar,2023-10-23 23:03:00,2023-10-23 23:17:00,2023-10-24 00:20:00,8.41,263.5,Completed,
T01155,D0203,R00871,Bangalore,Electronic City,Koramangala,2023-10-27 18:27:00,2023-10-27 18:42:00,2023-10-27 19:12:00,12.38,284.0,Completed,
T01156,D0118,R00597,Mumbai,Dadar,Andheri,2023-10-13 11:20:00,2023-10-13 11:30:00,2023-10-13 12:04:00,7.98,305.95,Completed,
T01157,D0144,R00784,Bangalore,Koramangala,Whitefield,2023-10-19 11:49:00,2023-10-19 12:00:00,2023-10-19 12:25:00,7.16,282.58,Completed,
T01158,D0244,R00051,Delhi,Saket,Dwarka,2023-10-18 21:57:00,2023-10-18 22:03:00,2023-10-18 22:49:00,6.67,223.06,Completed,
T01159,D0123,R00172,Mumbai,Andheri,Worli,2023-10-17 19:56:00,2023-10-17 20:11:00,2023-10-17 21:01:00,6.26,198.9,Completed,
T01160,D0222,R01263,Bangalore,Whitefield,Electronic City,2023-10-10 10:50:00,,,7.11,231.16,Cancelled,Other
T01161,D0195,R00692,Delhi,Dwarka,Connaught Place,2023-10-26 18:55:00,2023-10-26 19:02:00,2023-10-26 19:59:00,8.83,253.99,Completed,
T01162,D0154,R01628,Mumbai,Dadar,Worli,2023-10-26 17:28:00,2023-10-26 17:43:00,2023-10-26 18:28:00,14.62,428.63,Completed,
T01163,D0246,R01759,Mumbai,Andheri,Andheri,2023-10-15 05:53:00,2023-10-15 06:04:00,2023-10-15 06:49:00,5.76,236.57,Completed,
T01164,D0097,R00405,Mumbai,Dadar,Andheri,2023-10-04 12:39:00,2023-10-04 12:43:00,2023-10-04 13:03:00,13.33,398.77,Completed,
T01165,D0127,R01121,Bangalore,Whitefield,Whitefield,2023-10-20 07:19:00,2023-10-20 07:33:00,2023-10-20 08:38:00,10.02,266.74,Completed,
T01166,D0031,R01071,Bangalore,HSR,Electronic City,2023-10-14 12:07:00,2023-10-14 12:20:00,2023-10-14 12:47:00,6.02,262.8,Completed,
T01167,D0167,R01464,Mumbai,Powai,Worli,2023-10-26 15:49:00,2023-10-26 16:04:00,2023-10-26 16:53:00,6.98,275.59,Completed,
T01168,D0121,R00278,Delhi,Dwarka,Gurgaon,2023-10-12 10:25:00,2023-10-12 10:39:00,2023-10-12 11:43:00,16.93,422.78,Completed,
T01169,D0003,R01437,Delhi,Dwarka,Dwarka,2023-10-22 13:35:00,2023-10-22 13:38:00,2023-10-22 14:07:00,10.44,363.51,Completed,
T01170,D0138,R00137,Delhi,Rohini,Gurgaon,2023-10-05 06:30:00,2023-10-05 06:42:00,2023-10-05 07:02:00,13.14,429.77,Completed,
T01171,D0161,R01494,Bangalore,HSR,HSR,2023-10-16 16:47:00,2023-10-16 16:56:00,2023-10-16 17:43:00,9.65,330.79,Completed,
T01172,D0240,R00313,Delhi,Connaught Place,Dwarka,2023-10-19 08:28:00,2023-10-19 08:32:00,2023-10-19 09:19:00,2.82,126.28,Completed,
T01173,D0068,R00785,Mumbai,Powai,Worli,2023-10-09 02:46:00,2023-10-09 02:59:00,2023-10-09 03:58:00,11.9,398.85,Completed,
T01174,D0071,R00429,Delhi,Dwarka,Connaught Place,2023-10-28 12:34:00,,,8.06,217.04,Cancelled,Other
T01175,D0024,R01792,Bangalore,Koramangala,HSR,2023-10-10 20:24:00,,,6.83,220.71,Cancelled,Other
T01176,D0036,R01025,Bangalore,Koramangala,Indiranagar,2023-10-03 09:00:00,2023-10-03 09:08:00,2023-10-03 09:37:00,3.01,141.84,Completed,
T01177,D0097,R01087,Delhi,Connaught Place,Gurgaon,2023-10-18 21:31:00,2023-10-18 21:42:00,2023-10-18 22:12:00,7.48,220.03,Completed,
T01178,D0243,R00905,Bangalore,Whitefield,HSR,2023-10-08 13:26:00,2023-10-08 13:35:00,2023-10-08 14:20:00,8.11,280.49,Completed,
T01179,D0143,R01752,Delhi,Saket,Rohini,2023-10-06 11:20:00,,,7.05,221.83,Cancelled,System
T01180,D0055,R00767,Delhi,Dwarka,Connaught Place,2023-10-20 07:12:00,2023-10-20 07:18:00,2023-10-20 07:52:00,14.92,338.79,Completed,
T01181,D0093,R00756,Bangalore,HSR,Electronic City,2023-10-21 02:52:00,2023-10-21 02:56:00,2023-10-21 04:04:00,11.95,360.2,Completed,
T01182,D0070,R01443,Bangalore,HSR,HSR,2023-10-28 14:45:00,2023-10-28 14:48:00,2023-10-28 15:42:00,7.79,289.88,Completed,
T01183,D0249,R01295,Delhi,Saket,Saket,2023-10-03 14:30:00,2023-10-03 14:40:00,2023-10-03 15:28:00,14.75,446.59,Completed,
T01184,D0192,R00757,Bangalore,Koramangala,Electronic City,2023-10-22 13:07:00,,,8.53,211.32,Cancelled,Driver
T01185,D0181,R01733,Delhi,Connaught Place,Connaught Place,2023-10-07 23:19:00,2023-10-07 23:28:00,2023-10-08 00:31:00,9.96,293.65,Completed,
T01186,D0182,R01258,Mumbai,Andheri,Powai,2023-10-30 00:17:00,2023-10-30 00:23:00,2023-10-30 01:14:00,12.6,411.31,Completed,
T01187,D0230,R00030,Delhi,Saket,Saket,2023-10-15 09:40:00,2023-10-15 09:48:00,2023-10-15 10:31:00,12.91,344.42,Completed,
T01188,D0017,R00354,Delhi,Saket,Connaught Place,2023-10-03 19:09:00,2023-10-03 19:16:00,2023-10-03 19:31:00,8.66,256.98,Completed,
T01189,D0051,R00561,Mumbai,Worli,Powai,2023-10-28 16:40:00,2023-10-28 16:43:00,2023-10-28 17:12:00,3.72,164.41,Completed,
T01190,D0120,R00239,Bangalore,Koramangala,Indiranagar,2023-10-16 12:57:00,2023-10-16 13:07:00,2023-10-16 13:22:00,6.79,196.63,Completed,
T01191,D0048,R00022,Delhi,Dwarka,Rohini,2023-10-04 22:23:00,2023-10-04 22:28:00,2023-10-04 23:28:00,7.94,253.93,Completed,
T01192,D0225,R01771,Mumbai,Bandra,Bandra,2023-10-04 16:46:00,2023-10-04 16:59:00,2023-10-04 18:09:00,8.66,342.5,Completed,
T01193,D0098,R00463,Mumbai,Bandra,Powai,2023-10-03 10:15:00,2023-10-03 10:23:00,2023-10-03 10:59:00,9.46,315.22,Completed,
T01194,D0076,R00745,Bangalore,HSR,Electronic City,2023-10-09 01:27:00,2023-10-09 01:35:00,2023-10-09 02:22:00,6.86,235.98,Completed,
T01195,D0176,R00319,Mumbai,Worli,Worli,2023-10-29 17:14:00,,,15.89,484.84,Cancelled,Other
T01196,D0089,R01032,Bangalore,Electronic City,HSR,2023-10-20 17:53:00,2023-10-20 18:01:00,2023-10-20 18:55:00,7.13,216.82,Completed,
T01197,D0198,R01349,Bangalore,Indiranagar,Whitefield,2023-10-24 08:37:00,2023-10-24 08:41:00,2023-10-24 09:24:00,9.12,315.8,Completed,
T01198,D0151,R01437,Bangalore,Koramangala,HSR,2023-10-22 06:21:00,2023-10-22 06:24:00,2023-10-22 06:54:00,3.1,130.41,Completed,
T01199,D0108,R00734,Bangalore,HSR,Indiranagar,2023-10-08 05:23:00,2023-10-08 05:28:00,2023-10-08 06:36:00,4.02,190.21,Completed,
T01200,D0048,R01423,Mumbai,Dadar,Dadar,2023-10-25 21:13:00,2023-10-25 21:25:00,2023-10-25 22:11:00,3.36,150.96,Completed,
T01201,D0065,R00083,Mumbai,Bandra,Worli,2023-10-12 02:03:00,2023-10-12 02:12:00,2023-10-12 02:41:00,4.8,166.94,Completed,
T01202,D0110,R01049,Bangalore,Indiranagar,HSR,2023-10-20 03:49:00,2023-10-20 03:52:00,2023-10-20 04:12:00,12.38,355.21,Completed,
T01203,D0051,R01615,Delhi,Connaught Place,Connaught Place,2023-10-24 20:26:00,,,6.5,216.59,Cancelled,System
T01204,D0206,R00411,Mumbai,Bandra,Powai,2023-10-07 10:30:00,2023-10-07 10:43:00,2023-10-07 11:02:00,4.97,197.68,Completed,
T01205,D0048,R01403,Mumbai,Worli,Powai,2023-10-04 15:47:00,2023-10-04 15:53:00,2023-10-04 16:12:00,9.0,299.98,Completed,
T01206,D0041,R00968,Bangalore,Whitefield,Whitefield,2023-10-22 17:23:00,2023-10-22 17:37:00,2023-10-22 18:00:00,2.51,125.54,Completed,
T01207,D0196,R00819,Delhi,Rohini,Rohini,2023-10-12 01:08:00,,,5.84,219.28,Cancelled,Rider
T01208,D0153,R00056,Delhi,Dwarka,Gurgaon,2023-10-20 07:46:00,2023-10-20 08:00:00,2023-10-20 08:47:00,12.67,402.28,Completed,
T01209,D0095,R00816,Bangalore,Koramangala,Indiranagar,2023-10-11 16:51:00,2023-10-11 17:03:00,2023-10-11 18:01:00,8.27,266.73,Completed,
T01210,D0049,R00369,Bangalore,Whitefield,Indiranagar,2023-10-23 18:04:00,2023-10-23 18:13:00,2023-10-23 19:04:00,7.93,271.51,Completed,
T01211,D0100,R00335,Mumbai,Dadar,Worli,2023-10-15 03:47:00,2023-10-15 03:56:00,2023-10-15 04:17:00,5.41,197.29,Completed,
T01212,D0207,R01653,Bangalore,Koramangala,Indiranagar,2023-10-22 03:49:00,2023-10-22 03:58:00,2023-10-22 04:59:00,7.78,241.25,Completed,
T01213,D0148,R00823,Mumbai,Dadar,Andheri,2023-10-06 20:37:00,2023-10-06 20:50:00,2023-10-06 21:42:00,8.26,261.85,Completed,
T01214,D0067,R00764,Mumbai,Dadar,Powai,2023-10-20 08:11:00,2023-10-20 08:21:00,2023-10-20 09:03:00,13.91,474.96,Completed,
T01215,D0029,R01382,Delhi,Connaught Place,Dwarka,2023-10-17 14:31:00,2023-10-17 14:40:00,2023-10-17 15:45:00,13.39,386.78,Completed,
T01216,D0243,R00891,Bangalore,Koramangala,Whitefield,2023-10-16 08:13:00,,,6.26,207.58,Cancelled,Other
T01217,D0032,R00517,Mumbai,Dadar,Powai,2023-10-02 19:31:00,,,7.26,243.8,Cancelled,System
T01218,D0197,R00036,Delhi,Saket,Rohini,2023-10-14 11:28:00,2023-10-14 11:36:00,2023-10-14 12:12:00,6.08,207.95,Completed,
T01219,D0010,R00510,Mumbai,Bandra,Andheri,2023-10-29 22:39:00,2023-10-29 22:53:00,2023-10-29 23:28:00,7.82,262.18,Completed,
T01220,D0033,R00939,Delhi,Gurgaon,Dwarka,2023-10-05 07:17:00,2023-10-05 07:24:00,2023-10-05 07:56:00,5.65,183.45,Completed,
T01221,D0146,R01483,Delhi,Connaught Place,Saket,2023-10-24 19:51:00,2023-10-24 19:56:00,2023-10-24 20:44:00,11.93,379.57,Completed,
T01222,D0087,R00377,Delhi,Rohini,Connaught Place,2023-10-04 14:01:00,,,8.48,236.45,Cancelled,Driver
T01223,D0204,R01750,Mumbai,Bandra,Andheri,2023-10-06 07:10:00,2023-10-06 07:21:00,2023-10-06 08:05:00,8.27,294.8,Completed,
T01224,D0122,R00381,Mumbai,Powai,Worli,2023-10-27 02:14:00,2023-10-27 02:28:00,2023-10-27 03:27:00,11.45,331.77,Completed,
T01225,D0155,R00425,Delhi,Connaught Place,Saket,2023-10-03 01:57:00,2023-10-03 02:00:00,2023-10-03 02:36:00,9.87,336.11,Completed,
T01226,D0071,R00454,Delhi,Dwarka,Connaught Place,2023-10-06 21:44:00,2023-10-06 21:52:00,2023-10-06 22:08:00,0.5,69.32,Completed,
T01227,D0057,R00862,Delhi,Gurgaon,Rohini,2023-10-15 18:33:00,2023-10-15 18:43:00,2023-10-15 19:30:00,7.01,278.25,Completed,
T01228,D0122,R01685,Delhi,Saket,Dwarka,2023-10-18 16:56:00,,,12.14,367.0,Cancelled,System
T01229,D0054,R01354,Mumbai,Worli,Andheri,2023-10-23 17:00:00,2023-10-23 17:09:00,2023-10-23 17:21:00,10.42,356.82,Completed,
T01230,D0144,R00623,Delhi,Rohini,Rohini,2023-10-23 03:25:00,,,14.26,463.73,Cancelled,System
T01231,D0008,R00851,Mumbai,Andheri,Powai,2023-10-22 06:30:00,2023-10-22 06:42:00,2023-10-22 07:19:00,3.68,141.52,Completed,
T01232,D0061,R00811,Delhi,Dwarka,Dwarka,2023-10-23 08:02:00,2023-10-23 08:06:00,2023-10-23 08:22:00,4.71,173.45,Completed,
T01233,D0075,R01127,Bangalore,Whitefield,HSR,2023-10-26 23:24:00,2023-10-26 23:38:00,2023-10-27 00:13:00,12.25,437.73,Completed,
T01234,D0231,R01407,Bangalore,HSR,Electronic City,2023-10-20 00:45:00,2023-10-20 00:49:00,2023-10-20 01:41:00,6.89,255.98,Completed,
T01235,D0101,R00921,Delhi,Dwarka,Dwarka,2023-10-25 05:38:00,2023-10-25 05:45:00,2023-10-25 06:47:00,2.96,145.3,Completed,
T01236,D0001,R00202,Mumbai,Dadar,Worli,2023-10-14 03:01:00,2023-10-14 03:06:00,2023-10-14 03:59:00,6.25,240.37,Completed,
T01237,D0250,R01249,Delhi,Gurgaon,Gurgaon,2023-10-20 00:40:00,2023-10-20 00:46:00,2023-10-20 01:04:00,8.86,289.48,Completed,
T01238,D0147,R01166,Bangalore,Whitefield,Koramangala,2023-10-28 06:53:00,2023-10-28 06:59:00,2023-10-28 07:19:00,11.84,341.9,Completed,
T01239,D0191,R00396,Mumbai,Bandra,Dadar,2023-10-02 00:48:00,2023-10-02 00:59:00,2023-10-02 02:04:00,9.49,260.73,Completed,
T01240,D0045,R00133,Mumbai,Andheri,Bandra,2023-10-11 21:23:00,2023-10-11 21:28:00,2023-10-11 21:56:00,7.88,236.53,Completed,
T01241,D0118,R00945,Delhi,Gurgaon,Connaught Place,2023-10-21 23:43:00,2023-10-21 23:58:00,2023-10-22 00:19:00,0.5,68.84,Completed,
T01242,D0224,R00015,Delhi,Connaught Place,Saket,2023-10-16 01:49:00,,,10.9,373.38,Cancelled,Driver
T01243,D0221,R00248,Delhi,Gurgaon,Gurgaon,2023-10-22 09:35:00,2023-10-22 09:49:00,2023-10-22 10:33:00,10.57,220.24,Completed,
T01244,D0113,R01685,Delhi,Connaught Place,Rohini,2023-10-02 01:54:00,2023-10-02 02:03:00,2023-10-02 03:06:00,8.0,233.66,Completed,
T01245,D0162,R00538,Mumbai,Worli,Andheri,2023-10-24 06:45:00,2023-10-24 06:50:00,2023-10-24 07:54:00,6.65,232.19,Completed,
T01246,D0094,R00431,Delhi,Rohini,Connaught Place,2023-10-08 16:32:00,2023-10-08 16:47:00,2023-10-08 17:27:00,3.77,182.4,Completed,
T01247,D0178,R00533,Mumbai,Powai,Powai,2023-10-30 05:16:00,2023-10-30 05:22:00,2023-10-30 06:20:00,12.25,332.52,Completed,
T01248,D0085,R01560,Delhi,Dwarka,Dwarka,2023-10-21 05:42:00,2023-10-21 05:54:00,2023-10-21 06:06:00,6.88,198.11,Completed,
T01249,D0007,R01467,Delhi,Dwarka,Gurgaon,2023-10-14 03:02:00,2023-10-14 03:09:00,2023-10-14 03:38:00,5.89,223.47,Completed,
T01250,D0122,R00264,Delhi,Dwarka,Gurgaon,2023-10-14 20:51:00,2023-10-14 21:06:00,2023-10-14 22:00:00,7.43,230.5,Completed,
T01251,D0066,R01197,Mumbai,Andheri,Powai,2023-10-18 11:40:00,2023-10-18 11:47:00,2023-10-18 12:06:00,11.22,345.92,Completed,
T01252,D0191,R00705,Mumbai,Bandra,Worli,2023-10-24 03:31:00,,,3.97,157.34,Cancelled,Rider
T01253,D0134,R01076,Delhi,Saket,Dwarka,2023-10-15 07:17:00,2023-10-15 07:22:00,2023-10-15 08:27:00,11.56,309.12,Completed,
T01254,D0004,R00308,Mumbai,Powai,Worli,2023-10-18 06:55:00,2023-10-18 07:01:00,2023-10-18 07:25:00,11.12,350.56,Completed,
T01255,D0167,R00025,Delhi,Gurgaon,Dwarka,2023-10-06 10:37:00,2023-10-06 10:50:00,2023-10-06 11:58:00,3.31,142.88,Completed,
T01256,D0094,R00138,Delhi,Rohini,Gurgaon,2023-10-10 05:13:00,2023-10-10 05:21:00,2023-10-10 06:03:00,7.03,243.39,Completed,
T01257,D0224,R00502,Delhi,Rohini,Dwarka,2023-10-25 11:20:00,2023-10-25 11:31:00,2023-10-25 11:56:00,9.79,264.07,Completed,
T01258,D0220,R00545,Delhi,Gurgaon,Rohini,2023-10-30 14:51:00,2023-10-30 14:54:00,2023-10-30 15:42:00,6.87,203.58,Completed,
T01259,D0188,R00125,Bangalore,Indiranagar,Indiranagar,2023-10-09 15:32:00,,,16.46,526.91,Cancelled,System
T01260,D0195,R00654,Bangalore,Koramangala,Indiranagar,2023-10-27 15:42:00,2023-10-27 15:57:00,2023-10-27 16:10:00,3.66,155.54,Completed,
T01261,D0114,R00998,Mumbai,Powai,Worli,2023-10-06 07:08:00,2023-10-06 07:14:00,2023-10-06 08:02:00,10.12,360.87,Completed,
T01262,D0111,R01207,Bangalore,Electronic City,Whitefield,2023-10-27 11:23:00,,,14.88,512.06,Cancelled,Rider
T01263,D0194,R00990,Bangalore,Electronic City,HSR,2023-10-12 10:58:00,2023-10-12 11:06:00,2023-10-12 11:48:00,7.77,297.77,Completed,
T01264,D0068,R01282,Delhi,Saket,Connaught Place,2023-10-14 15:17:00,,,8.52,300.35,Cancelled,System
T01265,D0002,R00135,Bangalore,Whitefield,HSR,2023-10-23 04:34:00,2023-10-23 04:39:00,2023-10-23 05:00:00,12.95,374.38,Completed,
T01266,D0088,R01563,Bangalore,Indiranagar,Indiranagar,2023-10-21 04:05:00,2023-10-21 04:20:00,2023-10-21 04:36:00,6.03,207.07,Completed,
T01267,D0079,R01249,Mumbai,Bandra,Worli,2023-10-23 20:04:00,2023-10-23 20:11:00,2023-10-23 21:20:00,6.67,224.39,Completed,
T01268,D0083,R01357,Delhi,Dwarka,Rohini,2023-10-08 00:51:00,2023-10-08 00:56:00,2023-10-08 01:45:00,9.22,226.1,Completed,
T01269,D0168,R00539,Delhi,Saket,Rohini,2023-10-22 13:29:00,2023-10-22 13:35:00,2023-10-22 14:44:00,2.92,142.38,Completed,
T01270,D0079,R00872,Mumbai,Worli,Dadar,2023-10-07 14:21:00,2023-10-07 14:31:00,2023-10-07 15:00:00,4.48,195.54,Completed,
T01271,D0196,R00936,Mumbai,Powai,Andheri,2023-10-01 06:11:00,,,12.36,386.26,Cancelled,Rider
T01272,D0054,R00876,Delhi,Saket,Rohini,2023-10-10 04:52:00,2023-10-10 04:55:00,2023-10-10 05:25:00,8.22,327.62,Completed,
T01273,D0190,R00153,Delhi,Dwarka,Dwarka,2023-10-26 11:38:00,2023-10-26 11:45:00,2023-10-26 12:01:00,9.53,342.24,Completed,
T01274,D0242,R01351,Mumbai,Dadar,Dadar,2023-10-22 19:56:00,2023-10-22 19:59:00,2023-10-22 20:58:00,0.5,73.5,Completed,
T01275,D0156,R01102,Bangalore,HSR,Whitefield,2023-10-13 17:59:00,2023-10-13 18:07:00,2023-10-13 18:34:00,9.77,309.09,Completed,
T01276,D0121,R00848,Mumbai,Bandra,Bandra,2023-10-06 01:16:00,2023-10-06 01:31:00,2023-10-06 02:27:00,8.5,242.38,Completed,
T01277,D0147,R01563,Delhi,Rohini,Gurgaon,2023-10-14 14:25:00,2023-10-14 14:37:00,2023-10-14 15:21:00,11.05,353.66,Completed,
T01278,D0177,R01457,Delhi,Rohini,Rohini,2023-10-14 06:18:00,2023-10-14 06:33:00,2023-10-14 07:27:00,8.71,264.8,Completed,
T01279,D0048,R01442,Mumbai,Powai,Powai,2023-10-10 18:37:00,2023-10-10 18:43:00,2023-10-10 19:36:00,9.03,319.67,Completed,
T01280,D0036,R00099,Delhi,Gurgaon,Connaught Place,2023-10-02 01:16:00,2023-10-02 01:26:00,2023-10-02 02:27:00,5.1,198.4,Completed,
T01281,D0005,R01619,Delhi,Gurgaon,Saket,2023-10-17 23:56:00,2023-10-18 00:11:00,2023-10-18 00:41:00,18.64,520.84,Completed,
T01282,D0086,R00231,Mumbai,Worli,Bandra,2023-10-27 03:51:00,2023-10-27 04:02:00,2023-10-27 05:01:00,8.0,218.89,Completed,
T01283,D0147,R01572,Delhi,Saket,Rohini,2023-10-04 23:49:00,,,0.5,68.49,Cancelled,Driver
T01284,D0228,R00373,Mumbai,Worli,Powai,2023-10-21 12:55:00,,,8.1,215.64,Cancelled,Driver
T01285,D0200,R01178,Mumbai,Powai,Andheri,2023-10-25 00:24:00,2023-10-25 00:27:00,2023-10-25 01:02:00,10.32,278.27,Completed,
T01286,D0005,R01382,Delhi,Rohini,Gurgaon,2023-10-18 17:55:00,2023-10-18 18:01:00,2023-10-18 18:48:00,7.5,262.89,Completed,
T01287,D0171,R01182,Mumbai,Bandra,Bandra,2023-10-30 17:55:00,2023-10-30 18:09:00,2023-10-30 19:14:00,12.46,269.23,Completed,
T01288,D0079,R00261,Bangalore,Electronic City,HSR,2023-10-10 09:09:00,2023-10-10 09:12:00,2023-10-10 10:11:00,13.86,418.84,Completed,
T01289,D0223,R00869,Bangalore,HSR,Indiranagar,2023-10-15 21:40:00,2023-10-15 21:47:00,2023-10-15 22:07:00,8.84,305.01,Completed,
T01290,D0007,R00910,Bangalore,Indiranagar,Whitefield,2023-10-17 04:07:00,2023-10-17 04:16:00,2023-10-17 04:27:00,11.96,328.44,Completed,
T01291,D0113,R00359,Bangalore,Electronic City,Electronic City,2023-10-21 08:02:00,2023-10-21 08:06:00,2023-10-21 08:21:00,9.58,335.55,Completed,
T01292,D0032,R00734,Delhi,Rohini,Saket,2023-10-24 12:09:00,2023-10-24 12:23:00,2023-10-24 13:11:00,10.89,432.48,Completed,
T01293,D0024,R00936,Bangalore,Koramangala,Koramangala,2023-10-10 13:44:00,2023-10-10 13:48:00,2023-10-10 14:58:00,6.54,238.99,Completed,
T01294,D0103,R01714,Mumbai,Andheri,Dadar,2023-10-20 02:46:00,,,11.56,374.71,Cancelled,System
T01295,D0059,R01794,Delhi,Saket,Connaught Place,2023-10-14 16:26:00,,,13.46,435.64,Cancelled,Other
T01296,D0230,R00263,Mumbai,Worli,Bandra,2023-10-30 11:05:00,2023-10-30 11:17:00,2023-10-30 11:27:00,10.42,344.9,Completed,
T01297,D0196,R00601,Bangalore,HSR,Electronic City,2023-10-22 09:09:00,2023-10-22 09:23:00,2023-10-22 10:15:00,6.24,206.26,Completed,
T01298,D0108,R01660,Mumbai,Bandra,Powai,2023-10-08 04:00:00,2023-10-08 04:14:00,2023-10-08 05:15:00,18.05,438.3,Completed,
T01299,D0008,R00658,Bangalore,Koramangala,Koramangala,2023-10-08 09:21:00,2023-10-08 09:28:00,2023-10-08 10:17:00,6.57,258.81,Completed,
T01300,D0228,R01105,Mumbai,Dadar,Worli,2023-10-02 07:07:00,2023-10-02 07:16:00,2023-10-02 07:28:00,8.29,248.82,Completed,
T01301,D0044,R00136,Delhi,Connaught Place,Saket,2023-10-24 21:39:00,2023-10-24 21:43:00,2023-10-24 22:19:00,16.99,498.34,Completed,
T01302,D0220,R00638,Mumbai,Dadar,Dadar,2023-10-19 21:22:00,,,1.16,92.35,Cancelled,Driver
T01303,D0083,R00979,Mumbai,Dadar,Worli,2023-10-06 20:01:00,2023-10-06 20:15:00,2023-10-06 20:31:00,4.84,200.96,Completed,
T01304,D0057,R01523,Bangalore,Koramangala,Whitefield,2023-10-06 17:26:00,2023-10-06 17:39:00,2023-10-06 17:54:00,9.26,272.19,Completed,
T01305,D0027,R01456,Mumbai,Dadar,Worli,2023-10-28 23:45:00,2023-10-28 23:52:00,2023-10-29 00:23:00,8.47,326.58,Completed,
T01306,D0148,R00865,Delhi,Rohini,Dwarka,2023-10-24 12:35:00,,,7.6,314.81,Cancelled,System
T01307,D0192,R00374,Delhi,Connaught Place,Dwarka,2023-10-02 13:22:00,,,7.56,255.27,Cancelled,Rider
T01308,D0214,R00991,Delhi,Rohini,Dwarka,2023-10-02 13:15:00,2023-10-02 13:27:00,2023-10-02 14:07:00,10.36,350.11,Completed,
T01309,D0104,R00242,Delhi,Rohini,Gurgaon,2023-10-27 06:27:00,2023-10-27 06:38:00,2023-10-27 07:16:00,9.72,355.87,Completed,
T01310,D0229,R00935,Mumbai,Andheri,Powai,2023-10-16 08:22:00,2023-10-16 08:37:00,2023-10-16 09:22:00,4.11,190.78,Completed,
T01311,D0017,R00194,Delhi,Dwarka,Saket,2023-10-12 23:07:00,2023-10-12 23:18:00,2023-10-12 23:36:00,7.69,255.36,Completed,
T01312,D0141,R01134,Bangalore,Koramangala,Electronic City,2023-10-06 11:22:00,2023-10-06 11:32:00,2023-10-06 12:09:00,11.09,366.48,Completed,
T01313,D0210,R01590,Bangalore,Koramangala,Indiranagar,2023-10-19 02:14:00,,,11.13,337.98,Cancelled,Rider
T01314,D0135,R01639,Delhi,Gurgaon,Rohini,2023-10-17 02:35:00,2023-10-17 02:46:00,2023-10-17 02:59:00,13.09,471.91,Completed,
T01315,D0178,R01394,Delhi,Dwarka,Gurgaon,2023-10-11 11:41:00,,,4.7,173.99,Cancelled,Driver
T01316,D0139,R00101,Bangalore,Whitefield,HSR,2023-10-07 22:04:00,,,2.4,107.93,Cancelled,System
T01317,D0249,R00615,Mumbai,Andheri,Andheri,2023-10-24 17:53:00,2023-10-24 18:07:00,2023-10-24 19:17:00,5.01,187.84,Completed,
T01318,D0172,R01547,Mumbai,Dadar,Bandra,2023-10-26 07:02:00,2023-10-26 07:06:00,2023-10-26 07:19:00,13.38,360.21,Completed,
T01319,D0211,R01611,Bangalore,Indiranagar,Whitefield,2023-10-22 21:18:00,2023-10-22 21:24:00,2023-10-22 21:59:00,19.28,505.16,Completed,
T01320,D0050,R00823,Mumbai,Andheri,Worli,2023-10-27 21:59:00,2023-10-27 22:06:00,2023-10-27 22:24:00,6.81,246.01,Completed,
T01321,D0053,R00241,Delhi,Gurgaon,Rohini,2023-10-07 21:51:00,2023-10-07 21:54:00,2023-10-07 22:44:00,5.33,161.42,Completed,
T01322,D0198,R00256,Delhi,Gurgaon,Gurgaon,2023-10-05 16:04:00,2023-10-05 16:11:00,2023-10-05 17:13:00,2.72,130.89,Completed,
T01323,D0019,R00084,Mumbai,Dadar,Powai,2023-10-07 23:51:00,,,8.67,221.43,Cancelled,System
T01324,D0120,R01554,Bangalore,HSR,Indiranagar,2023-10-29 12:44:00,2023-10-29 12:59:00,2023-10-29 13:40:00,11.58,413.0,Completed,
T01325,D0023,R00495,Delhi,Saket,Saket,2023-10-05 16:33:00,,,4.19,151.05,Cancelled,System
T01326,D0164,R00516,Mumbai,Worli,Powai,2023-10-03 13:52:00,2023-10-03 14:06:00,2023-10-03 14:33:00,9.46,224.34,Completed,
T01327,D0092,R01014,Mumbai,Bandra,Worli,2023-10-12 10:25:00,2023-10-12 10:31:00,2023-10-12 11:18:00,14.33,479.86,Completed,
T01328,D0027,R01243,Mumbai,Worli,Dadar,2023-10-13 02:16:00,,,10.63,282.1,Cancelled,Other
T01329,D0028,R00241,Bangalore,Indiranagar,HSR,2023-10-28 09:10:00,2023-10-28 09:22:00,2023-10-28 09:38:00,11.19,232.79,Completed,
T01330,D0108,R00902,Delhi,Saket,Gurgaon,2023-10-28 11:31:00,2023-10-28 11:44:00,2023-10-28 12:44:00,8.27,257.5,Completed,
T01331,D0241,R00053,Delhi,Dwarka,Gurgaon,2023-10-02 16:42:00,2023-10-02 16:51:00,2023-10-02 17:43:00,10.75,261.96,Completed,
T01332,D0162,R01494,Bangalore,Whitefield,HSR,2023-10-02 02:22:00,,,15.82,538.37,Cancelled,Driver
T01333,D0091,R00665,Mumbai,Dadar,Powai,2023-10-16 15:47:00,,,8.54,310.62,Cancelled,Driver
T01334,D0143,R00714,Bangalore,Indiranagar,Whitefield,2023-10-10 12:41:00,2023-10-10 12:50:00,2023-10-10 13:48:00,5.13,182.96,Completed,
T01335,D0091,R01698,Bangalore,HSR,Koramangala,2023-10-16 04:33:00,2023-10-16 04:39:00,2023-10-16 05:09:00,8.02,199.6,Completed,
T01336,D0164,R00415,Delhi,Rohini,Saket,2023-10-05 02:46:00,2023-10-05 03:01:00,2023-10-05 03:35:00,4.38,152.16,Completed,
T01337,D0207,R00033,Mumbai,Andheri,Bandra,2023-10-16 08:05:00,2023-10-16 08:10:00,2023-10-16 08:40:00,6.98,247.07,Completed,
T01338,D0233,R00365,Delhi,Saket,Gurgaon,2023-10-15 03:10:00,2023-10-15 03:21:00,2023-10-15 04:05:00,6.4,203.27,Completed,
T01339,D0051,R01746,Delhi,Rohini,Dwarka,2023-10-04 10:56:00,2023-10-04 11:09:00,2023-10-04 11:44:00,6.38,164.51,Completed,
T01340,D0137,R01795,Delhi,Rohini,Gurgaon,2023-10-16 11:32:00,2023-10-16 11:46:00,2023-10-16 12:48:00,11.15,371.39,Completed,
T01341,D0083,R01368,Delhi,Rohini,Connaught Place,2023-10-04 17:47:00,,,7.42,248.53,Cancelled,Rider
T01342,D0214,R01663,Mumbai,Bandra,Bandra,2023-10-11 05:10:00,2023-10-11 05:20:00,2023-10-11 06:11:00,10.08,392.69,Completed,
T01343,D0063,R00849,Bangalore,Electronic City,Electronic City,2023-10-14 12:10:00,,,11.37,303.47,Cancelled,Other
T01344,D0106,R00793,Delhi,Rohini,Rohini,2023-10-09 17:58:00,2023-10-09 18:10:00,2023-10-09 19:16:00,4.49,170.14,Completed,
T01345,D0095,R00158,Mumbai,Bandra,Powai,2023-10-20 15:06:00,2023-10-20 15:17:00,2023-10-20 15:49:00,11.11,323.09,Completed,
T01346,D0204,R01451,Delhi,Saket,Gurgaon,2023-10-12 05:40:00,2023-10-12 05:55:00,2023-10-12 06:37:00,16.27,599.35,Completed,
T01347,D0207,R01135,Mumbai,Bandra,Dadar,2023-10-05 18:28:00,2023-10-05 18:42:00,2023-10-05 19:33:00,9.01,318.28,Completed,
T01348,D0215,R00351,Mumbai,Andheri,Worli,2023-10-27 03:14:00,2023-10-27 03:23:00,2023-10-27 03:37:00,5.06,170.38,Completed,
T01349,D0167,R01397,Mumbai,Powai,Andheri,2023-10-26 10:34:00,2023-10-26 10:39:00,2023-10-26 10:53:00,3.87,182.21,Completed,
T01350,D0146,R00883,Delhi,Dwarka,Saket,2023-10-13 13:33:00,2023-10-13 13:45:00,2023-10-13 14:26:00,9.25,285.95,Completed,
T01351,D0080,R01794,Bangalore,Electronic City,Whitefield,2023-10-21 13:49:00,2023-10-21 14:01:00,2023-10-21 15:02:00,6.87,209.84,Completed,
T01352,D0175,R01546,Bangalore,HSR,Electronic City,2023-10-25 13:24:00,2023-10-25 13:27:00,2023-10-25 14:22:00,15.42,320.92,Completed,
T01353,D0158,R01232,Bangalore,Indiranagar,Indiranagar,2023-10-04 05:33:00,2023-10-04 05:39:00,2023-10-04 06:04:00,6.47,229.67,Completed,
T01354,D0238,R01436,Bangalore,Whitefield,Whitefield,2023-10-30 13:19:00,2023-10-30 13:28:00,2023-10-30 14:14:00,9.76,315.51,Completed,
T01355,D0036,R01449,Mumbai,Dadar,Powai,2023-10-22 14:10:00,,,9.91,338.99,Cancelled,Rider
T01356,D0048,R00168,Mumbai,Powai,Dadar,2023-10-05 03:06:00,2023-10-05 03:19:00,2023-10-05 04:09:00,9.64,335.15,Completed,
T01357,D0066,R00765,Bangalore,Koramangala,Indiranagar,2023-10-24 20:12:00,2023-10-24 20:15:00,2023-10-24 21:08:00,0.5,68.99,Completed,
T01358,D0004,R00768,Bangalore,Koramangala,Indiranagar,2023-10-25 01:56:00,2023-10-25 02:08:00,2023-10-25 02:54:00,7.79,259.64,Completed,
T01359,D0159,R01400,Bangalore,Indiranagar,Electronic City,2023-10-29 23:12:00,2023-10-29 23:16:00,2023-10-30 00:21:00,0.5,71.3,Completed,
T01360,D0046,R01040,Mumbai,Bandra,Dadar,2023-10-27 02:56:00,,,6.27,167.06,Cancelled,Rider
T01361,D0010,R01654,Bangalore,HSR,HSR,2023-10-29 07:28:00,,,13.92,344.1,Cancelled,Driver
T01362,D0175,R01236,Bangalore,Indiranagar,Electronic City,2023-10-16 21:15:00,2023-10-16 21:25:00,2023-10-16 21:47:00,0.5,72.0,Completed,
T01363,D0238,R01136,Mumbai,Andheri,Powai,2023-10-21 16:37:00,2023-10-21 16:41:00,2023-10-21 17:33:00,11.94,285.67,Completed,
T01364,D0037,R00734,Bangalore,Koramangala,Whitefield,2023-10-17 15:26:00,2023-10-17 15:35:00,2023-10-17 15:47:00,9.56,276.49,Completed,
T01365,D0026,R01551,Delhi,Gurgaon,Dwarka,2023-10-27 21:40:00,,,13.41,437.57,Cancelled,Other
T01366,D0035,R00892,Mumbai,Dadar,Andheri,2023-10-15 13:52:00,2023-10-15 14:01:00,2023-10-15 14:36:00,11.58,454.92,Completed,
T01367,D0126,R01611,Mumbai,Powai,Andheri,2023-10-02 02:01:00,2023-10-02 02:08:00,2023-10-02 02:49:00,3.41,138.23,Completed,
T01368,D0049,R01313,Delhi,Rohini,Connaught Place,2023-10-02 21:28:00,,,6.63,258.79,Cancelled,Rider
T01369,D0013,R01688,Delhi,Saket,Gurgaon,2023-10-02 06:32:00,,,5.71,216.82,Cancelled,Driver
T01370,D0131,R00381,Delhi,Dwarka,Rohini,2023-10-09 02:44:00,2023-10-09 02:48:00,2023-10-09 03:27:00,5.74,155.59,Completed,
T01371,D0127,R01412,Bangalore,Koramangala,HSR,2023-10-10 06:23:00,2023-10-10 06:32:00,2023-10-10 06:55:00,8.05,256.84,Completed,
T01372,D0169,R00468,Bangalore,HSR,Whitefield,2023-10-11 22:34:00,2023-10-11 22:43:00,2023-10-11 23:45:00,14.14,271.17,Completed,
T01373,D0037,R01169,Bangalore,HSR,Indiranagar,2023-10-08 02:18:00,2023-10-08 02:27:00,2023-10-08 03:20:00,6.27,203.33,Completed,
T01374,D0105,R00389,Delhi,Saket,Rohini,2023-10-13 09:46:00,2023-10-13 09:53:00,2023-10-13 10:56:00,4.93,193.52,Completed,
T01375,D0161,R01413,Delhi,Dwarka,Connaught Place,2023-10-01 11:23:00,2023-10-01 11:28:00,2023-10-01 12:20:00,15.09,464.0,Completed,
T01376,D0030,R00343,Delhi,Rohini,Saket,2023-10-06 04:56:00,2023-10-06 05:07:00,2023-10-06 05:37:00,8.88,269.26,Completed,
T01377,D0074,R01686,Mumbai,Bandra,Andheri,2023-10-25 09:44:00,2023-10-25 09:48:00,2023-10-25 10:23:00,6.77,223.72,Completed,
T01378,D0052,R00469,Delhi,Connaught Place,Saket,2023-10-23 15:54:00,2023-10-23 15:58:00,2023-10-23 16:15:00,13.0,383.37,Completed,
T01379,D0196,R01513,Bangalore,Indiranagar,Whitefield,2023-10-04 19:19:00,2023-10-04 19:27:00,2023-10-04 20:05:00,12.4,391.81,Completed,
T01380,D0170,R01485,Delhi,Rohini,Connaught Place,2023-10-02 20:50:00,,,8.77,256.67,Cancelled,Rider
T01381,D0243,R00947,Delhi,Dwarka,Connaught Place,2023-10-01 15:31:00,2023-10-01 15:36:00,2023-10-01 16:08:00,10.43,296.26,Completed,
T01382,D0040,R00688,Mumbai,Dadar,Andheri,2023-10-18 07:05:00,,,5.64,200.43,Cancelled,Rider
T01383,D0216,R00651,Mumbai,Andheri,Andheri,2023-10-04 03:47:00,2023-10-04 03:52:00,2023-10-04 04:37:00,3.48,143.83,Completed,
T01384,D0105,R00659,Delhi,Rohini,Connaught Place,2023-10-03 23:08:00,2023-10-03 23:22:00,2023-10-04 00:31:00,14.85,441.63,Completed,
T01385,D0176,R01162,Bangalore,Koramangala,Indiranagar,2023-10-05 17:22:00,2023-10-05 17:31:00,2023-10-05 18:30:00,4.72,194.49,Completed,
T01386,D0145,R01171,Delhi,Saket,Rohini,2023-10-02 14:26:00,2023-10-02 14:36:00,2023-10-02 15:45:00,15.9,472.21,Completed,
T01387,D0100,R00707,Delhi,Saket,Saket,2023-10-29 00:53:00,2023-10-29 01:05:00,2023-10-29 01:31:00,8.43,219.65,Completed,
T01388,D0138,R00796,Bangalore,HSR,Indiranagar,2023-10-21 16:07:00,,,9.04,315.33,Cancelled,Rider
T01389,D0111,R01109,Mumbai,Bandra,Dadar,2023-10-01 22:52:00,2023-10-01 23:06:00,2023-10-02 00:12:00,11.24,380.24,Completed,
T01390,D0091,R00927,Bangalore,Whitefield,Whitefield,2023-10-29 12:18:00,2023-10-29 12:28:00,2023-10-29 13:24:00,1.62,108.0,Completed,
T01391,D0087,R00445,Mumbai,Bandra,Worli,2023-10-17 13:06:00,2023-10-17 13:12:00,2023-10-17 13:37:00,3.34,156.21,Completed,
T01392,D0094,R00768,Bangalore,HSR,Indiranagar,2023-10-29 03:58:00,,,2.01,106.17,Cancelled,Other
T01393,D0121,R01278,Mumbai,Dadar,Andheri,2023-10-07 10:22:00,2023-10-07 10:37:00,2023-10-07 11:42:00,6.55,205.65,Completed,
T01394,D0087,R00370,Bangalore,Whitefield,Koramangala,2023-10-10 21:12:00,2023-10-10 21:23:00,2023-10-10 22:00:00,10.68,362.05,Completed,
T01395,D0099,R01576,Delhi,Dwarka,Saket,2023-10-10 09:30:00,2023-10-10 09:43:00,2023-10-10 10:29:00,13.88,547.64,Completed,
T01396,D0039,R00997,Delhi,Rohini,Gurgaon,2023-10-10 00:03:00,2023-10-10 00:08:00,2023-10-10 01:06:00,0.61,76.21,Completed,
T01397,D0189,R00044,Delhi,Connaught Place,Connaught Place,2023-10-25 03:32:00,2023-10-25 03:36:00,2023-10-25 03:51:00,10.26,320.58,Completed,
T01398,D0081,R00630,Mumbai,Andheri,Powai,2023-10-05 02:14:00,,,4.4,192.75,Cancelled,Rider
T01399,D0150,R00594,Delhi,Rohini,Connaught Place,2023-10-15 08:36:00,,,5.07,192.82,Cancelled,Rider
T01400,D0231,R00325,Delhi,Gurgaon,Gurgaon,2023-10-08 06:33:00,,,9.54,314.88,Cancelled,Other
T01401,D0180,R01360,Delhi,Dwarka,Saket,2023-10-22 08:53:00,,,5.31,150.03,Cancelled,Driver
T01402,D0035,R01201,Bangalore,HSR,Whitefield,2023-10-02 19:00:00,,,4.01,163.35,Cancelled,Driver
T01403,D0047,R00705,Delhi,Rohini,Connaught Place,2023-10-27 00:40:00,2023-10-27 00:53:00,2023-10-27 01:39:00,13.12,395.6,Completed,
T01404,D0046,R01620,Mumbai,Bandra,Powai,2023-10-04 03:14:00,2023-10-04 03:19:00,2023-10-04 03:36:00,7.26,269.12,Completed,
T01405,D0091,R00347,Mumbai,Powai,Powai,2023-10-04 18:44:00,2023-10-04 18:56:00,2023-10-04 19:32:00,8.72,272.04,Completed,
T01406,D0072,R00342,Bangalore,Koramangala,Indiranagar,2023-10-24 08:47:00,,,9.22,285.95,Cancelled,System
T01407,D0068,R01345,Delhi,Saket,Connaught Place,2023-10-14 22:55:00,2023-10-14 23:09:00,2023-10-15 00:07:00,7.45,249.75,Completed,
T01408,D0009,R00040,Mumbai,Powai,Dadar,2023-10-26 02:08:00,2023-10-26 02:22:00,2023-10-26 03:08:00,14.04,400.3,Completed,
T01409,D0098,R00752,Bangalore,Electronic City,Whitefield,2023-10-22 09:29:00,2023-10-22 09:38:00,2023-10-22 10:09:00,7.43,223.54,Completed,
T01410,D0034,R00577,Mumbai,Powai,Andheri,2023-10-16 13:41:00,,,7.52,210.58,Cancelled,Other
T01411,D0207,R01661,Mumbai,Bandra,Andheri,2023-10-04 20:37:00,2023-10-04 20:41:00,2023-10-04 20:52:00,6.51,250.96,Completed,
T01412,D0046,R01769,Bangalore,Koramangala,Koramangala,2023-10-04 09:16:00,2023-10-04 09:31:00,2023-10-04 09:46:00,12.58,449.02,Completed,
T01413,D0189,R01283,Delhi,Saket,Rohini,2023-10-01 14:41:00,2023-10-01 14:46:00,2023-10-01 15:33:00,12.3,317.83,Completed,
T01414,D0157,R00167,Delhi,Dwarka,Connaught Place,2023-10-05 19:35:00,2023-10-05 19:49:00,2023-10-05 20:58:00,7.74,233.7,Completed,
T01415,D0001,R00793,Delhi,Rohini,Gurgaon,2023-10-05 04:02:00,2023-10-05 04:16:00,2023-10-05 04:31:00,7.42,226.76,Completed,
T01416,D0210,R00590,Bangalore,Electronic City,Koramangala,2023-10-22 15:58:00,2023-10-22 16:03:00,2023-10-22 16:43:00,13.94,402.74,Completed,
T01417,D0130,R01111,Mumbai,Worli,Bandra,2023-10-09 09:59:00,2023-10-09 10:04:00,2023-10-09 11:10:00,9.69,325.24,Completed,
T01418,D0180,R00333,Delhi,Saket,Gurgaon,2023-10-06 15:27:00,2023-10-06 15:42:00,2023-10-06 16:06:00,11.44,428.3,Completed,
T01419,D0106,R00494,Mumbai,Worli,Andheri,2023-10-28 09:03:00,2023-10-28 09:11:00,2023-10-28 10:08:00,7.57,280.4,Completed,
T01420,D0073,R01502,Delhi,Connaught Place,Gurgaon,2023-10-12 10:53:00,2023-10-12 11:01:00,2023-10-12 12:08:00,9.82,311.09,Completed,
T01421,D0173,R00181,Mumbai,Powai,Worli,2023-10-04 15:19:00,2023-10-04 15:33:00,2023-10-04 16:26:00,8.37,264.17,Completed,
T01422,D0174,R00924,Mumbai,Powai,Dadar,2023-10-28 13:22:00,,,2.65,119.05,Cancelled,System
T01423,D0077,R01203,Mumbai,Bandra,Andheri,2023-10-23 17:48:00,2023-10-23 17:54:00,2023-10-23 18:18:00,2.68,163.99,Completed,
T01424,D0105,R01780,Delhi,Saket,Saket,2023-10-17 01:27:00,2023-10-17 01:36:00,2023-10-17 02:15:00,0.5,73.58,Completed,
T01425,D0189,R00649,Bangalore,Whitefield,Indiranagar,2023-10-07 11:11:00,2023-10-07 11:16:00,2023-10-07 12:16:00,7.72,256.33,Completed,
T01426,D0004,R00377,Mumbai,Bandra,Andheri,2023-10-17 15:27:00,2023-10-17 15:32:00,2023-10-17 16:19:00,12.07,266.17,Completed,
T01427,D0121,R00622,Bangalore,Electronic City,HSR,2023-10-18 19:23:00,2023-10-18 19:32:00,2023-10-18 19:52:00,8.06,267.26,Completed,
T01428,D0125,R01364,Bangalore,Koramangala,HSR,2023-10-09 15:28:00,2023-10-09 15:33:00,2023-10-09 16:14:00,4.23,165.85,Completed,
T01429,D0244,R01013,Bangalore,Indiranagar,Whitefield,2023-10-04 01:04:00,2023-10-04 01:10:00,2023-10-04 01:53:00,5.23,193.27,Completed,
T01430,D0245,R00879,Mumbai,Worli,Andheri,2023-10-01 14:09:00,2023-10-01 14:22:00,2023-10-01 15:11:00,11.57,404.08,Completed,
T01431,D0136,R01158,Delhi,Saket,Connaught Place,2023-10-06 21:22:00,2023-10-06 21:27:00,2023-10-06 22:00:00,7.35,191.08,Completed,
T01432,D0095,R01786,Bangalore,HSR,Whitefield,2023-10-21 08:19:00,2023-10-21 08:25:00,2023-10-21 09:33:00,9.4,327.33,Completed,
T01433,D0088,R01601,Mumbai,Worli,Bandra,2023-10-26 06:12:00,2023-10-26 06:17:00,2023-10-26 06:47:00,7.22,257.08,Completed,
T01434,D0157,R00040,Delhi,Rohini,Gurgaon,2023-10-27 23:32:00,2023-10-27 23:42:00,2023-10-28 00:48:00,10.46,277.61,Completed,
T01435,D0193,R01491,Bangalore,HSR,Koramangala,2023-10-18 11:35:00,2023-10-18 11:45:00,2023-10-18 12:33:00,6.36,247.12,Completed,
T01436,D0200,R01593,Mumbai,Andheri,Dadar,2023-10-18 17:31:00,2023-10-18 17:39:00,2023-10-18 18:43:00,9.29,234.08,Completed,
T01437,D0163,R01605,Bangalore,HSR,HSR,2023-10-11 03:56:00,2023-10-11 04:07:00,2023-10-11 04:26:00,5.05,208.35,Completed,
T01438,D0155,R01224,Mumbai,Worli,Andheri,2023-10-15 07:09:00,,,10.75,403.38,Cancelled,Rider
T01439,D0189,R01620,Mumbai,Dadar,Dadar,2023-10-03 18:09:00,,,3.81,152.59,Cancelled,Rider
T01440,D0077,R01562,Delhi,Saket,Connaught Place,2023-10-01 11:55:00,2023-10-01 12:08:00,2023-10-01 12:59:00,9.06,292.95,Completed,
T01441,D0199,R01217,Mumbai,Dadar,Powai,2023-10-22 03:50:00,,,11.86,409.73,Cancelled,Rider
T01442,D0117,R00264,Bangalore,HSR,Koramangala,2023-10-13 10:47:00,2023-10-13 10:52:00,2023-10-13 11:39:00,7.31,211.82,Completed,
T01443,D0223,R01127,Bangalore,Koramangala,Whitefield,2023-10-03 09:15:00,2023-10-03 09:29:00,2023-10-03 10:03:00,6.31,219.75,Completed,
T01444,D0102,R00664,Delhi,Gurgaon,Gurgaon,2023-10-15 17:46:00,2023-10-15 17:59:00,2023-10-15 18:27:00,3.37,129.38,Completed,
T01445,D0015,R00311,Bangalore,Koramangala,Electronic City,2023-10-24 06:55:00,2023-10-24 06:59:00,2023-10-24 07:17:00,7.44,212.03,Completed,
T01446,D0024,R01538,Bangalore,Koramangala,Whitefield,2023-10-11 16:41:00,2023-10-11 16:50:00,2023-10-11 17:21:00,12.08,354.4,Completed,
T01447,D0016,R01686,Mumbai,Andheri,Bandra,2023-10-25 19:24:00,2023-10-25 19:29:00,2023-10-25 20:14:00,5.98,190.82,Completed,
T01448,D0030,R01400,Mumbai,Worli,Andheri,2023-10-08 05:44:00,2023-10-08 05:47:00,2023-10-08 06:38:00,10.45,299.19,Completed,
T01449,D0216,R00313,Bangalore,Indiranagar,Electronic City,2023-10-30 06:13:00,2023-10-30 06:28:00,2023-10-30 06:52:00,7.34,244.65,Completed,
T01450,D0100,R01009,Mumbai,Andheri,Dadar,2023-10-15 16:44:00,2023-10-15 16:59:00,2023-10-15 17:27:00,8.12,257.38,Completed,
T01451,D0011,R00716,Delhi,Connaught Place,Gurgaon,2023-10-04 02:13:00,2023-10-04 02:23:00,2023-10-04 02:33:00,11.31,350.08,Completed,
T01452,D0231,R01286,Mumbai,Worli,Powai,2023-10-24 04:07:00,2023-10-24 04:10:00,2023-10-24 05:18:00,6.66,235.72,Completed,
T01453,D0096,R00686,Mumbai,Bandra,Powai,2023-10-26 07:35:00,2023-10-26 07:47:00,2023-10-26 08:13:00,9.94,331.01,Completed,
T01454,D0031,R01049,Mumbai,Dadar,Bandra,2023-10-18 20:51:00,2023-10-18 21:04:00,2023-10-18 21:56:00,4.35,174.4,Completed,
T01455,D0011,R01556,Bangalore,Electronic City,HSR,2023-10-06 03:05:00,2023-10-06 03:11:00,2023-10-06 03:33:00,15.79,546.03,Completed,
T01456,D0227,R00471,Delhi,Gurgaon,Rohini,2023-10-10 18:07:00,2023-10-10 18:20:00,2023-10-10 19:10:00,7.03,265.4,Completed,
T01457,D0007,R01024,Bangalore,Whitefield,HSR,2023-10-24 06:15:00,2023-10-24 06:23:00,2023-10-24 06:46:00,9.03,308.06,Completed,
T01458,D0155,R01629,Mumbai,Bandra,Andheri,2023-10-18 18:48:00,2023-10-18 19:00:00,2023-10-18 19:28:00,12.52,345.66,Completed,
T01459,D0227,R00562,Delhi,Connaught Place,Rohini,2023-10-05 21:09:00,2023-10-05 21:12:00,2023-10-05 22:22:00,9.76,306.44,Completed,
T01460,D0187,R00391,Mumbai,Dadar,Powai,2023-10-18 08:36:00,2023-10-18 08:42:00,2023-10-18 09:33:00,9.21,300.55,Completed,
T01461,D0107,R00291,Bangalore,HSR,Whitefield,2023-10-13 17:48:00,2023-10-13 17:52:00,2023-10-13 18:21:00,8.19,273.11,Completed,
T01462,D0236,R00030,Bangalore,Koramangala,Koramangala,2023-10-06 11:25:00,2023-10-06 11:35:00,2023-10-06 11:56:00,15.28,410.07,Completed,
T01463,D0117,R00047,Delhi,Gurgaon,Saket,2023-10-11 16:28:00,,,4.02,150.63,Cancelled,System
T01464,D0056,R01701,Bangalore,Whitefield,Whitefield,2023-10-07 23:26:00,2023-10-07 23:36:00,2023-10-08 00:13:00,8.07,254.6,Completed,
T01465,D0148,R01454,Bangalore,HSR,Whitefield,2023-10-01 14:29:00,,,2.89,107.88,Cancelled,System
T01466,D0007,R01660,Bangalore,Koramangala,Koramangala,2023-10-13 03:56:00,2023-10-13 04:10:00,2023-10-13 04:48:00,11.01,328.73,Completed,
T01467,D0144,R00587,Delhi,Rohini,Connaught Place,2023-10-20 19:30:00,,,5.6,201.17,Cancelled,Driver
T01468,D0117,R01129,Delhi,Gurgaon,Dwarka,2023-10-17 17:11:00,2023-10-17 17:19:00,2023-10-17 18:15:00,4.78,174.39,Completed,
T01469,D0089,R00599,Mumbai,Bandra,Dadar,2023-10-30 02:18:00,2023-10-30 02:26:00,2023-10-30 03:25:00,5.12,178.46,Completed,
T01470,D0105,R00735,Delhi,Saket,Saket,2023-10-25 16:18:00,2023-10-25 16:23:00,2023-10-25 16:54:00,3.56,157.04,Completed,
T01471,D0228,R01227,Delhi,Rohini,Gurgaon,2023-10-08 11:26:00,2023-10-08 11:39:00,2023-10-08 11:58:00,0.58,74.32,Completed,
T01472,D0218,R01420,Delhi,Saket,Connaught Place,2023-10-08 06:08:00,2023-10-08 06:14:00,2023-10-08 07:16:00,13.21,465.01,Completed,
T01473,D0129,R01128,Mumbai,Bandra,Bandra,2023-10-06 02:12:00,2023-10-06 02:19:00,2023-10-06 03:28:00,3.3,140.38,Completed,
T01474,D0126,R00809,Delhi,Gurgaon,Saket,2023-10-16 05:47:00,2023-10-16 05:58:00,2023-10-16 07:07:00,7.69,197.68,Completed,
T01475,D0090,R01319,Bangalore,Whitefield,Indiranagar,2023-10-27 06:15:00,2023-10-27 06:21:00,2023-10-27 07:11:00,3.97,115.6,Completed,
T01476,D0184,R00296,Delhi,Connaught Place,Rohini,2023-10-09 13:42:00,2023-10-09 13:46:00,2023-10-09 14:27:00,9.78,259.87,Completed,
T01477,D0078,R00034,Bangalore,Koramangala,HSR,2023-10-19 11:35:00,2023-10-19 11:41:00,2023-10-19 11:52:00,6.76,225.82,Completed,
T01478,D0048,R00244,Bangalore,Whitefield,HSR,2023-10-10 10:11:00,2023-10-10 10:21:00,2023-10-10 11:31:00,7.87,246.13,Completed,
T01479,D0003,R00878,Delhi,Gurgaon,Gurgaon,2023-10-19 08:11:00,2023-10-19 08:17:00,2023-10-19 08:46:00,7.27,269.13,Completed,
T01480,D0158,R00720,Mumbai,Andheri,Powai,2023-10-29 21:49:00,2023-10-29 21:59:00,2023-10-29 22:29:00,3.77,116.87,Completed,
T01481,D0221,R01203,Delhi,Gurgaon,Rohini,2023-10-22 13:17:00,2023-10-22 13:26:00,2023-10-22 14:20:00,8.63,216.6,Completed,
T01482,D0007,R00517,Delhi,Gurgaon,Connaught Place,2023-10-23 07:32:00,2023-10-23 07:36:00,2023-10-23 08:16:00,15.06,412.94,Completed,
T01483,D0186,R01535,Bangalore,HSR,Indiranagar,2023-10-12 04:01:00,,,7.29,232.73,Cancelled,Other
T01484,D0009,R01257,Delhi,Saket,Connaught Place,2023-10-22 08:34:00,2023-10-22 08:44:00,2023-10-22 09:07:00,2.6,119.73,Completed,
T01485,D0152,R00142,Bangalore,Electronic City,Indiranagar,2023-10-06 20:13:00,,,10.3,222.83,Cancelled,Other
T01486,D0179,R00519,Mumbai,Worli,Andheri,2023-10-13 12:05:00,2023-10-13 12:19:00,2023-10-13 12:32:00,10.07,264.43,Completed,
T01487,D0126,R01232,Delhi,Rohini,Saket,2023-10-24 12:24:00,2023-10-24 12:27:00,2023-10-24 12:55:00,1.02,87.89,Completed,
T01488,D0248,R00794,Bangalore,Indiranagar,Whitefield,2023-10-08 01:04:00,,,9.95,352.36,Cancelled,Driver
T01489,D0047,R01462,Bangalore,Whitefield,Koramangala,2023-10-14 18:10:00,2023-10-14 18:20:00,2023-10-14 18:44:00,12.02,312.91,Completed,
T01490,D0036,R01017,Bangalore,HSR,Whitefield,2023-10-08 11:36:00,2023-10-08 11:39:00,2023-10-08 12:17:00,13.91,397.67,Completed,
T01491,D0230,R00572,Bangalore,Whitefield,Electronic City,2023-10-24 21:37:00,2023-10-24 21:47:00,2023-10-24 21:59:00,7.24,230.71,Completed,
T01492,D0018,R00822,Delhi,Gurgaon,Dwarka,2023-10-20 05:12:00,2023-10-20 05:20:00,2023-10-20 06:00:00,7.72,328.01,Completed,
T01493,D0007,R01119,Bangalore,HSR,Electronic City,2023-10-06 12:10:00,2023-10-06 12:20:00,2023-10-06 13:12:00,3.16,131.0,Completed,
T01494,D0018,R01147,Mumbai,Andheri,Bandra,2023-10-22 17:58:00,,,5.56,174.57,Cancelled,Driver
T01495,D0077,R01615,Bangalore,Koramangala,Koramangala,2023-10-07 16:59:00,2023-10-07 17:02:00,2023-10-07 17:44:00,8.32,263.24,Completed,
T01496,D0150,R00500,Delhi,Saket,Dwarka,2023-10-13 02:25:00,2023-10-13 02:33:00,2023-10-13 03:41:00,6.1,254.59,Completed,
T01497,D0123,R01109,Bangalore,Koramangala,Indiranagar,2023-10-22 14:33:00,2023-10-22 14:46:00,2023-10-22 15:36:00,11.72,380.07,Completed,
T01498,D0220,R01160,Delhi,Dwarka,Dwarka,2023-10-06 18:40:00,2023-10-06 18:51:00,2023-10-06 19:05:00,9.47,285.86,Completed,
T01499,D0215,R01541,Delhi,Saket,Connaught Place,2023-10-19 19:39:00,2023-10-19 19:48:00,2023-10-19 20:01:00,15.44,401.73,Completed,
T01500,D0008,R01713,Mumbai,Bandra,Bandra,2023-10-18 23:02:00,2023-10-18 23:12:00,2023-10-19 00:00:00,7.93,227.9,Completed,
T01501,D0244,R00323,Mumbai,Bandra,Worli,2023-10-28 23:37:00,2023-10-28 23:52:00,2023-10-29 00:42:00,12.91,334.86,Completed,
T01502,D0128,R00174,Delhi,Dwarka,Connaught Place,2023-10-14 02:09:00,2023-10-14 02:13:00,2023-10-14 02:58:00,7.59,252.87,Completed,
T01503,D0101,R01713,Mumbai,Worli,Worli,2023-10-13 14:58:00,2023-10-13 15:06:00,2023-10-13 15:35:00,1.6,84.77,Completed,
T01504,D0219,R00962,Mumbai,Powai,Andheri,2023-10-15 00:34:00,,,4.56,172.71,Cancelled,Rider
T01505,D0250,R00550,Delhi,Rohini,Rohini,2023-10-23 06:51:00,2023-10-23 06:58:00,2023-10-23 07:48:00,2.88,130.27,Completed,
T01506,D0059,R00714,Delhi,Rohini,Dwarka,2023-10-24 08:53:00,2023-10-24 09:05:00,2023-10-24 09:27:00,15.74,376.91,Completed,
T01507,D0174,R01574,Mumbai,Worli,Bandra,2023-10-24 13:26:00,2023-10-24 13:39:00,2023-10-24 14:01:00,8.13,297.27,Completed,
T01508,D0049,R01635,Delhi,Saket,Gurgaon,2023-10-14 10:14:00,2023-10-14 10:22:00,2023-10-14 10:45:00,5.27,211.91,Completed,
T01509,D0031,R01618,Delhi,Rohini,Dwarka,2023-10-08 21:24:00,2023-10-08 21:30:00,2023-10-08 22:18:00,12.56,323.68,Completed,
T01510,D0096,R01101,Delhi,Rohini,Dwarka,2023-10-23 14:48:00,2023-10-23 15:00:00,2023-10-23 15:39:00,5.34,195.17,Completed,
T01511,D0019,R00137,Mumbai,Bandra,Powai,2023-10-28 13:53:00,2023-10-28 14:02:00,2023-10-28 14:12:00,15.66,427.54,Completed,
T01512,D0240,R00408,Mumbai,Powai,Andheri,2023-10-21 16:43:00,,,5.71,193.53,Cancelled,Other
T01513,D0126,R00371,Mumbai,Andheri,Powai,2023-10-29 14:03:00,2023-10-29 14:07:00,2023-10-29 14:25:00,4.59,177.44,Completed,
T01514,D0217,R00197,Bangalore,Whitefield,Indiranagar,2023-10-02 20:49:00,2023-10-02 20:54:00,2023-10-02 21:54:00,12.37,407.54,Completed,
T01515,D0016,R00881,Bangalore,Indiranagar,Indiranagar,2023-10-26 18:50:00,2023-10-26 18:57:00,2023-10-26 19:25:00,5.57,225.82,Completed,
T01516,D0155,R00048,Bangalore,Electronic City,Electronic City,2023-10-29 03:21:00,2023-10-29 03:27:00,2023-10-29 03:46:00,7.97,299.46,Completed,
T01517,D0044,R00329,Mumbai,Andheri,Worli,2023-10-11 00:09:00,2023-10-11 00:21:00,2023-10-11 00:32:00,9.73,279.89,Completed,
T01518,D0250,R00496,Delhi,Saket,Gurgaon,2023-10-28 22:47:00,2023-10-28 22:56:00,2023-10-28 23:20:00,6.71,228.79,Completed,
T01519,D0235,R01188,Bangalore,Electronic City,Whitefield,2023-10-08 21:33:00,2023-10-08 21:40:00,2023-10-08 22:17:00,10.81,350.2,Completed,
T01520,D0060,R01514,Mumbai,Dadar,Worli,2023-10-10 17:04:00,2023-10-10 17:14:00,2023-10-10 17:33:00,14.0,453.56,Completed,
T01521,D0139,R01793,Mumbai,Worli,Powai,2023-10-02 01:09:00,2023-10-02 01:18:00,2023-10-02 02:18:00,10.16,372.39,Completed,
T01522,D0128,R00296,Mumbai,Andheri,Worli,2023-10-01 22:37:00,2023-10-01 22:43:00,2023-10-01 23:16:00,5.21,204.83,Completed,
T01523,D0044,R00510,Delhi,Rohini,Dwarka,2023-10-18 04:30:00,2023-10-18 04:39:00,2023-10-18 05:06:00,9.42,327.05,Completed,
T01524,D0225,R01429,Mumbai,Andheri,Dadar,2023-10-28 07:50:00,2023-10-28 07:56:00,2023-10-28 08:47:00,17.75,528.99,Completed,
T01525,D0100,R00913,Delhi,Saket,Connaught Place,2023-10-01 23:53:00,2023-10-02 00:02:00,2023-10-02 00:58:00,7.98,264.52,Completed,
T01526,D0090,R00346,Mumbai,Bandra,Worli,2023-10-12 14:26:00,2023-10-12 14:36:00,2023-10-12 14:56:00,0.5,77.58,Completed,
T01527,D0154,R00099,Delhi,Dwarka,Connaught Place,2023-10-24 12:53:00,2023-10-24 13:02:00,2023-10-24 13:35:00,8.86,290.58,Completed,
T01528,D0024,R00523,Delhi,Saket,Dwarka,2023-10-08 05:24:00,2023-10-08 05:35:00,2023-10-08 06:44:00,5.63,195.18,Completed,
T01529,D0220,R00342,Mumbai,Worli,Andheri,2023-10-07 10:42:00,2023-10-07 10:51:00,2023-10-07 11:20:00,10.27,297.65,Completed,
T01530,D0159,R00591,Bangalore,Electronic City,Whitefield,2023-10-05 04:47:00,2023-10-05 05:01:00,2023-10-05 05:22:00,4.55,147.43,Completed,
T01531,D0061,R01583,Mumbai,Andheri,Powai,2023-10-08 15:25:00,2023-10-08 15:29:00,2023-10-08 15:43:00,13.77,386.25,Completed,
T01532,D0032,R01093,Bangalore,Indiranagar,Indiranagar,2023-10-25 07:13:00,2023-10-25 07:18:00,2023-10-25 07:37:00,4.88,175.83,Completed,
T01533,D0219,R00117,Bangalore,Whitefield,Indiranagar,2023-10-15 19:30:00,2023-10-15 19:41:00,2023-10-15 20:23:00,7.47,300.95,Completed,
T01534,D0121,R01604,Bangalore,HSR,Whitefield,2023-10-03 04:48:00,2023-10-03 04:56:00,2023-10-03 05:42:00,13.86,487.97,Completed,
T01535,D0045,R00087,Bangalore,Koramangala,Whitefield,2023-10-21 16:55:00,2023-10-21 17:07:00,2023-10-21 18:05:00,7.96,240.56,Completed,
T01536,D0074,R01109,Bangalore,Whitefield,Electronic City,2023-10-01 00:37:00,2023-10-01 00:46:00,2023-10-01 01:31:00,10.32,258.8,Completed,
T01537,D0242,R01540,Mumbai,Powai,Worli,2023-10-30 11:04:00,2023-10-30 11:18:00,2023-10-30 11:53:00,9.69,252.7,Completed,
T01538,D0129,R01229,Mumbai,Powai,Powai,2023-10-08 14:17:00,,,9.26,298.69,Cancelled,Driver
T01539,D0232,R00407,Bangalore,Koramangala,Indiranagar,2023-10-28 12:09:00,2023-10-28 12:17:00,2023-10-28 12:58:00,5.75,219.39,Completed,
T01540,D0193,R01330,Mumbai,Powai,Dadar,2023-10-30 01:21:00,2023-10-30 01:35:00,2023-10-30 01:53:00,13.18,319.65,Completed,
T01541,D0005,R00956,Bangalore,Whitefield,HSR,2023-10-07 11:26:00,,,11.01,316.11,Cancelled,Other
T01542,D0034,R00208,Bangalore,HSR,HSR,2023-10-22 02:02:00,2023-10-22 02:15:00,2023-10-22 03:24:00,17.72,557.6,Completed,
T01543,D0120,R01226,Bangalore,HSR,HSR,2023-10-16 22:53:00,,,14.65,348.81,Cancelled,Driver
T01544,D0123,R00679,Delhi,Dwarka,Rohini,2023-10-26 02:30:00,2023-10-26 02:34:00,2023-10-26 03:06:00,16.2,450.32,Completed,
T01545,D0003,R00123,Delhi,Connaught Place,Gurgaon,2023-10-08 13:15:00,,,12.33,429.94,Cancelled,System
T01546,D0134,R00711,Bangalore,Electronic City,HSR,2023-10-29 16:51:00,2023-10-29 17:03:00,2023-10-29 17:42:00,5.08,192.84,Completed,
T01547,D0014,R00888,Mumbai,Worli,Andheri,2023-10-17 17:55:00,2023-10-17 18:10:00,2023-10-17 18:51:00,1.38,88.63,Completed,
T01548,D0187,R01690,Delhi,Saket,Rohini,2023-10-25 22:33:00,2023-10-25 22:38:00,2023-10-25 23:47:00,0.5,72.23,Completed,
T01549,D0188,R01264,Delhi,Saket,Rohini,2023-10-21 00:26:00,2023-10-21 00:32:00,2023-10-21 00:47:00,8.26,284.69,Completed,
T01550,D0011,R00397,Mumbai,Dadar,Bandra,2023-10-11 00:33:00,2023-10-11 00:42:00,2023-10-11 01:28:00,10.63,327.48,Completed,
T01551,D0146,R01759,Mumbai,Andheri,Powai,2023-10-25 21:31:00,2023-10-25 21:35:00,2023-10-25 21:55:00,8.62,274.92,Completed,
T01552,D0202,R00234,Delhi,Connaught Place,Saket,2023-10-22 23:11:00,2023-10-22 23:24:00,2023-10-23 00:05:00,0.5,73.62,Completed,
T01553,D0187,R01182,Mumbai,Worli,Worli,2023-10-29 01:42:00,,,14.4,303.98,Cancelled,System
T01554,D0162,R01066,Delhi,Rohini,Gurgaon,2023-10-16 01:06:00,2023-10-16 01:20:00,2023-10-16 02:07:00,2.65,123.62,Completed,
T01555,D0209,R01022,Bangalore,Whitefield,Koramangala,2023-10-11 07:04:00,2023-10-11 07:15:00,2023-10-11 07:44:00,4.95,185.59,Completed,
T01556,D0206,R01730,Delhi,Dwarka,Dwarka,2023-10-14 16:03:00,,,10.28,331.44,Cancelled,Rider
T01557,D0238,R00859,Mumbai,Worli,Powai,2023-10-07 23:23:00,2023-10-07 23:37:00,2023-10-08 00:12:00,4.83,175.94,Completed,
T01558,D0063,R00643,Mumbai,Andheri,Dadar,2023-10-04 16:36:00,2023-10-04 16:40:00,2023-10-04 17:39:00,0.5,73.04,Completed,
T01559,D0040,R00631,Mumbai,Bandra,Dadar,2023-10-20 16:02:00,2023-10-20 16:10:00,2023-10-20 16:27:00,12.07,355.85,Completed,
T01560,D0151,R01648,Mumbai,Bandra,Powai,2023-10-19 00:54:00,2023-10-19 01:00:00,2023-10-19 01:49:00,5.85,213.53,Completed,
T01561,D0084,R01511,Bangalore,Koramangala,Indiranagar,2023-10-28 05:09:00,2023-10-28 05:13:00,2023-10-28 06:13:00,9.61,286.14,Completed,
T01562,D0127,R00106,Delhi,Connaught Place,Saket,2023-10-20 12:04:00,,,15.01,392.51,Cancelled,Rider
T01563,D0035,R01365,Bangalore,Electronic City,Koramangala,2023-10-02 11:42:00,2023-10-02 11:56:00,2023-10-02 12:28:00,11.84,296.61,Completed,
T01564,D0229,R01259,Bangalore,Koramangala,Indiranagar,2023-10-08 12:27:00,2023-10-08 12:31:00,2023-10-08 12:43:00,19.33,695.36,Completed,
T01565,D0211,R01704,Bangalore,Electronic City,HSR,2023-10-18 18:55:00,,,12.69,419.84,Cancelled,Driver
T01566,D0119,R00197,Bangalore,Whitefield,Electronic City,2023-10-03 22:56:00,2023-10-03 23:10:00,2023-10-03 23:52:00,8.14,310.17,Completed,
T01567,D0009,R00927,Bangalore,HSR,Electronic City,2023-10-13 21:52:00,2023-10-13 22:02:00,2023-10-13 23:03:00,7.24,255.65,Completed,
T01568,D0168,R01735,Mumbai,Powai,Powai,2023-10-14 08:44:00,2023-10-14 08:50:00,2023-10-14 09:50:00,2.6,135.98,Completed,
T01569,D0119,R00242,Bangalore,Indiranagar,Koramangala,2023-10-11 22:53:00,2023-10-11 23:05:00,2023-10-12 00:11:00,9.41,307.93,Completed,
T01570,D0039,R00490,Mumbai,Dadar,Dadar,2023-10-06 17:44:00,2023-10-06 17:52:00,2023-10-06 18:39:00,7.77,281.63,Completed,
T01571,D0239,R01453,Mumbai,Bandra,Dadar,2023-10-06 13:55:00,2023-10-06 14:07:00,2023-10-06 14:36:00,13.24,367.3,Completed,
T01572,D0094,R01748,Delhi,Rohini,Saket,2023-10-02 12:57:00,2023-10-02 13:00:00,2023-10-02 14:03:00,9.03,298.21,Completed,
T01573,D0119,R00273,Bangalore,HSR,Whitefield,2023-10-23 15:31:00,2023-10-23 15:39:00,2023-10-23 16:17:00,3.47,159.85,Completed,
T01574,D0246,R01781,Delhi,Dwarka,Rohini,2023-10-15 07:49:00,,,2.83,123.62,Cancelled,Driver
T01575,D0125,R00492,Mumbai,Worli,Worli,2023-10-05 05:49:00,,,7.91,265.74,Cancelled,Rider
T01576,D0233,R00739,Mumbai,Powai,Worli,2023-10-13 15:29:00,2023-10-13 15:32:00,2023-10-13 16:22:00,8.97,293.35,Completed,
T01577,D0001,R00303,Mumbai,Powai,Worli,2023-10-16 08:17:00,2023-10-16 08:23:00,2023-10-16 08:46:00,9.93,204.38,Completed,
T01578,D0101,R00891,Mumbai,Andheri,Dadar,2023-10-25 03:51:00,,,14.0,406.92,Cancelled,Rider
T01579,D0141,R00037,Delhi,Saket,Gurgaon,2023-10-27 21:30:00,2023-10-27 21:37:00,2023-10-27 22:08:00,12.92,381.85,Completed,
T01580,D0122,R00473,Delhi,Rohini,Gurgaon,2023-10-03 20:35:00,2023-10-03 20:47:00,2023-10-03 21:33:00,4.63,186.02,Completed,
T01581,D0068,R01187,Bangalore,HSR,Whitefield,2023-10-21 10:43:00,2023-10-21 10:49:00,2023-10-21 11:41:00,7.85,249.05,Completed,
T01582,D0136,R00005,Mumbai,Dadar,Andheri,2023-10-01 04:40:00,2023-10-01 04:46:00,2023-10-01 05:21:00,9.81,376.96,Completed,
T01583,D0138,R01501,Bangalore,HSR,Electronic City,2023-10-13 10:52:00,2023-10-13 11:03:00,2023-10-13 12:08:00,4.52,167.59,Completed,
T01584,D0128,R01597,Delhi,Connaught Place,Dwarka,2023-10-03 07:55:00,,,9.84,362.39,Cancelled,System
T01585,D0186,R00164,Mumbai,Powai,Bandra,2023-10-26 12:29:00,2023-10-26 12:42:00,2023-10-26 13:19:00,5.93,203.82,Completed,
T01586,D0026,R01376,Mumbai,Powai,Dadar,2023-10-01 22:35:00,2023-10-01 22:48:00,2023-10-01 23:16:00,8.49,246.0,Completed,
T01587,D0053,R01111,Bangalore,Electronic City,Koramangala,2023-10-20 09:47:00,2023-10-20 09:54:00,2023-10-20 10:23:00,4.11,184.15,Completed,
T01588,D0224,R01578,Bangalore,HSR,Indiranagar,2023-10-08 01:55:00,2023-10-08 01:59:00,2023-10-08 02:58:00,17.65,433.9,Completed,
T01589,D0087,R00251,Bangalore,Whitefield,Electronic City,2023-10-21 12:55:00,2023-10-21 13:05:00,2023-10-21 13:47:00,9.2,226.33,Completed,
T01590,D0092,R00513,Mumbai,Andheri,Worli,2023-10-04 18:57:00,2023-10-04 19:03:00,2023-10-04 19:47:00,6.11,232.05,Completed,
T01591,D0042,R00981,Bangalore,HSR,Koramangala,2023-10-03 21:17:00,2023-10-03 21:28:00,2023-10-03 21:50:00,12.43,448.0,Completed,
T01592,D0203,R00435,Mumbai,Bandra,Bandra,2023-10-18 17:11:00,2023-10-18 17:26:00,2023-10-18 18:01:00,12.31,403.5,Completed,
T01593,D0124,R01710,Delhi,Saket,Gurgaon,2023-10-30 00:18:00,2023-10-30 00:32:00,2023-10-30 00:56:00,8.48,259.38,Completed,
T01594,D0083,R00008,Mumbai,Worli,Powai,2023-10-18 15:00:00,2023-10-18 15:10:00,2023-10-18 15:32:00,8.87,291.61,Completed,
T01595,D0167,R00950,Bangalore,Koramangala,Indiranagar,2023-10-17 22:54:00,2023-10-17 23:02:00,2023-10-18 00:07:00,8.5,268.35,Completed,
T01596,D0134,R01130,Bangalore,HSR,Koramangala,2023-10-28 01:30:00,2023-10-28 01:40:00,2023-10-28 02:25:00,10.11,327.35,Completed,
T01597,D0202,R00601,Delhi,Connaught Place,Connaught Place,2023-10-02 11:28:00,,,7.08,259.35,Cancelled,Other
T01598,D0171,R00314,Bangalore,HSR,HSR,2023-10-14 15:54:00,,,10.52,347.66,Cancelled,Other
T01599,D0250,R00047,Mumbai,Andheri,Powai,2023-10-04 09:15:00,2023-10-04 09:22:00,2023-10-04 09:58:00,11.56,367.05,Completed,
T01600,D0183,R00206,Mumbai,Powai,Andheri,2023-10-09 09:49:00,2023-10-09 10:01:00,2023-10-09 11:05:00,11.67,395.04,Completed,
T01601,D0197,R01640,Bangalore,Koramangala,Indiranagar,2023-10-13 00:34:00,2023-10-13 00:40:00,2023-10-13 01:27:00,10.44,303.89,Completed,
T01602,D0080,R01663,Bangalore,Electronic City,Electronic City,2023-10-13 14:01:00,,,3.75,147.94,Cancelled,Driver
T01603,D0077,R01541,Delhi,Connaught Place,Rohini,2023-10-25 20:26:00,,,7.49,235.71,Cancelled,Other
T01604,D0169,R01205,Mumbai,Andheri,Andheri,2023-10-05 05:32:00,2023-10-05 05:36:00,2023-10-05 06:46:00,8.38,251.34,Completed,
T01605,D0121,R01150,Mumbai,Bandra,Andheri,2023-10-02 22:26:00,2023-10-02 22:31:00,2023-10-02 23:18:00,6.92,240.33,Completed,
T01606,D0048,R00035,Mumbai,Dadar,Bandra,2023-10-08 15:54:00,2023-10-08 16:07:00,2023-10-08 17:08:00,1.21,86.17,Completed,
T01607,D0044,R00011,Delhi,Gurgaon,Rohini,2023-10-06 18:20:00,2023-10-06 18:26:00,2023-10-06 19:02:00,11.15,278.02,Completed,
T01608,D0127,R00395,Delhi,Gurgaon,Rohini,2023-10-09 12:51:00,2023-10-09 13:04:00,2023-10-09 13:38:00,11.06,347.6,Completed,
T01609,D0104,R00511,Mumbai,Worli,Andheri,2023-10-07 04:46:00,,,4.03,171.93,Cancelled,System
T01610,D0066,R00392,Delhi,Rohini,Dwarka,2023-10-20 02:59:00,2023-10-20 03:08:00,2023-10-20 03:55:00,0.5,72.58,Completed,
T01611,D0209,R00083,Delhi,Dwarka,Dwarka,2023-10-09 09:22:00,2023-10-09 09:27:00,2023-10-09 10:22:00,12.85,433.71,Completed,
T01612,D0188,R01177,Delhi,Connaught Place,Dwarka,2023-10-03 02:51:00,2023-10-03 02:58:00,2023-10-03 03:15:00,0.5,75.68,Completed,
T01613,D0213,R00302,Delhi,Connaught Place,Rohini,2023-10-06 00:59:00,2023-10-06 01:09:00,2023-10-06 01:28:00,5.37,204.42,Completed,
T01614,D0097,R01301,Mumbai,Bandra,Bandra,2023-10-19 17:03:00,2023-10-19 17:09:00,2023-10-19 18:13:00,6.66,200.38,Completed,
T01615,D0049,R01002,Mumbai,Powai,Dadar,2023-10-17 01:45:00,,,12.2,309.06,Cancelled,Other
T01616,D0001,R00940,Bangalore,Electronic City,HSR,2023-10-12 11:22:00,2023-10-12 11:25:00,2023-10-12 12:22:00,12.29,439.23,Completed,
T01617,D0029,R01576,Bangalore,Koramangala,Whitefield,2023-10-19 19:32:00,,,10.55,350.16,Cancelled,Other
T01618,D0151,R01770,Delhi,Rohini,Saket,2023-10-03 23:19:00,2023-10-03 23:25:00,2023-10-04 00:19:00,7.56,269.36,Completed,
T01619,D0042,R01322,Mumbai,Dadar,Dadar,2023-10-13 06:31:00,2023-10-13 06:46:00,2023-10-13 07:11:00,6.52,228.29,Completed,
T01620,D0131,R00522,Bangalore,Koramangala,HSR,2023-10-26 02:39:00,2023-10-26 02:47:00,2023-10-26 03:30:00,10.44,347.01,Completed,
T01621,D0205,R00580,Delhi,Rohini,Dwarka,2023-10-24 12:08:00,2023-10-24 12:12:00,2023-10-24 12:37:00,7.31,248.75,Completed,
T01622,D0220,R01018,Delhi,Gurgaon,Connaught Place,2023-10-26 07:15:00,2023-10-26 07:20:00,2023-10-26 08:10:00,9.99,262.96,Completed,
T01623,D0084,R00986,Bangalore,Indiranagar,Indiranagar,2023-10-01 21:22:00,2023-10-01 21:30:00,2023-10-01 21:40:00,9.01,247.94,Completed,
T01624,D0185,R01288,Bangalore,Whitefield,Electronic City,2023-10-14 22:36:00,2023-10-14 22:48:00,2023-10-14 23:10:00,8.45,332.33,Completed,
T01625,D0092,R00094,Delhi,Rohini,Rohini,2023-10-26 16:03:00,2023-10-26 16:09:00,2023-10-26 16:39:00,5.9,210.24,Completed,
T01626,D0137,R00157,Mumbai,Andheri,Worli,2023-10-11 23:25:00,2023-10-11 23:28:00,2023-10-12 00:22:00,9.91,406.39,Completed,
T01627,D0106,R00211,Bangalore,Electronic City,Whitefield,2023-10-11 12:38:00,,,9.65,339.47,Cancelled,Driver
T01628,D0057,R01204,Delhi,Saket,Connaught Place,2023-10-07 04:14:00,2023-10-07 04:21:00,2023-10-07 04:31:00,8.86,297.18,Completed,
T01629,D0151,R01253,Mumbai,Andheri,Andheri,2023-10-30 06:20:00,,,9.89,296.34,Cancelled,Rider
T01630,D0138,R00568,Mumbai,Worli,Bandra,2023-10-28 05:31:00,2023-10-28 05:41:00,2023-10-28 06:35:00,11.25,328.6,Completed,
T01631,D0238,R00678,Delhi,Connaught Place,Connaught Place,2023-10-01 06:56:00,,,9.64,276.43,Cancelled,Other
T01632,D0059,R00731,Delhi,Saket,Gurgaon,2023-10-27 12:39:00,,,7.77,286.56,Cancelled,System
T01633,D0007,R00395,Delhi,Dwarka,Dwarka,2023-10-08 11:27:00,2023-10-08 11:40:00,2023-10-08 12:07:00,13.67,393.14,Completed,
T01634,D0188,R00126,Bangalore,Whitefield,Indiranagar,2023-10-03 01:22:00,2023-10-03 01:29:00,2023-10-03 02:08:00,9.74,280.63,Completed,
T01635,D0009,R01559,Delhi,Rohini,Saket,2023-10-07 02:55:00,2023-10-07 03:08:00,2023-10-07 04:06:00,10.8,314.71,Completed,
T01636,D0214,R00072,Bangalore,Electronic City,Indiranagar,2023-10-03 21:06:00,,,8.01,260.9,Cancelled,System
T01637,D0028,R00891,Delhi,Dwarka,Dwarka,2023-10-20 03:08:00,2023-10-20 03:17:00,2023-10-20 03:33:00,9.36,306.2,Completed,
T01638,D0183,R01200,Mumbai,Powai,Dadar,2023-10-24 16:15:00,2023-10-24 16:27:00,2023-10-24 17:34:00,4.17,127.63,Completed,
T01639,D0137,R01714,Bangalore,Whitefield,HSR,2023-10-28 01:06:00,2023-10-28 01:11:00,2023-10-28 02:00:00,9.44,336.27,Completed,
T01640,D0156,R00832,Mumbai,Powai,Dadar,2023-10-12 20:14:00,2023-10-12 20:17:00,2023-10-12 20:39:00,7.78,201.29,Completed,
T01641,D0238,R00111,Delhi,Dwarka,Gurgaon,2023-10-22 03:45:00,2023-10-22 03:50:00,2023-10-22 04:57:00,2.27,108.82,Completed,
T01642,D0123,R01061,Bangalore,Indiranagar,Electronic City,2023-10-26 11:44:00,2023-10-26 11:49:00,2023-10-26 12:02:00,4.78,155.12,Completed,
T01643,D0062,R00495,Bangalore,Electronic City,Electronic City,2023-10-06 18:05:00,,,3.04,135.12,Cancelled,Driver
T01644,D0135,R00366,Bangalore,Koramangala,Whitefield,2023-10-16 10:24:00,2023-10-16 10:29:00,2023-10-16 11:31:00,8.28,296.7,Completed,
T01645,D0036,R01280,Mumbai,Dadar,Andheri,2023-10-10 08:14:00,2023-10-10 08:25:00,2023-10-10 08:44:00,9.55,352.15,Completed,
T01646,D0140,R01736,Mumbai,Powai,Andheri,2023-10-29 20:20:00,2023-10-29 20:33:00,2023-10-29 21:00:00,8.78,240.54,Completed,
T01647,D0200,R00063,Bangalore,Koramangala,HSR,2023-10-01 12:35:00,2023-10-01 12:50:00,2023-10-01 13:46:00,8.05,255.12,Completed,
T01648,D0150,R00900,Bangalore,Electronic City,HSR,2023-10-29 23:49:00,2023-10-30 00:04:00,2023-10-30 00:20:00,6.76,200.36,Completed,
T01649,D0192,R00641,Bangalore,Whitefield,Koramangala,2023-10-29 17:03:00,,,10.75,332.71,Cancelled,System
T01650,D0075,R01369,Delhi,Gurgaon,Gurgaon,2023-10-30 09:10:00,2023-10-30 09:15:00,2023-10-30 10:03:00,8.39,283.87,Completed,
T01651,D0126,R01027,Mumbai,Worli,Andheri,2023-10-14 01:40:00,2023-10-14 01:55:00,2023-10-14 02:23:00,8.76,259.11,Completed,
T01652,D0121,R00006,Mumbai,Powai,Bandra,2023-10-18 06:27:00,2023-10-18 06:39:00,2023-10-18 06:52:00,7.65,254.07,Completed,
T01653,D0163,R00830,Mumbai,Dadar,Worli,2023-10-16 17:12:00,2023-10-16 17:23:00,2023-10-16 17:42:00,5.39,214.61,Completed,
T01654,D0106,R01355,Bangalore,Koramangala,HSR,2023-10-11 17:33:00,2023-10-11 17:41:00,2023-10-11 18:14:00,8.15,287.02,Completed,
T01655,D0201,R00963,Mumbai,Andheri,Dadar,2023-10-08 17:56:00,2023-10-08 17:59:00,2023-10-08 18:49:00,7.85,216.75,Completed,
T01656,D0106,R00035,Bangalore,Electronic City,Electronic City,2023-10-11 22:34:00,2023-10-11 22:42:00,2023-10-11 23:42:00,5.15,173.71,Completed,
T01657,D0017,R01710,Bangalore,Electronic City,Koramangala,2023-10-06 17:22:00,2023-10-06 17:31:00,2023-10-06 17:57:00,11.45,246.71,Completed,
T01658,D0190,R01122,Delhi,Saket,Saket,2023-10-25 02:07:00,2023-10-25 02:20:00,2023-10-25 02:41:00,6.32,204.12,Completed,
T01659,D0050,R00549,Bangalore,Indiranagar,Indiranagar,2023-10-24 11:14:00,2023-10-24 11:18:00,2023-10-24 11:53:00,8.93,239.63,Completed,
T01660,D0037,R01171,Delhi,Rohini,Saket,2023-10-03 23:34:00,2023-10-03 23:39:00,2023-10-04 00:22:00,6.05,197.48,Completed,
T01661,D0006,R01486,Mumbai,Worli,Dadar,2023-10-08 05:13:00,2023-10-08 05:21:00,2023-10-08 06:17:00,2.93,142.24,Completed,
T01662,D0080,R01684,Bangalore,Whitefield,HSR,2023-10-05 17:41:00,,,8.45,308.88,Cancelled,Driver
T01663,D0041,R00826,Delhi,Dwarka,Rohini,2023-10-18 17:51:00,2023-10-18 17:54:00,2023-10-18 18:15:00,8.51,215.44,Completed,
T01664,D0175,R01370,Mumbai,Andheri,Dadar,2023-10-25 17:36:00,2023-10-25 17:50:00,2023-10-25 18:01:00,11.37,429.3,Completed,
T01665,D0106,R00047,Mumbai,Bandra,Andheri,2023-10-15 00:07:00,2023-10-15 00:18:00,2023-10-15 01:00:00,11.63,308.45,Completed,
T01666,D0143,R01486,Mumbai,Bandra,Dadar,2023-10-11 23:43:00,2023-10-11 23:50:00,2023-10-12 00:21:00,1.02,84.6,Completed,
T01667,D0173,R00597,Delhi,Dwarka,Dwarka,2023-10-03 19:12:00,2023-10-03 19:15:00,2023-10-03 20:19:00,14.43,441.3,Completed,
T01668,D0249,R00646,Bangalore,Koramangala,Whitefield,2023-10-10 12:12:00,2023-10-10 12:19:00,2023-10-10 13:06:00,3.89,180.33,Completed,
T01669,D0207,R01078,Delhi,Saket,Connaught Place,2023-10-11 02:21:00,2023-10-11 02:33:00,2023-10-11 03:12:00,9.93,318.85,Completed,
T01670,D0156,R01009,Delhi,Dwarka,Dwarka,2023-10-03 04:47:00,,,8.6,290.04,Cancelled,Rider
T01671,D0083,R01482,Mumbai,Andheri,Andheri,2023-10-30 07:27:00,,,12.46,383.92,Cancelled,Driver
T01672,D0128,R01758,Delhi,Saket,Gurgaon,2023-10-23 23:28:00,2023-10-23 23:38:00,2023-10-24 00:20:00,6.64,249.32,Completed,
T01673,D0229,R00061,Delhi,Gurgaon,Connaught Place,2023-10-24 20:51:00,2023-10-24 20:54:00,2023-10-24 21:55:00,10.82,314.87,Completed,
T01674,D0029,R01410,Mumbai,Dadar,Powai,2023-10-19 21:18:00,2023-10-19 21:21:00,2023-10-19 21:46:00,11.05,290.36,Completed,
T01675,D0180,R01485,Mumbai,Dadar,Andheri,2023-10-29 23:35:00,2023-10-29 23:47:00,2023-10-30 00:04:00,7.53,192.67,Completed,
T01676,D0101,R00638,Delhi,Gurgaon,Connaught Place,2023-10-10 17:25:00,2023-10-10 17:28:00,2023-10-10 17:42:00,9.06,267.74,Completed,
T01677,D0164,R00814,Bangalore,Electronic City,Whitefield,2023-10-24 22:29:00,2023-10-24 22:35:00,2023-10-24 22:59:00,7.36,279.67,Completed,
T01678,D0151,R00442,Mumbai,Worli,Worli,2023-10-02 04:48:00,2023-10-02 05:02:00,2023-10-02 05:22:00,11.13,337.69,Completed,
T01679,D0019,R00523,Delhi,Connaught Place,Rohini,2023-10-07 17:31:00,2023-10-07 17:35:00,2023-10-07 17:50:00,7.93,286.69,Completed,
T01680,D0138,R01594,Bangalore,HSR,Indiranagar,2023-10-24 15:37:00,2023-10-24 15:50:00,2023-10-24 16:01:00,8.37,206.28,Completed,
T01681,D0110,R00239,Mumbai,Bandra,Dadar,2023-10-18 23:59:00,2023-10-19 00:13:00,2023-10-19 00:29:00,8.81,269.75,Completed,
T01682,D0242,R00800,Bangalore,Whitefield,Electronic City,2023-10-02 22:02:00,2023-10-02 22:08:00,2023-10-02 22:41:00,13.34,389.54,Completed,
T01683,D0099,R00205,Bangalore,Indiranagar,Indiranagar,2023-10-02 05:47:00,2023-10-02 06:01:00,2023-10-02 06:24:00,5.12,192.95,Completed,
T01684,D0092,R00223,Mumbai,Dadar,Dadar,2023-10-16 11:57:00,2023-10-16 12:06:00,2023-10-16 12:52:00,3.93,166.74,Completed,
T01685,D0165,R00595,Mumbai,Andheri,Andheri,2023-10-26 13:10:00,,,0.5,68.53,Cancelled,System
T01686,D0230,R00702,Bangalore,HSR,Indiranagar,2023-10-14 20:03:00,2023-10-14 20:18:00,2023-10-14 20:40:00,11.65,221.13,Completed,
T01687,D0189,R01322,Mumbai,Powai,Worli,2023-10-26 01:03:00,,,9.3,301.15,Cancelled,Rider
T01688,D0014,R01684,Delhi,Connaught Place,Gurgaon,2023-10-06 15:35:00,2023-10-06 15:38:00,2023-10-06 16:26:00,4.29,186.36,Completed,
T01689,D0149,R00033,Mumbai,Dadar,Powai,2023-10-26 16:32:00,2023-10-26 16:37:00,2023-10-26 17:46:00,9.58,269.81,Completed,
T01690,D0104,R01571,Delhi,Gurgaon,Gurgaon,2023-10-08 12:52:00,2023-10-08 13:05:00,2023-10-08 13:41:00,6.98,196.93,Completed,
T01691,D0076,R00184,Mumbai,Worli,Powai,2023-10-30 21:22:00,,,4.25,143.94,Cancelled,Other
T01692,D0201,R00677,Bangalore,Electronic City,Koramangala,2023-10-25 08:39:00,2023-10-25 08:45:00,2023-10-25 09:04:00,1.14,95.98,Completed,
T01693,D0198,R00390,Mumbai,Andheri,Bandra,2023-10-01 23:14:00,2023-10-01 23:20:00,2023-10-01 23:41:00,6.47,255.2,Completed,
T01694,D0200,R00113,Bangalore,Whitefield,Electronic City,2023-10-14 09:35:00,2023-10-14 09:46:00,2023-10-14 10:56:00,12.49,362.44,Completed,
T01695,D0143,R00063,Delhi,Saket,Dwarka,2023-10-02 01:04:00,2023-10-02 01:19:00,2023-10-02 01:55:00,6.9,240.76,Completed,
T01696,D0080,R00668,Delhi,Gurgaon,Rohini,2023-10-10 19:49:00,2023-10-10 20:01:00,2023-10-10 20:25:00,11.38,343.41,Completed,
T01697,D0231,R01713,Delhi,Rohini,Connaught Place,2023-10-12 02:28:00,,,14.0,501.3,Cancelled,Driver
T01698,D0228,R00890,Mumbai,Powai,Andheri,2023-10-19 13:04:00,2023-10-19 13:16:00,2023-10-19 14:05:00,17.07,469.76,Completed,
T01699,D0104,R00545,Delhi,Connaught Place,Gurgaon,2023-10-07 16:49:00,2023-10-07 16:58:00,2023-10-07 17:50:00,4.71,199.7,Completed,
T01700,D0097,R01151,Mumbai,Dadar,Dadar,2023-10-27 01:46:00,2023-10-27 01:52:00,2023-10-27 02:02:00,2.31,102.45,Completed,
T01701,D0197,R00516,Bangalore,Indiranagar,HSR,2023-10-07 15:09:00,2023-10-07 15:24:00,2023-10-07 15:41:00,3.38,141.36,Completed,
T01702,D0039,R01283,Mumbai,Andheri,Andheri,2023-10-25 15:25:00,2023-10-25 15:36:00,2023-10-25 16:03:00,9.49,265.88,Completed,
T01703,D0193,R00801,Bangalore,Whitefield,Koramangala,2023-10-22 18:33:00,2023-10-22 18:42:00,2023-10-22 19:30:00,16.32,473.22,Completed,
T01704,D0214,R01369,Bangalore,Indiranagar,Electronic City,2023-10-06 07:33:00,,,6.46,232.8,Cancelled,Driver
T01705,D0013,R00165,Mumbai,Powai,Worli,2023-10-02 03:50:00,,,7.54,255.73,Cancelled,System
T01706,D0014,R01786,Bangalore,Electronic City,Whitefield,2023-10-15 15:02:00,2023-10-15 15:13:00,2023-10-15 15:35:00,9.68,225.66,Completed,
T01707,D0161,R00035,Delhi,Saket,Saket,2023-10-19 17:04:00,2023-10-19 17:11:00,2023-10-19 17:38:00,8.15,240.92,Completed,
T01708,D0073,R00826,Mumbai,Dadar,Bandra,2023-10-28 06:05:00,2023-10-28 06:10:00,2023-10-28 07:06:00,17.44,555.68,Completed,
T01709,D0089,R01281,Delhi,Saket,Saket,2023-10-07 05:51:00,2023-10-07 06:01:00,2023-10-07 06:57:00,10.49,256.02,Completed,
T01710,D0145,R00814,Bangalore,Electronic City,Electronic City,2023-10-08 07:49:00,2023-10-08 07:56:00,2023-10-08 08:07:00,3.01,122.95,Completed,
T01711,D0249,R00644,Mumbai,Powai,Bandra,2023-10-04 01:21:00,2023-10-04 01:26:00,2023-10-04 02:35:00,9.35,319.74,Completed,
T01712,D0235,R00951,Bangalore,Koramangala,Indiranagar,2023-10-16 16:32:00,,,12.39,408.99,Cancelled,Driver
T01713,D0021,R00488,Bangalore,Electronic City,HSR,2023-10-05 15:02:00,2023-10-05 15:17:00,2023-10-05 15:54:00,10.46,321.56,Completed,
T01714,D0127,R00917,Bangalore,Koramangala,Electronic City,2023-10-22 06:53:00,2023-10-22 06:59:00,2023-10-22 07:22:00,12.34,361.43,Completed,
T01715,D0068,R00098,Mumbai,Bandra,Dadar,2023-10-14 23:25:00,2023-10-14 23:37:00,2023-10-15 00:07:00,8.13,243.71,Completed,
T01716,D0012,R00485,Mumbai,Dadar,Bandra,2023-10-24 05:20:00,,,11.16,359.05,Cancelled,Driver
T01717,D0213,R00949,Delhi,Saket,Gurgaon,2023-10-12 09:12:00,2023-10-12 09:17:00,2023-10-12 10:24:00,6.62,227.84,Completed,
T01718,D0020,R01681,Bangalore,Electronic City,Electronic City,2023-10-09 11:52:00,2023-10-09 12:02:00,2023-10-09 13:09:00,9.43,309.85,Completed,
T01719,D0161,R01119,Bangalore,HSR,Whitefield,2023-10-05 15:46:00,2023-10-05 15:51:00,2023-10-05 16:37:00,0.5,71.84,Completed,
T01720,D0113,R01796,Delhi,Connaught Place,Gurgaon,2023-10-28 14:27:00,2023-10-28 14:38:00,2023-10-28 15:03:00,1.81,111.32,Completed,
T01721,D0175,R01514,Bangalore,Koramangala,Whitefield,2023-10-25 17:39:00,,,5.45,207.03,Cancelled,Other
T01722,D0140,R00980,Delhi,Connaught Place,Saket,2023-10-27 18:55:00,2023-10-27 18:59:00,2023-10-27 19:38:00,3.05,144.24,Completed,
T01723,D0231,R00748,Mumbai,Andheri,Dadar,2023-10-11 17:43:00,2023-10-11 17:58:00,2023-10-11 18:08:00,8.92,263.27,Completed,
T01724,D0022,R01381,Delhi,Dwarka,Connaught Place,2023-10-07 12:52:00,2023-10-07 13:00:00,2023-10-07 13:30:00,9.86,331.19,Completed,
T01725,D0004,R00543,Mumbai,Dadar,Worli,2023-10-17 15:48:00,2023-10-17 15:52:00,2023-10-17 16:45:00,4.27,162.23,Completed,
T01726,D0134,R00671,Bangalore,Electronic City,Whitefield,2023-10-04 07:35:00,2023-10-04 07:47:00,2023-10-04 08:05:00,9.93,302.3,Completed,
T01727,D0245,R00881,Mumbai,Worli,Worli,2023-10-28 00:59:00,2023-10-28 01:06:00,2023-10-28 01:31:00,2.7,117.48,Completed,
T01728,D0201,R00678,Delhi,Connaught Place,Gurgaon,2023-10-14 03:27:00,2023-10-14 03:30:00,2023-10-14 04:34:00,10.84,333.58,Completed,
T01729,D0170,R01040,Delhi,Rohini,Dwarka,2023-10-11 11:00:00,,,2.68,133.97,Cancelled,System
T01730,D0087,R01326,Mumbai,Andheri,Powai,2023-10-28 13:28:00,,,4.58,159.7,Cancelled,Driver
T01731,D0161,R01342,Mumbai,Dadar,Andheri,2023-10-21 13:33:00,2023-10-21 13:36:00,2023-10-21 14:30:00,1.46,99.28,Completed,
T01732,D0061,R01105,Mumbai,Bandra,Andheri,2023-10-09 03:33:00,,,5.26,203.63,Cancelled,Rider
T01733,D0071,R01360,Delhi,Saket,Saket,2023-10-21 13:42:00,2023-10-21 13:56:00,2023-10-21 14:46:00,13.37,428.98,Completed,
T01734,D0127,R01019,Delhi,Dwarka,Dwarka,2023-10-25 05:18:00,2023-10-25 05:27:00,2023-10-25 06:09:00,11.79,408.07,Completed,
T01735,D0148,R00652,Mumbai,Worli,Andheri,2023-10-24 11:44:00,2023-10-24 11:57:00,2023-10-24 12:41:00,9.62,300.11,Completed,
T01736,D0048,R00062,Mumbai,Powai,Dadar,2023-10-30 06:55:00,2023-10-30 07:09:00,2023-10-30 07:36:00,9.51,262.55,Completed,
T01737,D0085,R00573,Mumbai,Worli,Bandra,2023-10-29 04:42:00,2023-10-29 04:46:00,2023-10-29 05:06:00,7.6,246.81,Completed,
T01738,D0219,R01216,Delhi,Saket,Dwarka,2023-10-16 14:14:00,2023-10-16 14:23:00,2023-10-16 15:02:00,8.43,349.42,Completed,
T01739,D0212,R00273,Bangalore,Electronic City,Electronic City,2023-10-17 01:35:00,2023-10-17 01:48:00,2023-10-17 02:58:00,6.94,271.58,Completed,
T01740,D0213,R00697,Mumbai,Dadar,Bandra,2023-10-18 19:29:00,,,10.26,296.39,Cancelled,Driver
T01741,D0176,R00990,Mumbai,Bandra,Powai,2023-10-04 14:57:00,2023-10-04 15:05:00,2023-10-04 16:01:00,6.18,241.43,Completed,
T01742,D0248,R00704,Mumbai,Worli,Worli,2023-10-08 15:09:00,2023-10-08 15:23:00,2023-10-08 15:47:00,4.11,175.23,Completed,
T01743,D0027,R00802,Delhi,Rohini,Rohini,2023-10-17 20:11:00,2023-10-17 20:22:00,2023-10-17 21:17:00,13.23,387.37,Completed,
T01744,D0126,R00033,Bangalore,Electronic City,HSR,2023-10-30 09:24:00,2023-10-30 09:35:00,2023-10-30 10:05:00,17.91,460.23,Completed,
T01745,D0212,R01798,Mumbai,Worli,Worli,2023-10-14 01:48:00,2023-10-14 02:00:00,2023-10-14 02:17:00,11.92,359.95,Completed,
T01746,D0234,R01444,Bangalore,HSR,Electronic City,2023-10-06 03:38:00,2023-10-06 03:49:00,2023-10-06 04:52:00,7.27,242.64,Completed,
T01747,D0204,R00667,Bangalore,HSR,Whitefield,2023-10-13 05:57:00,2023-10-13 06:04:00,2023-10-13 06:19:00,9.95,285.53,Completed,
T01748,D0212,R00440,Bangalore,Whitefield,Whitefield,2023-10-15 20:55:00,2023-10-15 21:03:00,2023-10-15 21:52:00,13.55,453.39,Completed,
T01749,D0025,R01272,Delhi,Rohini,Dwarka,2023-10-24 20:55:00,2023-10-24 20:58:00,2023-10-24 21:09:00,1.51,103.02,Completed,
T01750,D0206,R00725,Delhi,Dwarka,Saket,2023-10-30 06:40:00,2023-10-30 06:43:00,2023-10-30 07:42:00,15.25,408.07,Completed,
T01751,D0136,R01150,Mumbai,Andheri,Worli,2023-10-29 00:31:00,,,12.36,414.91,Cancelled,Other
T01752,D0194,R01143,Delhi,Rohini,Saket,2023-10-06 23:46:00,2023-10-06 23:57:00,2023-10-07 00:40:00,8.21,282.4,Completed,
T01753,D0240,R00120,Bangalore,HSR,Electronic City,2023-10-07 05:28:00,2023-10-07 05:37:00,2023-10-07 06:13:00,11.14,262.9,Completed,
T01754,D0203,R01010,Delhi,Rohini,Gurgaon,2023-10-19 21:51:00,2023-10-19 21:56:00,2023-10-19 22:14:00,5.36,189.8,Completed,
T01755,D0139,R01776,Mumbai,Powai,Worli,2023-10-13 17:24:00,2023-10-13 17:32:00,2023-10-13 18:32:00,8.05,227.73,Completed,
T01756,D0129,R01420,Mumbai,Dadar,Powai,2023-10-09 02:10:00,2023-10-09 02:14:00,2023-10-09 03:15:00,16.98,445.58,Completed,
T01757,D0239,R00763,Bangalore,Indiranagar,Electronic City,2023-10-07 04:41:00,,,9.38,287.02,Cancelled,System
T01758,D0019,R01637,Delhi,Rohini,Rohini,2023-10-11 13:30:00,,,14.07,496.36,Cancelled,Driver
T01759,D0002,R00872,Bangalore,Electronic City,Indiranagar,2023-10-10 11:34:00,2023-10-10 11:47:00,2023-10-10 12:37:00,3.68,154.18,Completed,
T01760,D0073,R01202,Delhi,Gurgaon,Saket,2023-10-05 13:37:00,2023-10-05 13:46:00,2023-10-05 14:20:00,11.4,300.23,Completed,
T01761,D0247,R01306,Bangalore,Whitefield,HSR,2023-10-23 17:40:00,,,11.33,341.33,Cancelled,Other
T01762,D0039,R00344,Delhi,Rohini,Rohini,2023-10-19 19:24:00,2023-10-19 19:38:00,2023-10-19 20:33:00,13.81,483.02,Completed,
T01763,D0135,R00217,Bangalore,Indiranagar,Indiranagar,2023-10-04 04:00:00,2023-10-04 04:15:00,2023-10-04 05:17:00,10.94,270.28,Completed,
T01764,D0052,R01279,Bangalore,Koramangala,Koramangala,2023-10-06 17:56:00,2023-10-06 18:09:00,2023-10-06 18:38:00,12.66,326.16,Completed,
T01765,D0227,R01470,Mumbai,Worli,Dadar,2023-10-01 08:51:00,2023-10-01 08:56:00,2023-10-01 09:19:00,8.6,301.82,Completed,
T01766,D0137,R00934,Mumbai,Bandra,Bandra,2023-10-02 02:27:00,2023-10-02 02:31:00,2023-10-02 03:23:00,3.74,156.7,Completed,
T01767,D0119,R00991,Mumbai,Bandra,Dadar,2023-10-22 20:22:00,2023-10-22 20:35:00,2023-10-22 21:02:00,8.42,238.51,Completed,
T01768,D0242,R01372,Bangalore,Whitefield,Whitefield,2023-10-26 23:55:00,2023-10-27 00:10:00,2023-10-27 01:14:00,9.59,312.77,Completed,
T01769,D0062,R00901,Delhi,Connaught Place,Saket,2023-10-26 04:53:00,2023-10-26 04:58:00,2023-10-26 05:53:00,4.56,188.4,Completed,
T01770,D0118,R01157,Bangalore,Electronic City,Indiranagar,2023-10-03 21:09:00,2023-10-03 21:23:00,2023-10-03 21:46:00,10.75,400.44,Completed,
T01771,D0047,R01518,Bangalore,Whitefield,Indiranagar,2023-10-15 19:53:00,2023-10-15 20:05:00,2023-10-15 20:28:00,3.91,148.38,Completed,
T01772,D0205,R01133,Bangalore,Electronic City,Indiranagar,2023-10-20 10:30:00,2023-10-20 10:37:00,2023-10-20 11:02:00,9.46,284.6,Completed,
T01773,D0084,R01107,Bangalore,Indiranagar,HSR,2023-10-08 13:55:00,2023-10-08 14:07:00,2023-10-08 15:11:00,7.62,228.68,Completed,
T01774,D0069,R01010,Delhi,Dwarka,Dwarka,2023-10-15 00:29:00,2023-10-15 00:43:00,2023-10-15 01:40:00,2.76,130.09,Completed,
T01775,D0064,R01183,Mumbai,Dadar,Worli,2023-10-14 04:35:00,,,5.69,194.61,Cancelled,System
T01776,D0047,R00006,Delhi,Dwarka,Gurgaon,2023-10-06 07:13:00,,,2.32,107.09,Cancelled,Other
T01777,D0018,R01556,Bangalore,Electronic City,Whitefield,2023-10-21 00:45:00,2023-10-21 00:57:00,2023-10-21 01:36:00,5.61,229.29,Completed,
T01778,D0055,R01144,Delhi,Gurgaon,Dwarka,2023-10-06 02:53:00,2023-10-06 03:05:00,2023-10-06 04:15:00,11.32,318.38,Completed,
T01779,D0008,R00814,Bangalore,Koramangala,Electronic City,2023-10-07 19:00:00,2023-10-07 19:15:00,2023-10-07 19:48:00,8.53,257.71,Completed,
T01780,D0010,R01063,Bangalore,Electronic City,Electronic City,2023-10-08 21:15:00,,,8.01,300.79,Cancelled,Other
T01781,D0090,R01054,Delhi,Rohini,Dwarka,2023-10-20 22:49:00,2023-10-20 22:57:00,2023-10-20 23:49:00,6.27,179.14,Completed,
T01782,D0137,R01667,Bangalore,Koramangala,Indiranagar,2023-10-30 00:14:00,2023-10-30 00:29:00,2023-10-30 01:29:00,15.58,493.87,Completed,
T01783,D0078,R01627,Bangalore,Electronic City,HSR,2023-10-13 15:47:00,2023-10-13 15:59:00,2023-10-13 17:03:00,7.24,248.76,Completed,
T01784,D0018,R01777,Bangalore,Koramangala,Koramangala,2023-10-21 22:40:00,2023-10-21 22:54:00,2023-10-21 23:40:00,15.38,334.38,Completed,
T01785,D0148,R01360,Bangalore,Koramangala,Koramangala,2023-10-30 06:13:00,2023-10-30 06:27:00,2023-10-30 06:59:00,17.05,414.1,Completed,
T01786,D0123,R01687,Mumbai,Bandra,Andheri,2023-10-10 01:11:00,2023-10-10 01:14:00,2023-10-10 02:03:00,11.73,311.8,Completed,
T01787,D0121,R00298,Delhi,Saket,Connaught Place,2023-10-19 21:55:00,2023-10-19 22:07:00,2023-10-19 22:24:00,6.68,198.0,Completed,
T01788,D0188,R01435,Delhi,Saket,Saket,2023-10-07 20:51:00,2023-10-07 21:04:00,2023-10-07 22:13:00,9.03,303.21,Completed,
T01789,D0014,R00784,Mumbai,Dadar,Andheri,2023-10-07 08:31:00,2023-10-07 08:35:00,2023-10-07 08:52:00,9.3,237.35,Completed,
T01790,D0011,R01356,Bangalore,Electronic City,Whitefield,2023-10-09 05:22:00,2023-10-09 05:36:00,2023-10-09 06:07:00,7.73,220.15,Completed,
T01791,D0237,R00884,Bangalore,Whitefield,HSR,2023-10-10 00:12:00,2023-10-10 00:24:00,2023-10-10 00:46:00,8.36,259.89,Completed,
T01792,D0004,R01591,Bangalore,Electronic City,Koramangala,2023-10-25 09:37:00,2023-10-25 09:52:00,2023-10-25 10:21:00,0.63,77.18,Completed,
T01793,D0046,R01281,Bangalore,Electronic City,Indiranagar,2023-10-13 20:04:00,2023-10-13 20:17:00,2023-10-13 20:52:00,6.98,282.66,Completed,
T01794,D0148,R00264,Mumbai,Andheri,Worli,2023-10-01 09:32:00,2023-10-01 09:39:00,2023-10-01 10:13:00,10.77,326.47,Completed,
T01795,D0248,R01508,Bangalore,Koramangala,Indiranagar,2023-10-17 16:33:00,2023-10-17 16:48:00,2023-10-17 17:45:00,3.33,159.33,Completed,
T01796,D0153,R00200,Delhi,Dwarka,Saket,2023-10-26 21:21:00,2023-10-26 21:24:00,2023-10-26 22:23:00,9.47,247.46,Completed,
T01797,D0071,R00794,Bangalore,HSR,Indiranagar,2023-10-07 10:58:00,2023-10-07 11:09:00,2023-10-07 11:42:00,13.14,362.2,Completed,
T01798,D0067,R00289,Bangalore,Whitefield,Koramangala,2023-10-02 05:32:00,,,13.8,343.03,Cancelled,Driver
T01799,D0093,R00341,Mumbai,Worli,Worli,2023-10-06 14:28:00,2023-10-06 14:35:00,2023-10-06 14:48:00,3.44,148.28,Completed,
T01800,D0185,R00845,Bangalore,Indiranagar,Indiranagar,2023-10-21 03:59:00,2023-10-21 04:11:00,2023-10-21 04:22:00,12.12,389.11,Completed,
T01801,D0136,R01770,Bangalore,Indiranagar,Koramangala,2023-10-13 19:21:00,2023-10-13 19:28:00,2023-10-13 20:38:00,11.48,322.53,Completed,
T01802,D0009,R01156,Bangalore,Whitefield,HSR,2023-10-13 23:47:00,2023-10-13 23:56:00,2023-10-14 00:37:00,12.42,419.02,Completed,
T01803,D0160,R00584,Mumbai,Dadar,Bandra,2023-10-15 00:42:00,2023-10-15 00:50:00,2023-10-15 01:23:00,2.87,137.82,Completed,
T01804,D0123,R00890,Bangalore,Koramangala,Koramangala,2023-10-12 10:27:00,,,13.26,464.76,Cancelled,Other
T01805,D0016,R00055,Bangalore,Whitefield,Electronic City,2023-10-26 06:08:00,2023-10-26 06:11:00,2023-10-26 06:34:00,9.91,262.2,Completed,
T01806,D0116,R01058,Bangalore,Koramangala,Electronic City,2023-10-05 13:38:00,2023-10-05 13:43:00,2023-10-05 14:20:00,8.65,261.28,Completed,
T01807,D0025,R00063,Bangalore,Koramangala,HSR,2023-10-24 12:32:00,2023-10-24 12:37:00,2023-10-24 13:24:00,6.4,195.54,Completed,
T01808,D0119,R00111,Delhi,Saket,Dwarka,2023-10-03 18:24:00,2023-10-03 18:28:00,2023-10-03 18:53:00,4.41,169.3,Completed,
T01809,D0249,R01008,Mumbai,Powai,Bandra,2023-10-04 15:03:00,2023-10-04 15:14:00,2023-10-04 15:41:00,11.1,306.9,Completed,
T01810,D0030,R01089,Mumbai,Worli,Powai,2023-10-08 23:07:00,2023-10-08 23:12:00,2023-10-08 23:44:00,13.6,410.89,Completed,
T01811,D0181,R00012,Mumbai,Powai,Bandra,2023-10-20 09:12:00,2023-10-20 09:16:00,2023-10-20 10:01:00,8.48,280.32,Completed,
T01812,D0156,R00521,Delhi,Saket,Saket,2023-10-10 02:51:00,2023-10-10 03:01:00,2023-10-10 04:10:00,12.45,270.9,Completed,
T01813,D0021,R01749,Mumbai,Dadar,Andheri,2023-10-07 18:39:00,2023-10-07 18:44:00,2023-10-07 19:38:00,11.23,353.81,Completed,
T01814,D0069,R01207,Bangalore,Koramangala,Koramangala,2023-10-03 14:53:00,2023-10-03 15:01:00,2023-10-03 15:51:00,5.42,203.93,Completed,
T01815,D0115,R00041,Bangalore,HSR,Electronic City,2023-10-03 07:14:00,2023-10-03 07:21:00,2023-10-03 07:33:00,7.47,233.42,Completed,
T01816,D0197,R01176,Bangalore,Koramangala,HSR,2023-10-25 18:03:00,,,14.27,454.19,Cancelled,System
T01817,D0082,R01655,Bangalore,Electronic City,HSR,2023-10-03 23:50:00,2023-10-04 00:01:00,2023-10-04 00:13:00,13.8,424.91,Completed,
T01818,D0211,R01309,Delhi,Dwarka,Connaught Place,2023-10-28 05:06:00,2023-10-28 05:17:00,2023-10-28 05:58:00,14.47,368.9,Completed,
T01819,D0152,R01536,Bangalore,HSR,Koramangala,2023-10-22 01:59:00,2023-10-22 02:11:00,2023-10-22 02:56:00,11.51,380.42,Completed,
T01820,D0245,R00983,Mumbai,Worli,Powai,2023-10-18 09:15:00,2023-10-18 09:18:00,2023-10-18 09:59:00,9.19,319.29,Completed,
T01821,D0213,R01056,Bangalore,Electronic City,Electronic City,2023-10-11 14:49:00,2023-10-11 15:03:00,2023-10-11 15:57:00,7.38,261.36,Completed,
T01822,D0146,R00138,Mumbai,Powai,Bandra,2023-10-27 12:38:00,,,12.85,379.73,Cancelled,Driver
T01823,D0007,R00352,Mumbai,Andheri,Andheri,2023-10-07 08:26:00,2023-10-07 08:37:00,2023-10-07 09:41:00,12.72,395.8,Completed,
T01824,D0216,R01286,Mumbai,Powai,Andheri,2023-10-03 11:59:00,2023-10-03 12:14:00,2023-10-03 13:06:00,8.02,253.98,Completed,
T01825,D0061,R01034,Delhi,Gurgaon,Saket,2023-10-04 19:24:00,2023-10-04 19:35:00,2023-10-04 20:23:00,6.85,195.1,Completed,
T01826,D0022,R01355,Bangalore,Electronic City,Koramangala,2023-10-06 02:17:00,,,14.8,407.62,Cancelled,System
T01827,D0238,R00247,Bangalore,Whitefield,HSR,2023-10-25 21:03:00,2023-10-25 21:08:00,2023-10-25 22:06:00,8.19,305.22,Completed,
T01828,D0189,R00897,Delhi,Connaught Place,Gurgaon,2023-10-24 08:29:00,,,4.61,166.67,Cancelled,System
T01829,D0208,R01366,Bangalore,Koramangala,Indiranagar,2023-10-03 19:24:00,2023-10-03 19:32:00,2023-10-03 20:12:00,4.46,166.87,Completed,
T01830,D0145,R00173,Bangalore,Indiranagar,Electronic City,2023-10-18 07:20:00,2023-10-18 07:33:00,2023-10-18 08:25:00,7.05,229.26,Completed,
T01831,D0070,R00949,Mumbai,Dadar,Worli,2023-10-27 20:54:00,2023-10-27 21:05:00,2023-10-27 21:24:00,5.1,174.93,Completed,
T01832,D0171,R00242,Delhi,Rohini,Connaught Place,2023-10-22 17:09:00,2023-10-22 17:15:00,2023-10-22 18:10:00,7.93,300.3,Completed,
T01833,D0029,R00363,Delhi,Saket,Rohini,2023-10-20 06:35:00,2023-10-20 06:48:00,2023-10-20 07:13:00,16.75,517.98,Completed,
T01834,D0143,R00943,Delhi,Gurgaon,Saket,2023-10-26 04:15:00,2023-10-26 04:30:00,2023-10-26 05:39:00,7.87,227.75,Completed,
T01835,D0164,R01711,Bangalore,Electronic City,Whitefield,2023-10-14 07:52:00,2023-10-14 08:05:00,2023-10-14 08:33:00,5.19,176.46,Completed,
T01836,D0064,R01048,Mumbai,Powai,Bandra,2023-10-25 21:14:00,2023-10-25 21:21:00,2023-10-25 21:59:00,12.39,349.07,Completed,
T01837,D0003,R00729,Bangalore,Electronic City,Indiranagar,2023-10-21 04:54:00,2023-10-21 04:59:00,2023-10-21 06:08:00,6.43,242.36,Completed,
T01838,D0071,R01595,Delhi,Dwarka,Rohini,2023-10-19 12:08:00,2023-10-19 12:20:00,2023-10-19 13:20:00,11.84,395.59,Completed,
T01839,D0137,R00530,Delhi,Saket,Saket,2023-10-19 05:02:00,2023-10-19 05:11:00,2023-10-19 05:29:00,8.66,286.44,Completed,
T01840,D0114,R00615,Bangalore,Koramangala,Indiranagar,2023-10-24 23:51:00,2023-10-24 23:55:00,2023-10-25 00:10:00,9.27,295.0,Completed,
T01841,D0230,R01311,Bangalore,Indiranagar,Indiranagar,2023-10-27 16:36:00,2023-10-27 16:51:00,2023-10-27 17:39:00,7.91,228.35,Completed,
T01842,D0028,R00383,Delhi,Dwarka,Connaught Place,2023-10-19 12:58:00,2023-10-19 13:01:00,2023-10-19 13:32:00,4.46,174.34,Completed,
T01843,D0143,R00340,Mumbai,Powai,Powai,2023-10-15 14:51:00,2023-10-15 15:05:00,2023-10-15 15:16:00,2.86,143.14,Completed,
T01844,D0038,R01788,Mumbai,Bandra,Powai,2023-10-23 13:19:00,2023-10-23 13:32:00,2023-10-23 13:44:00,5.35,178.63,Completed,
T01845,D0202,R00992,Mumbai,Andheri,Worli,2023-10-02 06:51:00,2023-10-02 07:06:00,2023-10-02 08:03:00,7.32,249.11,Completed,
T01846,D0153,R01494,Bangalore,Koramangala,Whitefield,2023-10-12 18:33:00,2023-10-12 18:44:00,2023-10-12 19:28:00,8.61,226.66,Completed,
T01847,D0038,R00215,Mumbai,Bandra,Powai,2023-10-26 02:00:00,2023-10-26 02:11:00,2023-10-26 03:15:00,11.29,359.47,Completed,
T01848,D0236,R01359,Delhi,Gurgaon,Gurgaon,2023-10-09 09:45:00,2023-10-09 09:54:00,2023-10-09 10:43:00,6.26,230.26,Completed,
T01849,D0102,R01162,Bangalore,HSR,Koramangala,2023-10-27 11:26:00,2023-10-27 11:37:00,2023-10-27 12:11:00,5.21,184.73,Completed,
T01850,D0151,R01257,Mumbai,Bandra,Worli,2023-10-16 11:40:00,2023-10-16 11:44:00,2023-10-16 12:01:00,6.22,249.17,Completed,
T01851,D0015,R01428,Delhi,Saket,Connaught Place,2023-10-09 05:14:00,,,11.01,195.42,Cancelled,Rider
T01852,D0019,R01221,Mumbai,Worli,Worli,2023-10-06 03:51:00,2023-10-06 03:57:00,2023-10-06 05:00:00,2.79,138.18,Completed,
T01853,D0108,R01055,Mumbai,Worli,Powai,2023-10-10 10:15:00,2023-10-10 10:20:00,2023-10-10 10:36:00,3.17,149.85,Completed,
T01854,D0154,R01334,Mumbai,Worli,Powai,2023-10-17 22:44:00,2023-10-17 22:56:00,2023-10-17 23:47:00,7.24,241.84,Completed,
T01855,D0136,R00769,Bangalore,HSR,Electronic City,2023-10-14 14:16:00,,,8.5,283.05,Cancelled,Other
T01856,D0111,R00030,Delhi,Rohini,Rohini,2023-10-20 19:02:00,2023-10-20 19:09:00,2023-10-20 19:29:00,15.21,473.43,Completed,
T01857,D0126,R01603,Mumbai,Powai,Powai,2023-10-17 13:47:00,2023-10-17 13:59:00,2023-10-17 14:37:00,3.98,187.9,Completed,
T01858,D0201,R01603,Bangalore,HSR,HSR,2023-10-09 18:01:00,2023-10-09 18:07:00,2023-10-09 19:11:00,5.23,176.87,Completed,
T01859,D0201,R00593,Mumbai,Andheri,Andheri,2023-10-18 08:26:00,2023-10-18 08:34:00,2023-10-18 09:28:00,3.91,137.79,Completed,
T01860,D0086,R01383,Mumbai,Dadar,Bandra,2023-10-29 18:59:00,2023-10-29 19:02:00,2023-10-29 19:56:00,3.28,166.51,Completed,
T01861,D0045,R00980,Bangalore,Whitefield,HSR,2023-10-06 09:20:00,2023-10-06 09:30:00,2023-10-06 10:07:00,11.35,413.57,Completed,
T01862,D0196,R00576,Mumbai,Andheri,Andheri,2023-10-07 02:43:00,2023-10-07 02:47:00,2023-10-07 03:08:00,9.37,297.9,Completed,
T01863,D0209,R00123,Mumbai,Andheri,Worli,2023-10-23 21:48:00,,,3.78,150.7,Cancelled,Other
T01864,D0122,R00262,Bangalore,Indiranagar,Koramangala,2023-10-05 22:20:00,2023-10-05 22:30:00,2023-10-05 23:15:00,13.05,379.49,Completed,
T01865,D0153,R01643,Bangalore,HSR,Whitefield,2023-10-27 07:09:00,,,2.68,146.25,Cancelled,Driver
T01866,D0203,R01496,Bangalore,Koramangala,Indiranagar,2023-10-19 14:14:00,2023-10-19 14:18:00,2023-10-19 14:37:00,12.26,443.42,Completed,
T01867,D0136,R00881,Bangalore,HSR,Electronic City,2023-10-10 06:42:00,2023-10-10 06:50:00,2023-10-10 07:14:00,7.74,189.44,Completed,
T01868,D0222,R00755,Delhi,Rohini,Gurgaon,2023-10-18 13:28:00,2023-10-18 13:41:00,2023-10-18 14:01:00,13.35,413.95,Completed,
T01869,D0033,R01800,Bangalore,HSR,HSR,2023-10-15 02:20:00,2023-10-15 02:31:00,2023-10-15 03:01:00,2.26,111.17,Completed,
T01870,D0009,R01336,Mumbai,Dadar,Powai,2023-10-03 03:29:00,2023-10-03 03:37:00,2023-10-03 04:05:00,5.42,203.46,Completed,
T01871,D0223,R01461,Delhi,Saket,Rohini,2023-10-07 15:04:00,2023-10-07 15:10:00,2023-10-07 15:29:00,9.92,294.8,Completed,
T01872,D0196,R01671,Delhi,Connaught Place,Saket,2023-10-28 23:30:00,2023-10-28 23:42:00,2023-10-29 00:38:00,14.49,409.69,Completed,
T01873,D0196,R00341,Mumbai,Dadar,Bandra,2023-10-19 02:52:00,2023-10-19 03:05:00,2023-10-19 04:02:00,5.55,171.3,Completed,
T01874,D0223,R00973,Bangalore,HSR,Koramangala,2023-10-09 17:18:00,,,2.6,121.17,Cancelled,Driver
T01875,D0016,R00086,Delhi,Rohini,Rohini,2023-10-25 16:59:00,2023-10-25 17:05:00,2023-10-25 18:07:00,14.89,475.03,Completed,
T01876,D0050,R01473,Delhi,Gurgaon,Gurgaon,2023-10-29 21:57:00,2023-10-29 22:03:00,2023-10-29 22:33:00,3.0,121.54,Completed,
T01877,D0160,R00025,Bangalore,Koramangala,Koramangala,2023-10-13 03:22:00,,,7.09,255.13,Cancelled,System
T01878,D0184,R01726,Delhi,Saket,Rohini,2023-10-04 03:30:00,,,4.08,169.07,Cancelled,Driver
T01879,D0066,R00110,Bangalore,Electronic City,Indiranagar,2023-10-13 16:34:00,2023-10-13 16:41:00,2023-10-13 17:18:00,6.68,204.9,Completed,
T01880,D0177,R01132,Delhi,Connaught Place,Connaught Place,2023-10-17 10:59:00,2023-10-17 11:13:00,2023-10-17 12:13:00,6.26,205.95,Completed,
T01881,D0194,R00302,Delhi,Gurgaon,Saket,2023-10-30 14:58:00,,,7.97,231.54,Cancelled,Driver
T01882,D0170,R01187,Delhi,Saket,Gurgaon,2023-10-24 07:46:00,2023-10-24 07:58:00,2023-10-24 08:44:00,4.67,172.29,Completed,
T01883,D0199,R00645,Delhi,Saket,Gurgaon,2023-10-24 09:57:00,2023-10-24 10:00:00,2023-10-24 10:29:00,13.14,335.92,Completed,
T01884,D0215,R00772,Delhi,Dwarka,Connaught Place,2023-10-07 01:06:00,2023-10-07 01:11:00,2023-10-07 01:37:00,7.84,289.86,Completed,
T01885,D0139,R00418,Bangalore,Electronic City,Indiranagar,2023-10-28 05:24:00,2023-10-28 05:31:00,2023-10-28 05:49:00,6.26,229.46,Completed,
T01886,D0042,R01324,Delhi,Gurgaon,Saket,2023-10-21 11:00:00,2023-10-21 11:05:00,2023-10-21 11:22:00,9.02,349.3,Completed,
T01887,D0236,R01776,Bangalore,Electronic City,Koramangala,2023-10-18 20:03:00,2023-10-18 20:08:00,2023-10-18 20:51:00,13.35,369.83,Completed,
T01888,D0143,R00031,Delhi,Dwarka,Dwarka,2023-10-27 07:24:00,,,9.5,314.29,Cancelled,Driver
T01889,D0005,R00093,Bangalore,Koramangala,Electronic City,2023-10-01 02:18:00,2023-10-01 02:27:00,2023-10-01 02:44:00,4.09,159.74,Completed,
T01890,D0172,R00250,Delhi,Connaught Place,Gurgaon,2023-10-28 03:56:00,,,13.76,363.95,Cancelled,Other
T01891,D0049,R01133,Bangalore,HSR,HSR,2023-10-14 10:44:00,2023-10-14 10:58:00,2023-10-14 11:23:00,9.46,266.61,Completed,
T01892,D0165,R00566,Delhi,Saket,Gurgaon,2023-10-12 02:28:00,,,2.83,120.61,Cancelled,Other
T01893,D0050,R01386,Delhi,Connaught Place,Connaught Place,2023-10-07 07:00:00,2023-10-07 07:08:00,2023-10-07 08:11:00,0.5,75.59,Completed,
T01894,D0188,R00374,Bangalore,Koramangala,HSR,2023-10-10 00:52:00,2023-10-10 01:01:00,2023-10-10 02:09:00,16.05,474.17,Completed,
T01895,D0244,R01412,Mumbai,Andheri,Dadar,2023-10-15 23:49:00,2023-10-15 23:57:00,2023-10-16 00:08:00,3.0,150.65,Completed,
T01896,D0109,R00760,Mumbai,Powai,Andheri,2023-10-18 17:54:00,2023-10-18 18:03:00,2023-10-18 19:11:00,16.26,529.64,Completed,
T01897,D0181,R00004,Delhi,Saket,Gurgaon,2023-10-05 02:37:00,,,11.35,342.35,Cancelled,System
T01898,D0103,R00962,Mumbai,Andheri,Worli,2023-10-05 13:51:00,2023-10-05 14:06:00,2023-10-05 14:55:00,13.23,357.57,Completed,
T01899,D0095,R00603,Delhi,Gurgaon,Dwarka,2023-10-01 16:25:00,2023-10-01 16:36:00,2023-10-01 16:58:00,8.77,242.14,Completed,
T01900,D0186,R01608,Mumbai,Andheri,Worli,2023-10-25 07:35:00,2023-10-25 07:47:00,2023-10-25 08:26:00,6.8,218.9,Completed,
T01901,D0111,R01084,Bangalore,Whitefield,Electronic City,2023-10-25 13:45:00,2023-10-25 13:49:00,2023-10-25 14:29:00,2.86,129.46,Completed,
T01902,D0008,R00159,Bangalore,Electronic City,Whitefield,2023-10-17 13:40:00,2023-10-17 13:50:00,2023-10-17 14:54:00,6.38,210.75,Completed,
T01903,D0178,R01437,Mumbai,Powai,Dadar,2023-10-02 01:31:00,2023-10-02 01:36:00,2023-10-02 02:13:00,15.21,544.28,Completed,
T01904,D0148,R01134,Delhi,Connaught Place,Gurgaon,2023-10-24 18:08:00,2023-10-24 18:15:00,2023-10-24 18:30:00,11.23,309.24,Completed,
T01905,D0241,R00944,Mumbai,Dadar,Dadar,2023-10-07 08:02:00,2023-10-07 08:10:00,2023-10-07 08:27:00,4.99,189.13,Completed,
T01906,D0172,R00153,Mumbai,Andheri,Worli,2023-10-05 02:32:00,2023-10-05 02:37:00,2023-10-05 03:37:00,4.57,175.58,Completed,
T01907,D0142,R00283,Delhi,Saket,Rohini,2023-10-30 08:29:00,2023-10-30 08:38:00,2023-10-30 09:48:00,13.79,452.31,Completed,
T01908,D0037,R00110,Bangalore,HSR,HSR,2023-10-08 09:43:00,2023-10-08 09:47:00,2023-10-08 10:25:00,3.75,156.28,Completed,
T01909,D0027,R01711,Mumbai,Andheri,Powai,2023-10-07 00:03:00,2023-10-07 00:13:00,2023-10-07 01:16:00,6.6,243.08,Completed,
T01910,D0033,R01701,Mumbai,Andheri,Worli,2023-10-24 00:27:00,2023-10-24 00:35:00,2023-10-24 01:16:00,6.67,220.22,Completed,
T01911,D0017,R00564,Bangalore,Koramangala,Whitefield,2023-10-03 06:22:00,2023-10-03 06:30:00,2023-10-03 07:06:00,9.69,361.64,Completed,
T01912,D0212,R00334,Bangalore,Electronic City,Electronic City,2023-10-10 14:45:00,2023-10-10 14:50:00,2023-10-10 15:32:00,11.09,296.37,Completed,
T01913,D0002,R00330,Mumbai,Powai,Dadar,2023-10-13 17:49:00,2023-10-13 18:00:00,2023-10-13 18:21:00,2.71,129.19,Completed,
T01914,D0035,R00013,Bangalore,Whitefield,Koramangala,2023-10-05 02:24:00,,,17.06,558.04,Cancelled,System
T01915,D0242,R01177,Bangalore,HSR,Koramangala,2023-10-16 23:51:00,2023-10-16 23:55:00,2023-10-17 00:12:00,5.37,144.65,Completed,
T01916,D0217,R00646,Delhi,Dwarka,Saket,2023-10-09 02:25:00,2023-10-09 02:38:00,2023-10-09 02:53:00,12.47,240.26,Completed,
T01917,D0191,R01682,Bangalore,Electronic City,Indiranagar,2023-10-02 23:38:00,2023-10-02 23:48:00,2023-10-03 00:01:00,16.03,419.02,Completed,
T01918,D0009,R00010,Bangalore,Whitefield,HSR,2023-10-02 23:53:00,2023-10-03 00:06:00,2023-10-03 00:16:00,10.47,269.45,Completed,
T01919,D0023,R01432,Delhi,Rohini,Dwarka,2023-10-30 17:57:00,,,5.41,186.85,Cancelled,System
T01920,D0205,R01772,Delhi,Saket,Rohini,2023-10-07 09:50:00,2023-10-07 10:02:00,2023-10-07 10:25:00,3.24,144.44,Completed,
T01921,D0066,R01279,Bangalore,Electronic City,Indiranagar,2023-10-28 02:05:00,2023-10-28 02:19:00,2023-10-28 02:34:00,6.55,226.01,Completed,
T01922,D0207,R01585,Mumbai,Andheri,Andheri,2023-10-10 04:50:00,2023-10-10 05:05:00,2023-10-10 06:01:00,5.81,201.4,Completed,
T01923,D0012,R01403,Mumbai,Bandra,Andheri,2023-10-16 02:56:00,2023-10-16 03:05:00,2023-10-16 03:29:00,9.41,240.33,Completed,
T01924,D0055,R00525,Mumbai,Worli,Bandra,2023-10-14 12:09:00,,,9.86,244.24,Cancelled,Other
T01925,D0108,R00080,Mumbai,Dadar,Dadar,2023-10-07 21:21:00,2023-10-07 21:32:00,2023-10-07 22:09:00,5.85,216.69,Completed,
T01926,D0141,R01110,Bangalore,Electronic City,Indiranagar,2023-10-27 18:33:00,2023-10-27 18:40:00,2023-10-27 19:49:00,7.89,233.73,Completed,
T01927,D0248,R01292,Delhi,Rohini,Saket,2023-10-14 19:39:00,2023-10-14 19:54:00,2023-10-14 21:02:00,9.72,266.7,Completed,
T01928,D0013,R00103,Bangalore,Whitefield,HSR,2023-10-25 14:02:00,2023-10-25 14:09:00,2023-10-25 15:04:00,15.46,483.76,Completed,
T01929,D0086,R00375,Mumbai,Andheri,Worli,2023-10-29 05:04:00,2023-10-29 05:10:00,2023-10-29 05:56:00,5.85,223.98,Completed,
T01930,D0240,R01434,Bangalore,HSR,Koramangala,2023-10-25 14:44:00,2023-10-25 14:54:00,2023-10-25 15:44:00,8.69,260.78,Completed,
T01931,D0027,R00948,Delhi,Gurgaon,Saket,2023-10-28 07:27:00,,,9.85,315.89,Cancelled,Driver
T01932,D0176,R00797,Bangalore,Koramangala,Indiranagar,2023-10-28 08:28:00,2023-10-28 08:38:00,2023-10-28 09:31:00,6.92,253.38,Completed,
T01933,D0007,R00549,Bangalore,Koramangala,Indiranagar,2023-10-29 20:19:00,2023-10-29 20:27:00,2023-10-29 21:29:00,1.99,97.44,Completed,
T01934,D0171,R01159,Bangalore,HSR,Koramangala,2023-10-04 18:19:00,2023-10-04 18:34:00,2023-10-04 19:41:00,5.29,199.25,Completed,
T01935,D0221,R00228,Bangalore,HSR,Indiranagar,2023-10-08 04:28:00,2023-10-08 04:32:00,2023-10-08 05:02:00,11.93,259.4,Completed,
T01936,D0233,R00902,Delhi,Gurgaon,Rohini,2023-10-09 07:59:00,,,14.21,397.99,Cancelled,System
T01937,D0073,R00392,Bangalore,Indiranagar,Whitefield,2023-10-20 22:28:00,2023-10-20 22:38:00,2023-10-20 23:33:00,9.43,280.84,Completed,
T01938,D0013,R01319,Delhi,Connaught Place,Dwarka,2023-10-26 01:33:00,,,7.12,201.27,Cancelled,System
T01939,D0013,R00623,Delhi,Connaught Place,Dwarka,2023-10-03 23:49:00,2023-10-04 00:01:00,2023-10-04 00:24:00,0.65,80.33,Completed,
T01940,D0031,R00094,Delhi,Gurgaon,Gurgaon,2023-10-27 08:23:00,2023-10-27 08:29:00,2023-10-27 09:06:00,3.05,159.69,Completed,
T01941,D0017,R01340,Delhi,Rohini,Gurgaon,2023-10-13 22:26:00,2023-10-13 22:30:00,2023-10-13 22:54:00,6.8,265.67,Completed,
T01942,D0246,R01162,Delhi,Rohini,Dwarka,2023-10-08 22:20:00,2023-10-08 22:28:00,2023-10-08 23:21:00,4.72,203.88,Completed,
T01943,D0100,R01183,Bangalore,Koramangala,Koramangala,2023-10-17 10:41:00,2023-10-17 10:53:00,2023-10-17 12:03:00,18.1,580.42,Completed,
T01944,D0110,R01120,Mumbai,Dadar,Dadar,2023-10-26 23:53:00,,,12.73,343.49,Cancelled,Driver
T01945,D0012,R01423,Mumbai,Bandra,Bandra,2023-10-12 23:00:00,2023-10-12 23:11:00,2023-10-12 23:38:00,19.05,381.19,Completed,
T01946,D0146,R01766,Delhi,Dwarka,Connaught Place,2023-10-09 19:43:00,,,6.34,255.32,Cancelled,System
T01947,D0126,R00017,Bangalore,Indiranagar,Indiranagar,2023-10-18 20:51:00,2023-10-18 20:59:00,2023-10-18 21:29:00,8.93,214.2,Completed,
T01948,D0213,R00267,Delhi,Saket,Dwarka,2023-10-16 20:02:00,2023-10-16 20:10:00,2023-10-16 20:36:00,0.5,72.75,Completed,
T01949,D0118,R01173,Mumbai,Bandra,Bandra,2023-10-05 19:31:00,2023-10-05 19:36:00,2023-10-05 20:28:00,9.07,298.54,Completed,
T01950,D0085,R01171,Bangalore,Koramangala,Whitefield,2023-10-15 00:06:00,,,14.42,460.51,Cancelled,Driver
T01951,D0092,R00848,Delhi,Gurgaon,Rohini,2023-10-03 02:40:00,2023-10-03 02:51:00,2023-10-03 03:59:00,1.92,93.26,Completed,
T01952,D0039,R00451,Bangalore,Indiranagar,Electronic City,2023-10-01 15:13:00,,,11.43,375.86,Cancelled,Other
T01953,D0230,R01545,Bangalore,Electronic City,Electronic City,2023-10-13 19:34:00,2023-10-13 19:44:00,2023-10-13 20:15:00,17.25,450.14,Completed,
T01954,D0083,R00639,Delhi,Dwarka,Saket,2023-10-21 12:46:00,,,9.6,287.37,Cancelled,Other
T01955,D0245,R01633,Bangalore,Koramangala,Indiranagar,2023-10-11 12:15:00,,,2.19,122.45,Cancelled,Rider
T01956,D0091,R00051,Mumbai,Worli,Bandra,2023-10-17 20:11:00,2023-10-17 20:21:00,2023-10-17 21:27:00,12.43,396.73,Completed,
T01957,D0030,R01128,Bangalore,Koramangala,Indiranagar,2023-10-21 05:58:00,2023-10-21 06:12:00,2023-10-21 07:10:00,7.17,253.4,Completed,
T01958,D0180,R00139,Bangalore,HSR,Electronic City,2023-10-20 15:15:00,,,14.29,476.56,Cancelled,Rider
T01959,D0147,R00889,Bangalore,Koramangala,Koramangala,2023-10-24 18:26:00,,,7.46,201.72,Cancelled,Driver
T01960,D0055,R00641,Delhi,Gurgaon,Saket,2023-10-20 20:48:00,2023-10-20 21:02:00,2023-10-20 21:49:00,6.0,236.38,Completed,
T01961,D0043,R00104,Delhi,Rohini,Dwarka,2023-10-22 09:51:00,2023-10-22 09:54:00,2023-10-22 10:49:00,12.73,414.45,Completed,
T01962,D0196,R01247,Mumbai,Bandra,Worli,2023-10-25 08:20:00,2023-10-25 08:31:00,2023-10-25 09:05:00,6.28,206.36,Completed,
T01963,D0231,R00110,Delhi,Connaught Place,Gurgaon,2023-10-22 19:50:00,2023-10-22 19:57:00,2023-10-22 21:02:00,4.91,181.75,Completed,
T01964,D0185,R01260,Bangalore,HSR,Electronic City,2023-10-08 15:38:00,2023-10-08 15:49:00,2023-10-08 16:12:00,9.2,300.45,Completed,
T01965,D0238,R00122,Bangalore,HSR,Koramangala,2023-10-29 10:57:00,,,9.29,346.53,Cancelled,Rider
T01966,D0125,R00136,Mumbai,Dadar,Powai,2023-10-13 16:27:00,,,4.85,155.26,Cancelled,Driver
T01967,D0182,R00027,Delhi,Dwarka,Connaught Place,2023-10-28 10:01:00,2023-10-28 10:14:00,2023-10-28 11:11:00,10.58,325.91,Completed,
T01968,D0013,R01469,Delhi,Saket,Saket,2023-10-10 11:02:00,2023-10-10 11:07:00,2023-10-10 11:25:00,8.0,242.26,Completed,
T01969,D0179,R01591,Mumbai,Bandra,Worli,2023-10-06 18:55:00,,,8.75,334.38,Cancelled,Driver
T01970,D0086,R01398,Bangalore,Koramangala,HSR,2023-10-20 00:29:00,,,5.15,200.14,Cancelled,Driver
T01971,D0060,R01198,Delhi,Connaught Place,Gurgaon,2023-10-28 01:45:00,,,4.37,176.39,Cancelled,Other
T01972,D0034,R00852,Delhi,Connaught Place,Saket,2023-10-11 04:56:00,2023-10-11 05:08:00,2023-10-11 05:23:00,6.15,181.07,Completed,
T01973,D0222,R00447,Mumbai,Andheri,Andheri,2023-10-18 05:00:00,2023-10-18 05:14:00,2023-10-18 05:57:00,10.01,292.14,Completed,
T01974,D0216,R00803,Mumbai,Bandra,Bandra,2023-10-12 06:49:00,,,5.39,190.31,Cancelled,Other
T01975,D0206,R01027,Delhi,Connaught Place,Rohini,2023-10-04 16:38:00,,,12.37,349.91,Cancelled,Driver
T01976,D0227,R01543,Mumbai,Andheri,Dadar,2023-10-26 08:35:00,2023-10-26 08:44:00,2023-10-26 09:23:00,12.66,294.85,Completed,
T01977,D0239,R00124,Bangalore,HSR,Electronic City,2023-10-18 22:21:00,2023-10-18 22:29:00,2023-10-18 23:02:00,1.97,103.16,Completed,
T01978,D0077,R00628,Mumbai,Worli,Bandra,2023-10-12 14:14:00,2023-10-12 14:20:00,2023-10-12 15:13:00,4.54,180.49,Completed,
T01979,D0146,R00930,Delhi,Dwarka,Dwarka,2023-10-11 05:27:00,2023-10-11 05:36:00,2023-10-11 05:56:00,14.27,421.17,Completed,
T01980,D0035,R00444,Bangalore,Whitefield,Indiranagar,2023-10-18 12:53:00,2023-10-18 12:58:00,2023-10-18 13:24:00,9.37,280.32,Completed,
T01981,D0241,R01391,Delhi,Gurgaon,Gurgaon,2023-10-16 15:13:00,2023-10-16 15:18:00,2023-10-16 15:34:00,7.44,223.93,Completed,
T01982,D0137,R00201,Delhi,Gurgaon,Saket,2023-10-02 18:54:00,2023-10-02 19:07:00,2023-10-02 19:56:00,13.6,377.05,Completed,
T01983,D0062,R01170,Bangalore,Whitefield,HSR,2023-10-30 02:28:00,2023-10-30 02:41:00,2023-10-30 03:29:00,13.77,356.56,Completed,
T01984,D0144,R00944,Bangalore,Indiranagar,HSR,2023-10-10 03:33:00,2023-10-10 03:40:00,2023-10-10 04:50:00,8.64,294.5,Completed,
T01985,D0094,R01670,Delhi,Connaught Place,Dwarka,2023-10-03 14:55:00,2023-10-03 15:01:00,2023-10-03 16:11:00,8.99,312.36,Completed,
T01986,D0181,R00058,Bangalore,HSR,HSR,2023-10-04 13:56:00,,,11.34,298.13,Cancelled,Other
T01987,D0200,R00678,Mumbai,Dadar,Dadar,2023-10-22 05:59:00,2023-10-22 06:06:00,2023-10-22 06:47:00,12.95,350.2,Completed,
T01988,D0185,R00492,Delhi,Saket,Rohini,2023-10-13 05:00:00,2023-10-13 05:06:00,2023-10-13 05:39:00,13.13,344.94,Completed,
T01989,D0220,R00783,Delhi,Connaught Place,Saket,2023-10-22 11:45:00,2023-10-22 12:00:00,2023-10-22 12:42:00,3.61,165.48,Completed,
T01990,D0033,R00017,Bangalore,Electronic City,HSR,2023-10-13 18:13:00,2023-10-13 18:24:00,2023-10-13 19:18:00,6.37,239.66,Completed,
T01991,D0131,R00662,Delhi,Rohini,Gurgaon,2023-10-14 22:36:00,2023-10-14 22:48:00,2023-10-14 23:07:00,4.82,207.83,Completed,
T01992,D0078,R00028,Mumbai,Dadar,Powai,2023-10-19 01:42:00,,,11.76,437.83,Cancelled,Rider
T01993,D0095,R00251,Bangalore,HSR,Koramangala,2023-10-11 21:42:00,2023-10-11 21:47:00,2023-10-11 22:21:00,6.79,222.54,Completed,
T01994,D0167,R00851,Delhi,Connaught Place,Rohini,2023-10-13 01:12:00,2023-10-13 01:17:00,2023-10-13 02:27:00,10.89,405.02,Completed,
T01995,D0055,R01578,Mumbai,Dadar,Bandra,2023-10-15 01:27:00,2023-10-15 01:33:00,2023-10-15 02:25:00,13.36,417.75,Completed,
T01996,D0008,R00730,Bangalore,Indiranagar,Indiranagar,2023-10-01 19:44:00,2023-10-01 19:55:00,2023-10-01 20:57:00,7.7,238.03,Completed,
T01997,D0095,R00652,Bangalore,Indiranagar,Indiranagar,2023-10-04 14:43:00,2023-10-04 14:54:00,2023-10-04 15:21:00,0.5,73.97,Completed,
T01998,D0072,R00944,Mumbai,Powai,Powai,2023-10-30 22:38:00,2023-10-30 22:49:00,2023-10-30 23:50:00,12.25,458.18,Completed,
T01999,D0228,R01782,Delhi,Connaught Place,Gurgaon,2023-10-30 14:30:00,2023-10-30 14:43:00,2023-10-30 15:03:00,12.97,402.54,Completed,
T02000,D0225,R00271,Mumbai,Worli,Dadar,2023-10-16 12:56:00,2023-10-16 13:06:00,2023-10-16 13:44:00,13.71,497.93,Completed,
T02001,D0105,R01695,Mumbai,Andheri,Powai,2023-10-15 17:48:00,2023-10-15 17:51:00,2023-10-15 18:42:00,6.59,227.31,Completed,
T02002,D0239,R01064,Bangalore,Koramangala,Koramangala,2023-10-20 23:51:00,2023-10-20 23:59:00,2023-10-21 00:50:00,17.77,529.9,Completed,
T02003,D0124,R00382,Bangalore,HSR,Whitefield,2023-10-07 22:00:00,,,9.41,312.98,Cancelled,System
T02004,D0031,R01622,Delhi,Connaught Place,Dwarka,2023-10-09 20:50:00,2023-10-09 21:02:00,2023-10-09 21:56:00,6.22,204.63,Completed,
T02005,D0207,R00250,Mumbai,Bandra,Dadar,2023-10-25 01:54:00,2023-10-25 01:57:00,2023-10-25 02:19:00,19.34,670.83,Completed,
T02006,D0090,R01231,Delhi,Dwarka,Gurgaon,2023-10-16 17:46:00,2023-10-16 18:00:00,2023-10-16 18:11:00,4.54,171.45,Completed,
T02007,D0220,R00722,Delhi,Dwarka,Dwarka,2023-10-29 17:24:00,2023-10-29 17:32:00,2023-10-29 18:21:00,8.55,291.63,Completed,
T02008,D0039,R00390,Bangalore,Electronic City,Electronic City,2023-10-08 16:34:00,2023-10-08 16:48:00,2023-10-08 17:37:00,9.07,247.86,Completed,
T02009,D0001,R00455,Delhi,Rohini,Dwarka,2023-10-08 22:23:00,2023-10-08 22:38:00,2023-10-08 23:41:00,12.19,305.08,Completed,
T02010,D0109,R00188,Bangalore,Koramangala,Electronic City,2023-10-11 07:32:00,2023-10-11 07:42:00,2023-10-11 08:17:00,0.5,72.26,Completed,
T02011,D0131,R01036,Mumbai,Bandra,Bandra,2023-10-03 01:45:00,2023-10-03 01:49:00,2023-10-03 02:47:00,2.99,121.62,Completed,
T02012,D0026,R01732,Mumbai,Worli,Bandra,2023-10-02 18:08:00,2023-10-02 18:16:00,2023-10-02 19:07:00,11.35,375.94,Completed,
T02013,D0162,R01365,Delhi,Saket,Rohini,2023-10-26 11:54:00,,,5.69,145.86,Cancelled,Other
T02014,D0200,R00298,Delhi,Dwarka,Dwarka,2023-10-12 18:06:00,2023-10-12 18:13:00,2023-10-12 18:31:00,9.83,346.21,Completed,
T02015,D0037,R01545,Delhi,Gurgaon,Rohini,2023-10-07 22:51:00,,,12.67,347.54,Cancelled,Driver
T02016,D0089,R01671,Mumbai,Bandra,Bandra,2023-10-08 00:10:00,2023-10-08 00:15:00,2023-10-08 01:10:00,5.35,162.91,Completed,
T02017,D0104,R00762,Delhi,Connaught Place,Saket,2023-10-17 02:22:00,2023-10-17 02:30:00,2023-10-17 02:53:00,11.92,449.15,Completed,
T02018,D0203,R01089,Bangalore,Koramangala,HSR,2023-10-29 22:03:00,2023-10-29 22:16:00,2023-10-29 22:33:00,10.47,298.15,Completed,
T02019,D0071,R01755,Mumbai,Worli,Powai,2023-10-23 09:09:00,2023-10-23 09:17:00,2023-10-23 09:41:00,8.9,323.39,Completed,
T02020,D0144,R00790,Bangalore,Indiranagar,Whitefield,2023-10-30 17:28:00,2023-10-30 17:34:00,2023-10-30 18:33:00,14.35,425.92,Completed,
T02021,D0131,R01346,Delhi,Rohini,Saket,2023-10-03 14:37:00,2023-10-03 14:51:00,2023-10-03 15:31:00,7.01,217.9,Completed,
T02022,D0188,R00149,Bangalore,Indiranagar,Koramangala,2023-10-15 06:47:00,2023-10-15 06:54:00,2023-10-15 07:40:00,4.75,181.44,Completed,
T02023,D0110,R00676,Mumbai,Dadar,Powai,2023-10-04 22:27:00,,,8.32,281.28,Cancelled,System
T02024,D0239,R00658,Bangalore,Whitefield,Electronic City,2023-10-26 22:07:00,2023-10-26 22:13:00,2023-10-26 23:00:00,5.05,177.21,Completed,
T02025,D0207,R00520,Mumbai,Bandra,Dadar,2023-10-17 06:45:00,2023-10-17 06:50:00,2023-10-17 07:01:00,8.37,269.41,Completed,
T02026,D0019,R00184,Bangalore,Indiranagar,HSR,2023-10-01 16:17:00,2023-10-01 16:31:00,2023-10-01 17:23:00,7.46,235.55,Completed,
T02027,D0147,R00948,Bangalore,Electronic City,Electronic City,2023-10-10 04:24:00,2023-10-10 04:36:00,2023-10-10 05:11:00,6.68,170.19,Completed,
T02028,D0104,R00874,Delhi,Saket,Saket,2023-10-21 15:47:00,2023-10-21 15:51:00,2023-10-21 16:11:00,12.86,365.18,Completed,
T02029,D0205,R01383,Bangalore,Koramangala,Whitefield,2023-10-04 15:16:00,2023-10-04 15:29:00,2023-10-04 16:03:00,8.77,260.75,Completed,
T02030,D0247,R00486,Mumbai,Bandra,Worli,2023-10-27 05:59:00,2023-10-27 06:08:00,2023-10-27 06:40:00,4.32,150.7,Completed,
T02031,D0052,R00386,Delhi,Connaught Place,Gurgaon,2023-10-15 01:15:00,2023-10-15 01:23:00,2023-10-15 01:52:00,14.25,469.49,Completed,
T02032,D0164,R01201,Delhi,Connaught Place,Rohini,2023-10-27 07:34:00,2023-10-27 07:39:00,2023-10-27 07:56:00,8.74,297.94,Completed,
T02033,D0125,R01638,Bangalore,HSR,Whitefield,2023-10-16 21:18:00,2023-10-16 21:31:00,2023-10-16 22:10:00,8.04,286.96,Completed,
T02034,D0001,R01116,Bangalore,Whitefield,Whitefield,2023-10-03 06:32:00,2023-10-03 06:39:00,2023-10-03 07:08:00,12.88,370.56,Completed,
T02035,D0147,R01672,Mumbai,Bandra,Dadar,2023-10-14 13:12:00,2023-10-14 13:16:00,2023-10-14 13:52:00,5.22,196.04,Completed,
T02036,D0177,R00833,Mumbai,Bandra,Powai,2023-10-20 09:59:00,,,8.34,298.36,Cancelled,Driver
T02037,D0121,R00874,Mumbai,Worli,Bandra,2023-10-11 00:56:00,2023-10-11 01:03:00,2023-10-11 01:49:00,5.15,177.97,Completed,
T02038,D0021,R01426,Mumbai,Dadar,Bandra,2023-10-21 02:06:00,2023-10-21 02:11:00,2023-10-21 02:57:00,4.67,156.45,Completed,
T02039,D0013,R00717,Mumbai,Andheri,Bandra,2023-10-10 08:53:00,2023-10-10 08:58:00,2023-10-10 09:31:00,3.2,128.69,Completed,
T02040,D0119,R00644,Delhi,Gurgaon,Rohini,2023-10-08 07:57:00,2023-10-08 08:01:00,2023-10-08 09:05:00,9.41,325.84,Completed,
T02041,D0218,R00577,Delhi,Saket,Saket,2023-10-29 06:02:00,2023-10-29 06:11:00,2023-10-29 06:43:00,5.23,182.71,Completed,
T02042,D0249,R00454,Bangalore,HSR,HSR,2023-10-14 14:04:00,2023-10-14 14:11:00,2023-10-14 15:08:00,7.87,324.29,Completed,
T02043,D0157,R01245,Bangalore,Indiranagar,HSR,2023-10-14 21:31:00,2023-10-14 21:37:00,2023-10-14 22:35:00,3.57,141.05,Completed,
T02044,D0116,R00036,Mumbai,Worli,Worli,2023-10-27 07:40:00,2023-10-27 07:49:00,2023-10-27 08:15:00,5.67,193.6,Completed,
T02045,D0058,R00977,Bangalore,Indiranagar,Electronic City,2023-10-07 15:35:00,2023-10-07 15:47:00,2023-10-07 16:43:00,6.53,247.29,Completed,
T02046,D0165,R00511,Delhi,Dwarka,Connaught Place,2023-10-25 06:22:00,2023-10-25 06:29:00,2023-10-25 06:45:00,0.67,76.01,Completed,
T02047,D0115,R00089,Bangalore,Whitefield,HSR,2023-10-26 23:41:00,2023-10-26 23:51:00,2023-10-27 00:49:00,7.79,240.37,Completed,
T02048,D0090,R00968,Mumbai,Worli,Bandra,2023-10-24 14:25:00,2023-10-24 14:33:00,2023-10-24 15:04:00,3.71,133.77,Completed,
T02049,D0063,R00132,Bangalore,Indiranagar,Electronic City,2023-10-02 16:43:00,2023-10-02 16:50:00,2023-10-02 17:24:00,6.85,264.83,Completed,
T02050,D0014,R00280,Bangalore,Koramangala,Indiranagar,2023-10-26 18:50:00,2023-10-26 18:58:00,2023-10-26 19:14:00,12.62,439.57,Completed,
T02051,D0086,R00390,Delhi,Rohini,Gurgaon,2023-10-22 00:02:00,,,11.73,309.91,Cancelled,Other
T02052,D0174,R01652,Mumbai,Andheri,Worli,2023-10-29 13:56:00,,,13.46,381.06,Cancelled,Other
T02053,D0242,R01425,Delhi,Rohini,Saket,2023-10-10 22:33:00,2023-10-10 22:39:00,2023-10-10 23:05:00,7.11,203.06,Completed,
T02054,D0022,R00420,Mumbai,Powai,Bandra,2023-10-11 01:42:00,2023-10-11 01:45:00,2023-10-11 02:51:00,13.14,361.92,Completed,
T02055,D0041,R00400,Bangalore,HSR,Whitefield,2023-10-19 12:59:00,,,8.44,262.2,Cancelled,Rider
T02056,D0068,R00924,Mumbai,Worli,Dadar,2023-10-09 08:00:00,2023-10-09 08:06:00,2023-10-09 08:58:00,8.07,256.54,Completed,
T02057,D0102,R01334,Delhi,Rohini,Dwarka,2023-10-30 22:44:00,2023-10-30 22:55:00,2023-10-30 23:55:00,7.58,247.69,Completed,
T02058,D0098,R00184,Delhi,Saket,Saket,2023-10-13 18:28:00,2023-10-13 18:43:00,2023-10-13 19:34:00,10.73,321.99,Completed,
T02059,D0120,R00318,Mumbai,Bandra,Worli,2023-10-03 22:21:00,2023-10-03 22:29:00,2023-10-03 22:42:00,11.89,355.61,Completed,
T02060,D0042,R00693,Mumbai,Bandra,Dadar,2023-10-03 03:15:00,2023-10-03 03:24:00,2023-10-03 03:59:00,0.5,70.76,Completed,
T02061,D0051,R00020,Mumbai,Bandra,Andheri,2023-10-08 06:11:00,2023-10-08 06:26:00,2023-10-08 06:50:00,6.21,213.43,Completed,
T02062,D0103,R00045,Bangalore,Indiranagar,Indiranagar,2023-10-16 00:39:00,2023-10-16 00:42:00,2023-10-16 01:06:00,10.61,343.24,Completed,
T02063,D0120,R00935,Mumbai,Powai,Andheri,2023-10-19 13:57:00,2023-10-19 14:06:00,2023-10-19 15:06:00,8.3,250.59,Completed,
T02064,D0037,R01533,Mumbai,Andheri,Bandra,2023-10-20 10:15:00,2023-10-20 10:23:00,2023-10-20 10:48:00,5.65,187.97,Completed,
T02065,D0095,R01192,Mumbai,Worli,Powai,2023-10-30 04:58:00,2023-10-30 05:04:00,2023-10-30 06:01:00,16.13,529.11,Completed,
T02066,D0061,R00096,Mumbai,Bandra,Worli,2023-10-08 18:22:00,2023-10-08 18:37:00,2023-10-08 18:55:00,7.33,308.25,Completed,
T02067,D0018,R00187,Mumbai,Dadar,Bandra,2023-10-21 20:45:00,,,10.73,253.85,Cancelled,Driver
T02068,D0075,R01703,Bangalore,HSR,Electronic City,2023-10-07 00:37:00,2023-10-07 00:51:00,2023-10-07 01:27:00,5.49,214.13,Completed,
T02069,D0213,R01690,Mumbai,Powai,Dadar,2023-10-05 14:57:00,,,4.66,154.24,Cancelled,System
T02070,D0202,R00103,Bangalore,Whitefield,HSR,2023-10-29 07:42:00,,,10.84,320.17,Cancelled,System
T02071,D0059,R01289,Delhi,Dwarka,Rohini,2023-10-25 15:35:00,2023-10-25 15:48:00,2023-10-25 16:28:00,10.53,311.58,Completed,
T02072,D0047,R01410,Delhi,Rohini,Saket,2023-10-03 22:00:00,2023-10-03 22:12:00,2023-10-03 23:12:00,2.64,114.93,Completed,
T02073,D0073,R00507,Mumbai,Dadar,Bandra,2023-10-25 07:01:00,2023-10-25 07:06:00,2023-10-25 08:16:00,14.03,364.8,Completed,
T02074,D0116,R00174,Delhi,Connaught Place,Connaught Place,2023-10-09 12:56:00,2023-10-09 13:00:00,2023-10-09 13:18:00,15.12,398.7,Completed,
T02075,D0118,R01654,Bangalore,Electronic City,Koramangala,2023-10-25 03:54:00,,,14.47,445.06,Cancelled,Other
T02076,D0117,R01635,Delhi,Dwarka,Gurgaon,2023-10-04 08:45:00,,,11.5,307.32,Cancelled,Driver
T02077,D0027,R01226,Bangalore,HSR,Koramangala,2023-10-17 01:02:00,2023-10-17 01:10:00,2023-10-17 01:31:00,6.27,203.72,Completed,
T02078,D0045,R00512,Mumbai,Bandra,Worli,2023-10-05 15:26:00,2023-10-05 15:40:00,2023-10-05 16:06:00,16.49,383.12,Completed,
T02079,D0042,R00361,Mumbai,Dadar,Powai,2023-10-09 06:33:00,2023-10-09 06:37:00,2023-10-09 07:11:00,9.92,290.34,Completed,
T02080,D0152,R01516,Delhi,Connaught Place,Gurgaon,2023-10-12 20:43:00,,,1.05,93.37,Cancelled,Rider
T02081,D0250,R01029,Bangalore,Electronic City,Whitefield,2023-10-10 05:01:00,2023-10-10 05:04:00,2023-10-10 05:33:00,5.87,252.29,Completed,
T02082,D0149,R00022,Delhi,Rohini,Gurgaon,2023-10-28 06:30:00,,,12.96,388.27,Cancelled,Rider
T02083,D0197,R01614,Delhi,Saket,Saket,2023-10-18 04:21:00,2023-10-18 04:29:00,2023-10-18 04:51:00,5.28,215.58,Completed,
T02084,D0180,R00328,Mumbai,Worli,Powai,2023-10-29 09:28:00,,,3.97,172.81,Cancelled,Rider
T02085,D0069,R00328,Mumbai,Powai,Worli,2023-10-11 14:41:00,2023-10-11 14:56:00,2023-10-11 15:16:00,12.49,345.36,Completed,
T02086,D0108,R01239,Bangalore,Indiranagar,Koramangala,2023-10-01 19:09:00,2023-10-01 19:14:00,2023-10-01 20:15:00,4.46,184.69,Completed,
T02087,D0147,R00661,Delhi,Saket,Dwarka,2023-10-17 18:55:00,2023-10-17 18:59:00,2023-10-17 19:13:00,11.44,397.29,Completed,
T02088,D0152,R00893,Bangalore,Indiranagar,Whitefield,2023-10-07 21:37:00,2023-10-07 21:46:00,2023-10-07 22:10:00,8.79,225.16,Completed,
T02089,D0166,R00369,Delhi,Connaught Place,Saket,2023-10-08 00:23:00,2023-10-08 00:36:00,2023-10-08 01:34:00,11.47,281.63,Completed,
T02090,D0086,R00696,Mumbai,Andheri,Bandra,2023-10-04 11:00:00,2023-10-04 11:13:00,2023-10-04 11:58:00,7.83,250.61,Completed,
T02091,D0058,R01095,Bangalore,Indiranagar,Indiranagar,2023-10-05 20:50:00,2023-10-05 20:57:00,2023-10-05 21:43:00,8.57,264.42,Completed,
T02092,D0022,R00157,Bangalore,HSR,HSR,2023-10-30 05:38:00,2023-10-30 05:43:00,2023-10-30 06:43:00,14.16,527.01,Completed,
T02093,D0183,R01023,Delhi,Saket,Rohini,2023-10-06 03:02:00,2023-10-06 03:11:00,2023-10-06 03:55:00,10.93,371.69,Completed,
T02094,D0196,R00798,Bangalore,HSR,HSR,2023-10-05 17:34:00,2023-10-05 17:45:00,2023-10-05 17:58:00,5.44,192.73,Completed,
T02095,D0011,R01308,Bangalore,Electronic City,Whitefield,2023-10-01 01:02:00,2023-10-01 01:12:00,2023-10-01 01:50:00,12.53,476.57,Completed,
T02096,D0134,R01783,Bangalore,Whitefield,HSR,2023-10-15 06:37:00,2023-10-15 06:46:00,2023-10-15 07:14:00,8.17,231.99,Completed,
T02097,D0153,R01251,Delhi,Dwarka,Saket,2023-10-06 09:42:00,2023-10-06 09:47:00,2023-10-06 10:04:00,10.81,356.56,Completed,
T02098,D0020,R00335,Bangalore,Electronic City,HSR,2023-10-09 03:33:00,2023-10-09 03:36:00,2023-10-09 04:04:00,14.59,434.33,Completed,
T02099,D0204,R00185,Delhi,Saket,Gurgaon,2023-10-10 20:58:00,,,7.6,284.37,Cancelled,Driver
T02100,D0212,R01179,Mumbai,Worli,Andheri,2023-10-07 23:34:00,2023-10-07 23:46:00,2023-10-08 00:13:00,3.93,147.15,Completed,
T02101,D0132,R01793,Delhi,Saket,Saket,2023-10-08 07:43:00,2023-10-08 07:46:00,2023-10-08 08:10:00,12.37,409.35,Completed,
T02102,D0189,R00403,Mumbai,Bandra,Worli,2023-10-01 22:52:00,2023-10-01 22:55:00,2023-10-01 23:27:00,8.63,277.71,Completed,
T02103,D0140,R00669,Mumbai,Bandra,Powai,2023-10-09 19:14:00,2023-10-09 19:27:00,2023-10-09 19:39:00,8.75,276.55,Completed,
T02104,D0231,R00332,Bangalore,Whitefield,Electronic City,2023-10-25 02:18:00,2023-10-25 02:29:00,2023-10-25 03:23:00,6.16,158.17,Completed,
T02105,D0197,R00336,Bangalore,Whitefield,Whitefield,2023-10-26 16:38:00,2023-10-26 16:52:00,2023-10-26 17:29:00,12.25,384.32,Completed,
T02106,D0046,R01379,Bangalore,Indiranagar,Indiranagar,2023-10-11 08:05:00,,,11.22,339.15,Cancelled,Other
T02107,D0231,R01662,Mumbai,Dadar,Bandra,2023-10-19 13:06:00,2023-10-19 13:19:00,2023-10-19 14:03:00,2.82,129.93,Completed,
T02108,D0027,R00153,Mumbai,Bandra,Bandra,2023-10-21 16:50:00,2023-10-21 16:54:00,2023-10-21 17:04:00,0.5,70.83,Completed,
T02109,D0203,R01379,Delhi,Gurgaon,Gurgaon,2023-10-24 00:30:00,2023-10-24 00:35:00,2023-10-24 00:51:00,13.64,350.08,Completed,
T02110,D0090,R01083,Delhi,Saket,Rohini,2023-10-11 04:27:00,,,3.25,145.51,Cancelled,Driver
T02111,D0104,R00866,Delhi,Rohini,Gurgaon,2023-10-01 21:36:00,,,4.58,176.51,Cancelled,Driver
T02112,D0163,R00507,Bangalore,Koramangala,Electronic City,2023-10-01 06:51:00,,,6.71,224.81,Cancelled,System
T02113,D0156,R00227,Bangalore,HSR,Electronic City,2023-10-22 06:11:00,2023-10-22 06:22:00,2023-10-22 07:16:00,4.75,190.09,Completed,
T02114,D0219,R01019,Mumbai,Bandra,Andheri,2023-10-27 09:01:00,2023-10-27 09:09:00,2023-10-27 10:01:00,8.62,328.46,Completed,
T02115,D0180,R00788,Delhi,Dwarka,Gurgaon,2023-10-07 20:34:00,2023-10-07 20:43:00,2023-10-07 21:27:00,1.78,117.45,Completed,
T02116,D0213,R01215,Mumbai,Worli,Bandra,2023-10-27 03:46:00,2023-10-27 03:58:00,2023-10-27 04:40:00,7.29,259.88,Completed,
T02117,D0058,R00911,Mumbai,Powai,Bandra,2023-10-15 20:14:00,2023-10-15 20:17:00,2023-10-15 21:15:00,5.83,176.89,Completed,
T02118,D0006,R00867,Delhi,Gurgaon,Rohini,2023-10-28 15:54:00,2023-10-28 16:06:00,2023-10-28 16:42:00,6.95,222.68,Completed,
T02119,D0147,R01220,Bangalore,Whitefield,HSR,2023-10-20 22:16:00,2023-10-20 22:27:00,2023-10-20 23:27:00,3.38,146.2,Completed,
T02120,D0066,R00565,Delhi,Connaught Place,Gurgaon,2023-10-23 15:58:00,2023-10-23 16:05:00,2023-10-23 16:40:00,5.43,156.82,Completed,
T02121,D0206,R01719,Bangalore,Whitefield,Electronic City,2023-10-28 16:23:00,2023-10-28 16:29:00,2023-10-28 16:57:00,7.17,267.18,Completed,
T02122,D0053,R00600,Delhi,Gurgaon,Gurgaon,2023-10-16 15:02:00,2023-10-16 15:06:00,2023-10-16 15:40:00,2.16,106.3,Completed,
T02123,D0075,R01652,Bangalore,Whitefield,Koramangala,2023-10-13 01:41:00,2023-10-13 01:54:00,2023-10-13 02:36:00,9.13,266.97,Completed,
T02124,D0031,R00940,Mumbai,Andheri,Dadar,2023-10-08 18:40:00,,,10.89,330.05,Cancelled,Rider
T02125,D0142,R01095,Mumbai,Powai,Powai,2023-10-14 04:37:00,2023-10-14 04:42:00,2023-10-14 05:09:00,15.6,494.81,Completed,
T02126,D0198,R01792,Delhi,Connaught Place,Rohini,2023-10-05 18:00:00,2023-10-05 18:11:00,2023-10-05 18:33:00,3.83,149.14,Completed,
T02127,D0171,R00537,Mumbai,Andheri,Worli,2023-10-14 21:16:00,2023-10-14 21:30:00,2023-10-14 22:10:00,3.23,135.09,Completed,
T02128,D0222,R00027,Mumbai,Andheri,Andheri,2023-10-19 22:22:00,2023-10-19 22:37:00,2023-10-19 23:10:00,14.5,541.28,Completed,
T02129,D0174,R01781,Bangalore,Electronic City,HSR,2023-10-03 02:09:00,2023-10-03 02:13:00,2023-10-03 03:00:00,3.85,171.0,Completed,
T02130,D0005,R01143,Delhi,Rohini,Gurgaon,2023-10-10 06:03:00,,,12.27,351.83,Cancelled,Driver
T02131,D0139,R00107,Bangalore,Electronic City,Whitefield,2023-10-20 22:42:00,2023-10-20 22:52:00,2023-10-20 23:38:00,11.17,316.8,Completed,
T02132,D0168,R00072,Delhi,Connaught Place,Connaught Place,2023-10-01 21:18:00,2023-10-01 21:31:00,2023-10-01 22:32:00,4.43,173.95,Completed,
T02133,D0110,R00606,Delhi,Rohini,Rohini,2023-10-10 06:52:00,2023-10-10 06:59:00,2023-10-10 08:07:00,8.03,251.47,Completed,
T02134,D0153,R00865,Bangalore,Electronic City,Whitefield,2023-10-28 08:56:00,,,5.99,221.66,Cancelled,System
T02135,D0078,R00240,Mumbai,Powai,Powai,2023-10-08 12:02:00,,,3.44,162.81,Cancelled,Rider
T02136,D0112,R00378,Delhi,Dwarka,Connaught Place,2023-10-28 04:28:00,,,14.56,526.49,Cancelled,Rider
T02137,D0085,R01625,Delhi,Connaught Place,Rohini,2023-10-01 08:38:00,2023-10-01 08:45:00,2023-10-01 09:23:00,13.76,371.0,Completed,
T02138,D0123,R00763,Mumbai,Worli,Bandra,2023-10-14 23:39:00,,,7.41,268.34,Cancelled,System
T02139,D0084,R00641,Delhi,Connaught Place,Saket,2023-10-20 21:24:00,2023-10-20 21:35:00,2023-10-20 21:59:00,12.77,302.34,Completed,
T02140,D0074,R01766,Bangalore,Electronic City,Koramangala,2023-10-07 05:50:00,2023-10-07 06:04:00,2023-10-07 07:07:00,7.43,257.0,Completed,
T02141,D0101,R01469,Bangalore,Whitefield,Indiranagar,2023-10-12 08:07:00,2023-10-12 08:11:00,2023-10-12 09:20:00,9.2,304.78,Completed,
T02142,D0163,R01098,Delhi,Gurgaon,Dwarka,2023-10-07 12:23:00,,,4.29,167.86,Cancelled,System
T02143,D0143,R01197,Delhi,Rohini,Dwarka,2023-10-16 18:28:00,2023-10-16 18:33:00,2023-10-16 18:54:00,6.19,186.7,Completed,
T02144,D0036,R01002,Delhi,Rohini,Gurgaon,2023-10-16 18:13:00,2023-10-16 18:24:00,2023-10-16 18:54:00,6.93,259.38,Completed,
T02145,D0018,R00744,Bangalore,HSR,Electronic City,2023-10-21 10:01:00,2023-10-21 10:14:00,2023-10-21 10:27:00,12.74,347.08,Completed,
T02146,D0115,R00440,Bangalore,HSR,Indiranagar,2023-10-12 18:09:00,2023-10-12 18:17:00,2023-10-12 19:07:00,8.15,287.17,Completed,
T02147,D0224,R01617,Mumbai,Dadar,Andheri,2023-10-20 22:48:00,2023-10-20 22:52:00,2023-10-20 23:55:00,8.23,212.35,Completed,
T02148,D0077,R01736,Mumbai,Worli,Bandra,2023-10-27 10:08:00,2023-10-27 10:15:00,2023-10-27 10:43:00,12.9,375.32,Completed,
T02149,D0060,R00446,Bangalore,Whitefield,Koramangala,2023-10-16 04:07:00,2023-10-16 04:11:00,2023-10-16 04:54:00,5.73,199.77,Completed,
T02150,D0062,R00077,Bangalore,Electronic City,Whitefield,2023-10-10 03:35:00,2023-10-10 03:40:00,2023-10-10 04:17:00,3.13,136.0,Completed,
T02151,D0228,R00983,Delhi,Gurgaon,Saket,2023-10-25 08:18:00,2023-10-25 08:33:00,2023-10-25 08:54:00,9.79,297.14,Completed,
T02152,D0074,R00372,Bangalore,Koramangala,Whitefield,2023-10-01 10:31:00,2023-10-01 10:35:00,2023-10-01 11:05:00,5.3,199.86,Completed,
T02153,D0105,R00989,Delhi,Gurgaon,Connaught Place,2023-10-14 21:56:00,2023-10-14 22:10:00,2023-10-14 22:34:00,3.65,122.98,Completed,
T02154,D0145,R00600,Bangalore,HSR,Whitefield,2023-10-24 07:06:00,,,4.73,200.85,Cancelled,Rider
T02155,D0189,R00815,Mumbai,Worli,Andheri,2023-10-04 23:42:00,2023-10-04 23:54:00,2023-10-05 00:55:00,8.05,186.36,Completed,
T02156,D0054,R00771,Mumbai,Dadar,Powai,2023-10-11 05:11:00,2023-10-11 05:18:00,2023-10-11 06:24:00,12.06,411.21,Completed,
T02157,D0157,R00099,Mumbai,Worli,Worli,2023-10-03 09:31:00,2023-10-03 09:34:00,2023-10-03 09:51:00,7.67,247.93,Completed,
T02158,D0123,R00698,Delhi,Dwarka,Connaught Place,2023-10-16 11:40:00,2023-10-16 11:53:00,2023-10-16 12:48:00,17.15,504.62,Completed,
T02159,D0139,R01333,Delhi,Rohini,Saket,2023-10-04 20:49:00,2023-10-04 20:56:00,2023-10-04 21:16:00,6.79,210.49,Completed,
T02160,D0199,R01484,Mumbai,Dadar,Worli,2023-10-24 10:04:00,2023-10-24 10:17:00,2023-10-24 11:06:00,1.57,89.13,Completed,
T02161,D0044,R01301,Mumbai,Worli,Powai,2023-10-20 22:27:00,2023-10-20 22:37:00,2023-10-20 23:08:00,13.83,333.7,Completed,
T02162,D0243,R00147,Delhi,Saket,Gurgaon,2023-10-06 18:04:00,2023-10-06 18:09:00,2023-10-06 18:28:00,12.6,418.42,Completed,
T02163,D0156,R00282,Mumbai,Powai,Worli,2023-10-25 12:31:00,2023-10-25 12:35:00,2023-10-25 13:37:00,5.55,172.01,Completed,
T02164,D0164,R00673,Delhi,Gurgaon,Gurgaon,2023-10-09 12:50:00,2023-10-09 13:00:00,2023-10-09 13:10:00,13.95,316.68,Completed,
T02165,D0237,R01017,Mumbai,Bandra,Worli,2023-10-12 22:55:00,2023-10-12 23:01:00,2023-10-12 23:38:00,11.06,356.75,Completed,
T02166,D0027,R01030,Mumbai,Powai,Dadar,2023-10-24 19:39:00,2023-10-24 19:45:00,2023-10-24 20:28:00,7.65,208.11,Completed,
T02167,D0199,R01104,Delhi,Connaught Place,Rohini,2023-10-06 04:36:00,2023-10-06 04:46:00,2023-10-06 05:49:00,8.81,383.24,Completed,
T02168,D0003,R01707,Mumbai,Andheri,Dadar,2023-10-27 05:37:00,,,15.55,464.46,Cancelled,Rider
T02169,D0013,R00426,Mumbai,Bandra,Powai,2023-10-27 06:20:00,2023-10-27 06:29:00,2023-10-27 07:16:00,13.26,475.95,Completed,
T02170,D0213,R01479,Bangalore,Whitefield,Koramangala,2023-10-29 13:56:00,2023-10-29 13:59:00,2023-10-29 14:57:00,8.33,226.84,Completed,
T02171,D0050,R01179,Delhi,Dwarka,Gurgaon,2023-10-15 11:47:00,2023-10-15 11:51:00,2023-10-15 12:08:00,3.28,155.36,Completed,
T02172,D0064,R00630,Bangalore,Indiranagar,HSR,2023-10-01 11:23:00,,,0.83,79.43,Cancelled,Other
T02173,D0063,R01693,Mumbai,Worli,Andheri,2023-10-06 12:27:00,2023-10-06 12:38:00,2023-10-06 13:08:00,9.85,309.86,Completed,
T02174,D0011,R00945,Delhi,Dwarka,Saket,2023-10-06 14:22:00,2023-10-06 14:28:00,2023-10-06 15:23:00,10.5,330.98,Completed,
T02175,D0239,R00824,Bangalore,Indiranagar,Whitefield,2023-10-16 14:55:00,2023-10-16 15:04:00,2023-10-16 16:02:00,9.58,255.84,Completed,
T02176,D0177,R00724,Bangalore,Indiranagar,Electronic City,2023-10-10 21:03:00,2023-10-10 21:09:00,2023-10-10 21:32:00,7.76,223.11,Completed,
T02177,D0161,R00882,Bangalore,Koramangala,HSR,2023-10-01 07:46:00,2023-10-01 08:01:00,2023-10-01 09:04:00,4.95,220.01,Completed,
T02178,D0116,R00770,Delhi,Dwarka,Gurgaon,2023-10-14 06:49:00,2023-10-14 06:58:00,2023-10-14 08:00:00,11.6,371.52,Completed,
T02179,D0048,R00505,Mumbai,Dadar,Worli,2023-10-26 20:30:00,2023-10-26 20:39:00,2023-10-26 21:07:00,8.99,267.47,Completed,
T02180,D0215,R01752,Bangalore,Indiranagar,Electronic City,2023-10-07 02:23:00,2023-10-07 02:33:00,2023-10-07 02:44:00,8.79,320.24,Completed,
T02181,D0197,R00363,Delhi,Gurgaon,Connaught Place,2023-10-20 04:44:00,2023-10-20 04:50:00,2023-10-20 05:18:00,5.41,205.9,Completed,
T02182,D0066,R00215,Mumbai,Worli,Dadar,2023-10-12 14:24:00,2023-10-12 14:27:00,2023-10-12 15:34:00,7.34,214.45,Completed,
T02183,D0229,R01697,Mumbai,Powai,Andheri,2023-10-29 21:09:00,2023-10-29 21:16:00,2023-10-29 21:52:00,1.3,90.38,Completed,
T02184,D0010,R00017,Mumbai,Powai,Bandra,2023-10-06 15:55:00,2023-10-06 16:05:00,2023-10-06 16:28:00,8.32,267.39,Completed,
T02185,D0054,R01298,Mumbai,Powai,Powai,2023-10-20 02:25:00,2023-10-20 02:29:00,2023-10-20 02:55:00,12.86,356.64,Completed,
T02186,D0136,R00045,Mumbai,Worli,Dadar,2023-10-06 06:46:00,2023-10-06 06:52:00,2023-10-06 08:01:00,8.94,314.48,Completed,
T02187,D0108,R01243,Delhi,Connaught Place,Gurgaon,2023-10-03 01:02:00,2023-10-03 01:15:00,2023-10-03 02:20:00,8.07,315.87,Completed,
T02188,D0130,R01568,Bangalore,HSR,HSR,2023-10-08 21:06:00,2023-10-08 21:17:00,2023-10-08 21:56:00,14.44,314.92,Completed,
T02189,D0220,R00930,Mumbai,Bandra,Dadar,2023-10-06 02:12:00,2023-10-06 02:23:00,2023-10-06 03:20:00,11.83,285.26,Completed,
T02190,D0069,R01616,Bangalore,Koramangala,Whitefield,2023-10-21 15:21:00,,,18.89,558.65,Cancelled,Driver
T02191,D0052,R00134,Mumbai,Worli,Dadar,2023-10-02 14:21:00,2023-10-02 14:32:00,2023-10-02 15:39:00,9.73,347.76,Completed,
T02192,D0121,R00480,Bangalore,Indiranagar,Whitefield,2023-10-25 22:58:00,2023-10-25 23:04:00,2023-10-26 00:00:00,8.33,183.12,Completed,
T02193,D0116,R00026,Mumbai,Worli,Andheri,2023-10-22 14:42:00,2023-10-22 14:45:00,2023-10-22 15:33:00,8.48,296.68,Completed,
T02194,D0132,R00262,Mumbai,Dadar,Bandra,2023-10-09 18:48:00,2023-10-09 18:53:00,2023-10-09 19:37:00,15.89,337.38,Completed,
T02195,D0202,R00349,Mumbai,Bandra,Andheri,2023-10-13 00:54:00,2023-10-13 01:07:00,2023-10-13 02:11:00,11.52,356.83,Completed,
T02196,D0186,R00573,Delhi,Connaught Place,Connaught Place,2023-10-02 14:03:00,2023-10-02 14:10:00,2023-10-02 15:08:00,6.46,225.77,Completed,
T02197,D0177,R00555,Bangalore,HSR,Indiranagar,2023-10-23 12:23:00,2023-10-23 12:29:00,2023-10-23 12:49:00,7.98,245.47,Completed,
T02198,D0020,R00296,Delhi,Dwarka,Rohini,2023-10-30 06:35:00,2023-10-30 06:39:00,2023-10-30 07:29:00,3.0,136.8,Completed,
T02199,D0008,R00524,Delhi,Gurgaon,Saket,2023-10-22 04:34:00,2023-10-22 04:48:00,2023-10-22 05:22:00,8.08,225.48,Completed,
T02200,D0046,R00380,Bangalore,HSR,Koramangala,2023-10-09 08:14:00,2023-10-09 08:29:00,2023-10-09 08:48:00,16.17,457.89,Completed,
T02201,D0173,R00073,Mumbai,Bandra,Powai,2023-10-30 09:15:00,2023-10-30 09:27:00,2023-10-30 09:40:00,6.83,237.1,Completed,
T02202,D0111,R01119,Mumbai,Dadar,Dadar,2023-10-24 22:21:00,2023-10-24 22:24:00,2023-10-24 22:43:00,7.56,255.58,Completed,
T02203,D0044,R00687,Delhi,Dwarka,Saket,2023-10-30 17:01:00,2023-10-30 17:04:00,2023-10-30 17:52:00,14.79,385.96,Completed,
T02204,D0018,R00021,Mumbai,Powai,Dadar,2023-10-07 04:02:00,2023-10-07 04:14:00,2023-10-07 04:25:00,11.82,468.09,Completed,
T02205,D0081,R01154,Mumbai,Andheri,Andheri,2023-10-28 12:43:00,2023-10-28 12:51:00,2023-10-28 13:52:00,10.96,352.54,Completed,
T02206,D0158,R00352,Mumbai,Bandra,Andheri,2023-10-10 20:08:00,2023-10-10 20:21:00,2023-10-10 20:59:00,11.08,408.48,Completed,
T02207,D0139,R00155,Bangalore,Whitefield,Whitefield,2023-10-10 07:02:00,2023-10-10 07:12:00,2023-10-10 08:18:00,2.47,115.15,Completed,
T02208,D0031,R00573,Bangalore,Whitefield,Koramangala,2023-10-09 10:45:00,2023-10-09 10:59:00,2023-10-09 11:58:00,10.06,280.1,Completed,
T02209,D0146,R00013,Mumbai,Dadar,Powai,2023-10-06 01:11:00,2023-10-06 01:21:00,2023-10-06 02:24:00,12.17,246.7,Completed,
T02210,D0105,R00601,Mumbai,Bandra,Bandra,2023-10-12 03:28:00,2023-10-12 03:43:00,2023-10-12 04:12:00,15.9,441.41,Completed,
T02211,D0024,R01204,Mumbai,Powai,Andheri,2023-10-07 13:31:00,2023-10-07 13:37:00,2023-10-07 14:45:00,12.14,367.79,Completed,
T02212,D0150,R00370,Bangalore,Whitefield,Electronic City,2023-10-01 18:35:00,2023-10-01 18:45:00,2023-10-01 19:51:00,8.28,231.05,Completed,
T02213,D0173,R00268,Bangalore,Whitefield,Whitefield,2023-10-10 11:27:00,2023-10-10 11:31:00,2023-10-10 11:55:00,6.15,195.92,Completed,
T02214,D0120,R00554,Bangalore,HSR,HSR,2023-10-30 15:39:00,2023-10-30 15:52:00,2023-10-30 16:10:00,6.92,266.59,Completed,
T02215,D0090,R00227,Delhi,Rohini,Gurgaon,2023-10-25 13:52:00,2023-10-25 14:04:00,2023-10-25 14:56:00,10.34,323.01,Completed,
T02216,D0044,R00585,Delhi,Gurgaon,Gurgaon,2023-10-05 03:18:00,2023-10-05 03:33:00,2023-10-05 04:27:00,4.56,169.32,Completed,
T02217,D0123,R00863,Mumbai,Bandra,Bandra,2023-10-12 14:51:00,2023-10-12 15:02:00,2023-10-12 15:55:00,10.74,237.71,Completed,
T02218,D0016,R00531,Mumbai,Andheri,Worli,2023-10-18 06:22:00,,,5.33,193.23,Cancelled,Other
T02219,D0113,R01172,Delhi,Connaught Place,Saket,2023-10-11 12:00:00,2023-10-11 12:12:00,2023-10-11 12:29:00,6.89,228.06,Completed,
T02220,D0217,R01170,Mumbai,Worli,Bandra,2023-10-29 04:53:00,2023-10-29 04:56:00,2023-10-29 05:31:00,11.4,364.79,Completed,
T02221,D0247,R00571,Mumbai,Worli,Powai,2023-10-28 16:01:00,2023-10-28 16:09:00,2023-10-28 16:33:00,10.34,338.24,Completed,
T02222,D0070,R01176,Delhi,Gurgaon,Saket,2023-10-20 21:22:00,2023-10-20 21:26:00,2023-10-20 21:50:00,13.01,366.42,Completed,
T02223,D0111,R00409,Mumbai,Dadar,Bandra,2023-10-13 11:37:00,2023-10-13 11:41:00,2023-10-13 12:01:00,8.38,264.93,Completed,
T02224,D0232,R00043,Bangalore,Koramangala,Electronic City,2023-10-17 08:25:00,2023-10-17 08:28:00,2023-10-17 08:41:00,13.4,332.33,Completed,
T02225,D0064,R01216,Delhi,Connaught Place,Gurgaon,2023-10-18 03:40:00,2023-10-18 03:50:00,2023-10-18 04:15:00,8.0,157.61,Completed,
T02226,D0133,R00517,Bangalore,Koramangala,Whitefield,2023-10-01 03:40:00,2023-10-01 03:44:00,2023-10-01 04:01:00,9.09,240.44,Completed,
T02227,D0149,R01681,Bangalore,Indiranagar,Indiranagar,2023-10-02 01:16:00,,,10.82,296.07,Cancelled,Rider
T02228,D0052,R01516,Delhi,Gurgaon,Connaught Place,2023-10-23 12:05:00,,,8.24,222.52,Cancelled,Other
T02229,D0139,R01751,Mumbai,Worli,Dadar,2023-10-01 09:43:00,2023-10-01 09:47:00,2023-10-01 10:57:00,5.9,232.76,Completed,
T02230,D0100,R00568,Mumbai,Bandra,Bandra,2023-10-12 17:49:00,2023-10-12 18:01:00,2023-10-12 18:43:00,17.07,534.94,Completed,
T02231,D0228,R00197,Mumbai,Worli,Andheri,2023-10-06 09:41:00,2023-10-06 09:45:00,2023-10-06 10:54:00,13.54,283.2,Completed,
T02232,D0170,R00290,Mumbai,Worli,Powai,2023-10-05 04:59:00,2023-10-05 05:07:00,2023-10-05 05:49:00,4.75,155.55,Completed,
T02233,D0049,R00417,Bangalore,HSR,Indiranagar,2023-10-01 19:50:00,2023-10-01 19:54:00,2023-10-01 20:27:00,10.5,264.07,Completed,
T02234,D0106,R00513,Mumbai,Powai,Worli,2023-10-19 18:58:00,2023-10-19 19:10:00,2023-10-19 19:58:00,4.33,205.63,Completed,
T02235,D0221,R01128,Delhi,Dwarka,Rohini,2023-10-13 10:33:00,2023-10-13 10:37:00,2023-10-13 10:50:00,2.57,130.1,Completed,
T02236,D0208,R00312,Delhi,Dwarka,Dwarka,2023-10-01 17:30:00,2023-10-01 17:44:00,2023-10-01 18:26:00,9.6,216.35,Completed,
T02237,D0153,R00289,Delhi,Connaught Place,Gurgaon,2023-10-21 07:57:00,,,8.45,272.81,Cancelled,Other
T02238,D0228,R00466,Mumbai,Powai,Bandra,2023-10-23 19:00:00,2023-10-23 19:05:00,2023-10-23 19:44:00,8.23,294.84,Completed,
T02239,D0041,R00018,Mumbai,Powai,Andheri,2023-10-15 04:19:00,,,10.79,470.21,Cancelled,Driver
T02240,D0025,R00220,Bangalore,Electronic City,Koramangala,2023-10-29 04:56:00,,,6.46,216.28,Cancelled,System
T02241,D0241,R01157,Delhi,Connaught Place,Rohini,2023-10-20 01:18:00,2023-10-20 01:26:00,2023-10-20 01:58:00,11.01,391.0,Completed,
T02242,D0030,R00114,Delhi,Rohini,Saket,2023-10-19 02:15:00,,,13.54,425.91,Cancelled,Rider
T02243,D0014,R00061,Mumbai,Andheri,Bandra,2023-10-02 01:42:00,2023-10-02 01:52:00,2023-10-02 02:07:00,4.0,152.66,Completed,
T02244,D0146,R00257,Bangalore,Koramangala,HSR,2023-10-06 18:53:00,2023-10-06 19:01:00,2023-10-06 19:16:00,12.27,343.29,Completed,
T02245,D0003,R01581,Delhi,Rohini,Rohini,2023-10-18 00:47:00,2023-10-18 00:53:00,2023-10-18 01:55:00,2.47,128.83,Completed,
T02246,D0249,R00859,Mumbai,Bandra,Powai,2023-10-03 02:14:00,,,3.74,127.28,Cancelled,Other
T02247,D0028,R01523,Mumbai,Bandra,Powai,2023-10-02 03:28:00,2023-10-02 03:38:00,2023-10-02 04:34:00,8.27,270.11,Completed,
T02248,D0067,R01096,Mumbai,Bandra,Bandra,2023-10-07 18:38:00,2023-10-07 18:48:00,2023-10-07 19:24:00,4.59,167.86,Completed,
T02249,D0192,R00928,Mumbai,Andheri,Worli,2023-10-05 14:55:00,2023-10-05 15:00:00,2023-10-05 15:35:00,11.23,281.5,Completed,
T02250,D0181,R00313,Mumbai,Bandra,Powai,2023-10-20 00:54:00,2023-10-20 01:09:00,2023-10-20 01:44:00,17.01,422.57,Completed,
T02251,D0226,R01754,Bangalore,HSR,Electronic City,2023-10-29 06:44:00,2023-10-29 06:54:00,2023-10-29 07:36:00,16.32,466.23,Completed,
T02252,D0120,R00741,Mumbai,Andheri,Andheri,2023-10-22 12:58:00,2023-10-22 13:11:00,2023-10-22 13:34:00,5.75,177.99,Completed,
T02253,D0207,R00258,Mumbai,Bandra,Powai,2023-10-05 22:53:00,2023-10-05 23:00:00,2023-10-05 23:19:00,3.9,157.43,Completed,
T02254,D0079,R01122,Mumbai,Bandra,Andheri,2023-10-10 12:48:00,2023-10-10 13:03:00,2023-10-10 13:37:00,7.27,182.69,Completed,
T02255,D0087,R00730,Bangalore,Indiranagar,HSR,2023-10-04 22:53:00,2023-10-04 23:07:00,2023-10-05 00:05:00,5.71,209.89,Completed,
T02256,D0202,R00580,Mumbai,Andheri,Andheri,2023-10-27 03:52:00,2023-10-27 03:59:00,2023-10-27 05:00:00,14.27,400.99,Completed,
T02257,D0127,R00511,Bangalore,Koramangala,Whitefield,2023-10-28 20:58:00,2023-10-28 21:03:00,2023-10-28 21:42:00,6.93,229.97,Completed,
T02258,D0058,R00367,Bangalore,Koramangala,Electronic City,2023-10-14 23:01:00,2023-10-14 23:12:00,2023-10-15 00:13:00,5.68,192.3,Completed,
T02259,D0151,R01774,Delhi,Connaught Place,Rohini,2023-10-13 14:48:00,2023-10-13 14:57:00,2023-10-13 15:23:00,0.5,71.05,Completed,
T02260,D0012,R01345,Bangalore,HSR,Koramangala,2023-10-05 14:03:00,2023-10-05 14:10:00,2023-10-05 14:32:00,12.85,470.65,Completed,
T02261,D0064,R01252,Delhi,Gurgaon,Saket,2023-10-09 11:41:00,,,11.48,378.52,Cancelled,System
T02262,D0128,R00109,Bangalore,Koramangala,Indiranagar,2023-10-11 21:50:00,2023-10-11 22:01:00,2023-10-11 22:35:00,7.2,199.81,Completed,
T02263,D0179,R01238,Bangalore,Koramangala,Koramangala,2023-10-03 20:14:00,2023-10-03 20:26:00,2023-10-03 21:15:00,4.31,155.53,Completed,
T02264,D0009,R01666,Bangalore,Koramangala,Indiranagar,2023-10-13 13:29:00,,,10.74,421.77,Cancelled,Other
T02265,D0192,R00094,Bangalore,Koramangala,Whitefield,2023-10-23 14:10:00,2023-10-23 14:21:00,2023-10-23 14:57:00,11.49,277.35,Completed,
T02266,D0176,R00530,Bangalore,Koramangala,Electronic City,2023-10-17 03:30:00,2023-10-17 03:44:00,2023-10-17 04:26:00,20.61,540.17,Completed,
T02267,D0217,R00020,Delhi,Connaught Place,Connaught Place,2023-10-13 23:10:00,,,3.73,157.03,Cancelled,System
T02268,D0088,R00341,Bangalore,Electronic City,Electronic City,2023-10-20 21:55:00,2023-10-20 21:58:00,2023-10-20 22:38:00,2.35,115.98,Completed,
T02269,D0134,R00116,Delhi,Dwarka,Saket,2023-10-21 04:34:00,2023-10-21 04:46:00,2023-10-21 05:44:00,1.66,103.54,Completed,
T02270,D0028,R00963,Bangalore,Indiranagar,Indiranagar,2023-10-19 21:50:00,2023-10-19 22:05:00,2023-10-19 22:54:00,3.97,153.09,Completed,
T02271,D0226,R01587,Bangalore,Koramangala,Electronic City,2023-10-28 02:41:00,2023-10-28 02:51:00,2023-10-28 03:32:00,5.87,189.53,Completed,
T02272,D0087,R00015,Bangalore,Indiranagar,HSR,2023-10-23 01:55:00,,,16.45,505.1,Cancelled,Driver
T02273,D0173,R01026,Delhi,Connaught Place,Connaught Place,2023-10-01 16:18:00,2023-10-01 16:28:00,2023-10-01 17:33:00,1.82,101.63,Completed,
T02274,D0066,R01795,Bangalore,Whitefield,Indiranagar,2023-10-30 15:25:00,2023-10-30 15:30:00,2023-10-30 15:53:00,6.58,269.88,Completed,
T02275,D0101,R00784,Bangalore,Electronic City,HSR,2023-10-06 12:45:00,2023-10-06 12:58:00,2023-10-06 13:56:00,9.46,260.36,Completed,
T02276,D0102,R00731,Mumbai,Andheri,Dadar,2023-10-12 19:31:00,2023-10-12 19:44:00,2023-10-12 20:37:00,15.63,464.77,Completed,
T02277,D0063,R01798,Delhi,Dwarka,Connaught Place,2023-10-06 09:19:00,2023-10-06 09:33:00,2023-10-06 10:30:00,17.71,484.79,Completed,
T02278,D0189,R00149,Mumbai,Andheri,Dadar,2023-10-03 11:59:00,2023-10-03 12:04:00,2023-10-03 12:38:00,5.7,213.13,Completed,
T02279,D0051,R01571,Bangalore,HSR,Indiranagar,2023-10-10 21:39:00,2023-10-10 21:52:00,2023-10-10 22:35:00,18.38,495.67,Completed,
T02280,D0180,R00281,Mumbai,Powai,Worli,2023-10-10 15:25:00,2023-10-10 15:31:00,2023-10-10 16:17:00,12.28,406.66,Completed,
T02281,D0017,R01231,Mumbai,Andheri,Andheri,2023-10-23 21:50:00,2023-10-23 22:04:00,2023-10-23 22:41:00,17.32,502.82,Completed,
T02282,D0012,R00747,Mumbai,Worli,Dadar,2023-10-11 09:43:00,2023-10-11 09:53:00,2023-10-11 10:49:00,7.46,254.95,Completed,
T02283,D0104,R00676,Delhi,Dwarka,Rohini,2023-10-14 05:37:00,2023-10-14 05:49:00,2023-10-14 06:54:00,8.68,328.52,Completed,
T02284,D0024,R01022,Delhi,Saket,Rohini,2023-10-05 03:05:00,2023-10-05 03:20:00,2023-10-05 03:47:00,10.5,324.76,Completed,
T02285,D0130,R00968,Bangalore,Indiranagar,Electronic City,2023-10-23 07:50:00,2023-10-23 07:54:00,2023-10-23 08:24:00,4.88,171.53,Completed,
T02286,D0191,R00920,Mumbai,Dadar,Powai,2023-10-15 14:33:00,2023-10-15 14:48:00,2023-10-15 15:02:00,9.93,292.02,Completed,
T02287,D0060,R00742,Bangalore,HSR,Indiranagar,2023-10-07 02:20:00,2023-10-07 02:24:00,2023-10-07 02:55:00,8.94,241.72,Completed,
T02288,D0012,R00786,Mumbai,Andheri,Bandra,2023-10-30 02:29:00,2023-10-30 02:35:00,2023-10-30 03:31:00,10.19,272.79,Completed,
T02289,D0112,R01584,Mumbai,Dadar,Dadar,2023-10-14 07:43:00,2023-10-14 07:50:00,2023-10-14 08:27:00,10.61,291.17,Completed,
T02290,D0092,R01025,Bangalore,Whitefield,Koramangala,2023-10-02 16:03:00,2023-10-02 16:06:00,2023-10-02 17:08:00,12.07,393.76,Completed,
T02291,D0207,R00471,Mumbai,Dadar,Andheri,2023-10-18 11:43:00,2023-10-18 11:56:00,2023-10-18 12:54:00,5.66,178.7,Completed,
T02292,D0125,R00906,Bangalore,HSR,Koramangala,2023-10-05 10:43:00,2023-10-05 10:58:00,2023-10-05 11:19:00,13.37,385.48,Completed,
T02293,D0217,R01153,Mumbai,Bandra,Powai,2023-10-23 21:41:00,2023-10-23 21:44:00,2023-10-23 22:04:00,6.06,215.4,Completed,
T02294,D0176,R01058,Mumbai,Powai,Andheri,2023-10-18 22:49:00,2023-10-18 22:54:00,2023-10-18 23:39:00,16.91,465.94,Completed,
T02295,D0110,R00424,Mumbai,Bandra,Dadar,2023-10-19 23:03:00,2023-10-19 23:12:00,2023-10-20 00:05:00,14.31,423.13,Completed,
T02296,D0242,R00856,Bangalore,Indiranagar,HSR,2023-10-10 09:34:00,2023-10-10 09:43:00,2023-10-10 10:23:00,6.97,162.24,Completed,
T02297,D0056,R01244,Delhi,Connaught Place,Saket,2023-10-06 16:56:00,,,4.2,173.33,Cancelled,Other
T02298,D0205,R01392,Delhi,Dwarka,Dwarka,2023-10-02 08:59:00,2023-10-02 09:08:00,2023-10-02 09:55:00,12.74,348.11,Completed,
T02299,D0200,R01408,Bangalore,Electronic City,Electronic City,2023-10-16 05:28:00,2023-10-16 05:43:00,2023-10-16 05:54:00,8.54,277.24,Completed,
T02300,D0052,R01749,Bangalore,Whitefield,Whitefield,2023-10-22 14:01:00,2023-10-22 14:09:00,2023-10-22 14:57:00,8.01,179.97,Completed,
T02301,D0081,R01509,Mumbai,Dadar,Worli,2023-10-01 09:38:00,2023-10-01 09:48:00,2023-10-01 10:01:00,6.54,204.34,Completed,
T02302,D0128,R01443,Delhi,Connaught Place,Dwarka,2023-10-22 02:07:00,2023-10-22 02:11:00,2023-10-22 02:58:00,7.19,253.78,Completed,
T02303,D0038,R00933,Delhi,Dwarka,Dwarka,2023-10-12 19:37:00,,,0.65,77.0,Cancelled,Rider
T02304,D0045,R01712,Bangalore,Whitefield,HSR,2023-10-09 00:18:00,,,9.62,314.85,Cancelled,Driver
T02305,D0110,R01597,Delhi,Rohini,Dwarka,2023-10-23 07:18:00,2023-10-23 07:23:00,2023-10-23 07:36:00,10.36,315.16,Completed,
T02306,D0096,R00477,Delhi,Connaught Place,Rohini,2023-10-25 17:18:00,2023-10-25 17:30:00,2023-10-25 18:15:00,7.92,297.91,Completed,
T02307,D0214,R00384,Bangalore,Koramangala,Indiranagar,2023-10-05 17:07:00,2023-10-05 17:22:00,2023-10-05 17:43:00,6.1,204.62,Completed,
T02308,D0247,R00378,Delhi,Saket,Rohini,2023-10-19 19:20:00,,,8.69,271.66,Cancelled,System
T02309,D0016,R01556,Mumbai,Andheri,Bandra,2023-10-04 12:34:00,2023-10-04 12:44:00,2023-10-04 13:50:00,10.02,312.94,Completed,
T02310,D0237,R00023,Bangalore,Koramangala,HSR,2023-10-19 04:58:00,2023-10-19 05:06:00,2023-10-19 05:59:00,9.36,287.09,Completed,
T02311,D0054,R01183,Delhi,Dwarka,Connaught Place,2023-10-10 00:34:00,2023-10-10 00:41:00,2023-10-10 01:15:00,9.8,283.52,Completed,
T02312,D0145,R01106,Mumbai,Bandra,Worli,2023-10-08 06:39:00,2023-10-08 06:50:00,2023-10-08 07:00:00,0.5,74.43,Completed,
T02313,D0194,R01262,Bangalore,Electronic City,Electronic City,2023-10-19 02:23:00,,,8.35,288.18,Cancelled,System
T02314,D0179,R00324,Mumbai,Dadar,Bandra,2023-10-05 22:45:00,2023-10-05 22:55:00,2023-10-05 23:49:00,8.29,243.65,Completed,
T02315,D0041,R01336,Delhi,Connaught Place,Rohini,2023-10-04 23:02:00,,,11.42,376.02,Cancelled,System
T02316,D0016,R00679,Delhi,Dwarka,Saket,2023-10-20 12:50:00,2023-10-20 12:59:00,2023-10-20 13:50:00,4.72,186.34,Completed,
T02317,D0165,R01534,Bangalore,Electronic City,HSR,2023-10-26 03:59:00,2023-10-26 04:06:00,2023-10-26 04:55:00,13.77,393.79,Completed,
T02318,D0186,R01533,Bangalore,Whitefield,HSR,2023-10-21 14:24:00,2023-10-21 14:27:00,2023-10-21 15:03:00,11.21,303.18,Completed,
T02319,D0044,R01726,Mumbai,Bandra,Worli,2023-10-01 23:42:00,2023-10-01 23:46:00,2023-10-02 00:32:00,14.82,436.53,Completed,
T02320,D0048,R01667,Bangalore,Indiranagar,Electronic City,2023-10-08 13:12:00,2023-10-08 13:19:00,2023-10-08 14:25:00,14.21,359.48,Completed,
T02321,D0067,R00322,Bangalore,HSR,Indiranagar,2023-10-13 17:16:00,2023-10-13 17:21:00,2023-10-13 18:28:00,13.05,350.6,Completed,
T02322,D0045,R01659,Bangalore,HSR,HSR,2023-10-10 09:19:00,2023-10-10 09:22:00,2023-10-10 09:41:00,10.36,352.89,Completed,
T02323,D0030,R01631,Mumbai,Andheri,Bandra,2023-10-03 16:51:00,2023-10-03 16:58:00,2023-10-03 17:29:00,6.94,150.57,Completed,
T02324,D0130,R01278,Mumbai,Bandra,Bandra,2023-10-27 10:29:00,2023-10-27 10:44:00,2023-10-27 11:07:00,9.68,272.42,Completed,
T02325,D0076,R00271,Bangalore,Koramangala,Electronic City,2023-10-08 09:10:00,,,6.62,235.26,Cancelled,Other
T02326,D0145,R01704,Bangalore,HSR,HSR,2023-10-16 18:49:00,2023-10-16 18:53:00,2023-10-16 19:11:00,2.91,128.75,Completed,
T02327,D0226,R00642,Bangalore,Electronic City,Electronic City,2023-10-08 08:36:00,2023-10-08 08:48:00,2023-10-08 09:23:00,5.12,194.32,Completed,
T02328,D0244,R00155,Delhi,Saket,Saket,2023-10-07 02:15:00,2023-10-07 02:24:00,2023-10-07 02:46:00,15.02,558.05,Completed,
T02329,D0096,R01587,Mumbai,Powai,Andheri,2023-10-27 18:15:00,2023-10-27 18:20:00,2023-10-27 19:08:00,9.13,290.78,Completed,
T02330,D0231,R00371,Delhi,Saket,Saket,2023-10-10 05:53:00,2023-10-10 06:05:00,2023-10-10 06:23:00,3.36,127.34,Completed,
T02331,D0026,R00562,Bangalore,Whitefield,HSR,2023-10-11 10:12:00,2023-10-11 10:21:00,2023-10-11 11:25:00,8.95,319.75,Completed,
T02332,D0162,R01437,Bangalore,Koramangala,Electronic City,2023-10-24 03:37:00,,,8.48,287.81,Cancelled,Rider
T02333,D0115,R01352,Mumbai,Worli,Powai,2023-10-06 11:34:00,2023-10-06 11:46:00,2023-10-06 12:06:00,8.55,276.97,Completed,
T02334,D0070,R00472,Mumbai,Powai,Powai,2023-10-07 06:06:00,2023-10-07 06:14:00,2023-10-07 07:08:00,9.45,311.71,Completed,
T02335,D0025,R00216,Bangalore,HSR,Indiranagar,2023-10-15 11:07:00,2023-10-15 11:19:00,2023-10-15 12:09:00,8.09,244.82,Completed,
T02336,D0133,R00535,Delhi,Saket,Gurgaon,2023-10-03 05:55:00,,,3.17,140.83,Cancelled,Rider
T02337,D0178,R01117,Bangalore,Indiranagar,HSR,2023-10-18 00:54:00,2023-10-18 00:58:00,2023-10-18 01:40:00,9.97,291.52,Completed,
T02338,D0180,R00620,Delhi,Gurgaon,Saket,2023-10-15 14:59:00,,,9.87,255.74,Cancelled,Driver
T02339,D0111,R00481,Mumbai,Bandra,Worli,2023-10-02 21:16:00,2023-10-02 21:22:00,2023-10-02 22:28:00,4.64,192.36,Completed,
T02340,D0111,R00697,Delhi,Saket,Gurgaon,2023-10-26 09:41:00,2023-10-26 09:44:00,2023-10-26 10:04:00,5.02,207.18,Completed,
T02341,D0246,R01609,Delhi,Rohini,Gurgaon,2023-10-14 04:34:00,2023-10-14 04:47:00,2023-10-14 05:29:00,13.03,408.0,Completed,
T02342,D0213,R01456,Delhi,Saket,Dwarka,2023-10-09 17:49:00,2023-10-09 18:03:00,2023-10-09 18:40:00,11.76,425.62,Completed,
T02343,D0005,R01596,Mumbai,Bandra,Powai,2023-10-08 19:45:00,2023-10-08 19:58:00,2023-10-08 20:45:00,8.04,297.71,Completed,
T02344,D0221,R01200,Mumbai,Dadar,Bandra,2023-10-10 20:42:00,2023-10-10 20:46:00,2023-10-10 21:46:00,13.12,327.3,Completed,
T02345,D0045,R00723,Delhi,Saket,Dwarka,2023-10-08 05:41:00,2023-10-08 05:52:00,2023-10-08 06:13:00,4.54,198.1,Completed,
T02346,D0045,R00027,Mumbai,Andheri,Bandra,2023-10-21 08:29:00,2023-10-21 08:34:00,2023-10-21 09:25:00,11.04,405.19,Completed,
T02347,D0237,R01614,Bangalore,Koramangala,Electronic City,2023-10-12 04:21:00,2023-10-12 04:33:00,2023-10-12 04:43:00,7.28,278.96,Completed,
T02348,D0107,R00817,Delhi,Connaught Place,Rohini,2023-10-30 19:34:00,2023-10-30 19:39:00,2023-10-30 20:15:00,10.62,285.41,Completed,
T02349,D0247,R00584,Mumbai,Andheri,Andheri,2023-10-03 09:28:00,2023-10-03 09:38:00,2023-10-03 10:41:00,6.18,221.21,Completed,
T02350,D0158,R00760,Delhi,Dwarka,Gurgaon,2023-10-11 12:58:00,2023-10-11 13:04:00,2023-10-11 13:29:00,8.37,255.23,Completed,
T02351,D0035,R00783,Delhi,Connaught Place,Connaught Place,2023-10-09 02:01:00,2023-10-09 02:13:00,2023-10-09 02:37:00,9.42,281.19,Completed,
T02352,D0239,R00576,Mumbai,Dadar,Andheri,2023-10-01 23:13:00,2023-10-01 23:21:00,2023-10-01 23:56:00,2.8,133.95,Completed,
T02353,D0213,R00801,Delhi,Rohini,Dwarka,2023-10-20 00:33:00,,,4.28,169.98,Cancelled,Rider
T02354,D0183,R00949,Delhi,Dwarka,Dwarka,2023-10-24 22:13:00,,,13.7,407.13,Cancelled,Rider
T02355,D0024,R00228,Mumbai,Bandra,Bandra,2023-10-20 06:44:00,2023-10-20 06:50:00,2023-10-20 07:43:00,6.49,228.84,Completed,
T02356,D0004,R00892,Mumbai,Powai,Bandra,2023-10-06 05:14:00,2023-10-06 05:28:00,2023-10-06 05:43:00,9.32,265.16,Completed,
T02357,D0100,R00942,Bangalore,Indiranagar,Whitefield,2023-10-05 12:17:00,2023-10-05 12:31:00,2023-10-05 12:53:00,11.16,317.37,Completed,
T02358,D0230,R00865,Mumbai,Bandra,Powai,2023-10-30 23:14:00,2023-10-30 23:29:00,2023-10-30 23:41:00,2.14,129.53,Completed,
T02359,D0047,R00143,Delhi,Saket,Rohini,2023-10-14 07:17:00,2023-10-14 07:26:00,2023-10-14 08:27:00,11.6,360.44,Completed,
T02360,D0131,R01261,Mumbai,Worli,Bandra,2023-10-05 13:19:00,2023-10-05 13:29:00,2023-10-05 14:18:00,10.19,316.9,Completed,
T02361,D0179,R00631,Bangalore,HSR,HSR,2023-10-14 15:26:00,2023-10-14 15:32:00,2023-10-14 16:10:00,10.93,309.0,Completed,
T02362,D0044,R01027,Bangalore,Whitefield,Electronic City,2023-10-23 13:59:00,2023-10-23 14:14:00,2023-10-23 14:36:00,4.57,200.56,Completed,
T02363,D0146,R01098,Mumbai,Powai,Bandra,2023-10-21 10:01:00,2023-10-21 10:08:00,2023-10-21 11:07:00,12.26,369.63,Completed,
T02364,D0108,R01057,Mumbai,Dadar,Powai,2023-10-07 05:26:00,2023-10-07 05:31:00,2023-10-07 05:53:00,14.4,442.65,Completed,
T02365,D0004,R01282,Bangalore,HSR,Whitefield,2023-10-30 17:04:00,,,12.14,364.39,Cancelled,System
T02366,D0045,R01236,Delhi,Connaught Place,Connaught Place,2023-10-13 04:38:00,2023-10-13 04:53:00,2023-10-13 05:40:00,8.06,238.2,Completed,
T02367,D0123,R01734,Delhi,Saket,Connaught Place,2023-10-11 00:42:00,2023-10-11 00:49:00,2023-10-11 01:30:00,8.19,299.25,Completed,
T02368,D0117,R00105,Mumbai,Dadar,Dadar,2023-10-11 02:37:00,2023-10-11 02:43:00,2023-10-11 03:22:00,11.1,318.33,Completed,
T02369,D0193,R00849,Bangalore,Whitefield,Indiranagar,2023-10-25 16:15:00,2023-10-25 16:24:00,2023-10-25 16:50:00,3.94,133.18,Completed,
T02370,D0194,R00754,Delhi,Rohini,Connaught Place,2023-10-18 15:28:00,2023-10-18 15:43:00,2023-10-18 15:57:00,1.63,96.84,Completed,
T02371,D0210,R00928,Delhi,Saket,Dwarka,2023-10-17 23:09:00,2023-10-17 23:12:00,2023-10-17 23:31:00,7.69,247.17,Completed,
T02372,D0003,R01723,Delhi,Gurgaon,Saket,2023-10-06 00:08:00,2023-10-06 00:18:00,2023-10-06 01:09:00,8.09,271.0,Completed,
T02373,D0250,R00075,Bangalore,Indiranagar,Indiranagar,2023-10-14 04:49:00,2023-10-14 04:52:00,2023-10-14 05:23:00,1.46,102.85,Completed,
T02374,D0235,R01321,Mumbai,Dadar,Bandra,2023-10-13 03:38:00,2023-10-13 03:47:00,2023-10-13 04:27:00,5.75,202.83,Completed,
T02375,D0121,R01506,Bangalore,Indiranagar,Whitefield,2023-10-19 09:52:00,2023-10-19 09:57:00,2023-10-19 10:18:00,10.04,297.81,Completed,
T02376,D0234,R01049,Mumbai,Dadar,Worli,2023-10-22 15:14:00,2023-10-22 15:17:00,2023-10-22 16:16:00,8.18,277.71,Completed,
T02377,D0111,R01693,Delhi,Connaught Place,Saket,2023-10-24 01:51:00,2023-10-24 02:03:00,2023-10-24 03:04:00,4.92,182.74,Completed,
T02378,D0147,R01421,Mumbai,Worli,Worli,2023-10-10 08:11:00,2023-10-10 08:25:00,2023-10-10 09:07:00,6.03,252.35,Completed,
T02379,D0007,R00045,Mumbai,Powai,Worli,2023-10-19 04:41:00,2023-10-19 04:49:00,2023-10-19 05:53:00,3.4,185.1,Completed,
T02380,D0213,R01567,Bangalore,Koramangala,Electronic City,2023-10-07 07:49:00,2023-10-07 08:00:00,2023-10-07 08:37:00,5.5,202.25,Completed,
T02381,D0008,R00824,Mumbai,Bandra,Worli,2023-10-21 03:38:00,2023-10-21 03:53:00,2023-10-21 04:07:00,10.59,402.62,Completed,
T02382,D0122,R01043,Delhi,Gurgaon,Connaught Place,2023-10-01 16:11:00,2023-10-01 16:26:00,2023-10-01 17:29:00,10.43,269.51,Completed,
T02383,D0209,R01439,Delhi,Rohini,Dwarka,2023-10-26 18:55:00,2023-10-26 19:00:00,2023-10-26 19:36:00,9.59,316.11,Completed,
T02384,D0024,R01701,Bangalore,HSR,Electronic City,2023-10-22 02:25:00,2023-10-22 02:34:00,2023-10-22 03:36:00,8.88,279.99,Completed,
T02385,D0104,R01097,Mumbai,Bandra,Andheri,2023-10-08 19:27:00,2023-10-08 19:41:00,2023-10-08 20:28:00,9.99,332.47,Completed,
T02386,D0246,R00232,Delhi,Rohini,Rohini,2023-10-11 19:18:00,2023-10-11 19:32:00,2023-10-11 19:43:00,6.3,184.27,Completed,
T02387,D0108,R00697,Delhi,Gurgaon,Saket,2023-10-28 18:49:00,2023-10-28 18:53:00,2023-10-28 19:42:00,13.9,404.61,Completed,
T02388,D0095,R01150,Bangalore,Electronic City,HSR,2023-10-01 02:10:00,2023-10-01 02:17:00,2023-10-01 02:41:00,6.64,216.13,Completed,
T02389,D0208,R01517,Delhi,Connaught Place,Saket,2023-10-12 03:59:00,2023-10-12 04:12:00,2023-10-12 05:14:00,13.4,481.51,Completed,
T02390,D0029,R00772,Delhi,Rohini,Dwarka,2023-10-25 12:29:00,2023-10-25 12:38:00,2023-10-25 13:28:00,0.5,72.44,Completed,
T02391,D0088,R00211,Delhi,Saket,Rohini,2023-10-06 04:24:00,,,0.63,74.88,Cancelled,Driver
T02392,D0037,R00410,Delhi,Saket,Connaught Place,2023-10-30 22:53:00,,,7.5,236.57,Cancelled,Driver
T02393,D0014,R00088,Bangalore,Whitefield,Koramangala,2023-10-22 15:52:00,,,12.58,367.13,Cancelled,System
T02394,D0132,R00327,Bangalore,Whitefield,Indiranagar,2023-10-02 09:57:00,2023-10-02 10:01:00,2023-10-02 10:40:00,14.11,428.6,Completed,
T02395,D0154,R01706,Delhi,Rohini,Gurgaon,2023-10-08 12:53:00,,,2.98,129.13,Cancelled,System
T02396,D0170,R01158,Mumbai,Bandra,Dadar,2023-10-02 08:58:00,,,3.85,161.13,Cancelled,System
T02397,D0023,R00231,Delhi,Gurgaon,Saket,2023-10-13 13:02:00,2023-10-13 13:14:00,2023-10-13 14:07:00,4.44,166.39,Completed,
T02398,D0205,R00274,Bangalore,Koramangala,Indiranagar,2023-10-08 19:18:00,2023-10-08 19:21:00,2023-10-08 20:04:00,7.95,262.29,Completed,
T02399,D0117,R01378,Delhi,Rohini,Rohini,2023-10-06 11:07:00,2023-10-06 11:16:00,2023-10-06 11:38:00,8.62,254.12,Completed,
T02400,D0084,R00685,Mumbai,Worli,Dadar,2023-10-10 22:29:00,2023-10-10 22:42:00,2023-10-10 23:08:00,4.23,182.39,Completed,
T02401,D0046,R00611,Bangalore,Indiranagar,HSR,2023-10-04 16:43:00,2023-10-04 16:56:00,2023-10-04 17:15:00,8.33,207.49,Completed,
T02402,D0153,R00746,Bangalore,Indiranagar,Koramangala,2023-10-19 13:27:00,2023-10-19 13:33:00,2023-10-19 14:12:00,16.21,544.56,Completed,
T02403,D0233,R00512,Bangalore,Electronic City,Whitefield,2023-10-26 02:11:00,2023-10-26 02:25:00,2023-10-26 02:38:00,1.4,98.14,Completed,
T02404,D0001,R01730,Delhi,Rohini,Connaught Place,2023-10-21 10:16:00,2023-10-21 10:24:00,2023-10-21 10:42:00,8.58,248.94,Completed,
T02405,D0057,R01092,Mumbai,Dadar,Powai,2023-10-17 03:36:00,2023-10-17 03:40:00,2023-10-17 04:34:00,4.3,176.72,Completed,
T02406,D0249,R00301,Mumbai,Andheri,Powai,2023-10-01 17:46:00,2023-10-01 17:57:00,2023-10-01 18:41:00,3.46,159.14,Completed,
T02407,D0116,R00842,Delhi,Dwarka,Dwarka,2023-10-26 22:32:00,,,8.53,306.02,Cancelled,Other
T02408,D0110,R01084,Bangalore,Whitefield,HSR,2023-10-11 12:07:00,2023-10-11 12:22:00,2023-10-11 13:11:00,4.84,193.34,Completed,
T02409,D0034,R00357,Delhi,Dwarka,Connaught Place,2023-10-04 08:29:00,2023-10-04 08:42:00,2023-10-04 09:49:00,5.77,243.73,Completed,
T02410,D0155,R00264,Mumbai,Andheri,Dadar,2023-10-09 11:09:00,2023-10-09 11:21:00,2023-10-09 12:10:00,12.58,492.09,Completed,
T02411,D0019,R00363,Mumbai,Bandra,Powai,2023-10-19 02:53:00,,,13.42,373.4,Cancelled,Other
T02412,D0152,R01205,Mumbai,Worli,Worli,2023-10-28 18:34:00,,,14.04,384.61,Cancelled,Rider
T02413,D0083,R01055,Bangalore,Whitefield,Whitefield,2023-10-10 19:12:00,2023-10-10 19:21:00,2023-10-10 20:06:00,7.74,191.81,Completed,
T02414,D0048,R00522,Mumbai,Worli,Bandra,2023-10-28 19:16:00,2023-10-28 19:20:00,2023-10-28 19:45:00,8.62,270.17,Completed,
T02415,D0243,R00196,Bangalore,HSR,Indiranagar,2023-10-24 19:32:00,,,8.45,317.51,Cancelled,Rider
T02416,D0191,R00021,Delhi,Connaught Place,Connaught Place,2023-10-25 00:35:00,2023-10-25 00:40:00,2023-10-25 01:15:00,8.65,261.76,Completed,
T02417,D0077,R01721,Bangalore,Electronic City,Koramangala,2023-10-14 04:18:00,2023-10-14 04:27:00,2023-10-14 04:46:00,14.64,414.01,Completed,
T02418,D0170,R00446,Mumbai,Powai,Andheri,2023-10-30 16:13:00,2023-10-30 16:25:00,2023-10-30 16:39:00,11.7,360.56,Completed,
T02419,D0133,R01114,Bangalore,Whitefield,Indiranagar,2023-10-10 06:57:00,2023-10-10 07:10:00,2023-10-10 08:13:00,6.2,215.38,Completed,
T02420,D0157,R00328,Bangalore,Indiranagar,HSR,2023-10-27 22:00:00,2023-10-27 22:09:00,2023-10-27 22:38:00,3.84,133.11,Completed,
T02421,D0159,R00479,Bangalore,HSR,Indiranagar,2023-10-15 23:54:00,,,7.7,244.11,Cancelled,Rider
T02422,D0239,R01275,Bangalore,HSR,Electronic City,2023-10-26 22:50:00,2023-10-26 23:05:00,2023-10-26 23:21:00,3.59,158.5,Completed,
T02423,D0033,R01330,Delhi,Rohini,Saket,2023-10-19 05:38:00,,,0.5,70.21,Cancelled,Driver
T02424,D0226,R00006,Delhi,Saket,Gurgaon,2023-10-06 23:51:00,2023-10-07 00:04:00,2023-10-07 01:13:00,4.74,181.45,Completed,
T02425,D0026,R00314,Mumbai,Powai,Andheri,2023-10-19 14:46:00,,,5.24,198.97,Cancelled,Other
T02426,D0204,R00652,Mumbai,Bandra,Andheri,2023-10-12 06:46:00,,,6.48,222.76,Cancelled,Rider
T02427,D0124,R01017,Delhi,Saket,Saket,2023-10-09 20:05:00,2023-10-09 20:08:00,2023-10-09 20:21:00,6.86,257.1,Completed,
T02428,D0044,R00177,Bangalore,Electronic City,Indiranagar,2023-10-30 05:37:00,2023-10-30 05:43:00,2023-10-30 06:19:00,12.2,362.32,Completed,
T02429,D0178,R00146,Bangalore,Electronic City,Indiranagar,2023-10-07 16:08:00,2023-10-07 16:20:00,2023-10-07 17:16:00,3.02,119.57,Completed,
T02430,D0050,R00602,Delhi,Rohini,Rohini,2023-10-23 00:57:00,2023-10-23 01:02:00,2023-10-23 02:03:00,11.76,363.92,Completed,
T02431,D0141,R01536,Mumbai,Worli,Dadar,2023-10-14 01:03:00,2023-10-14 01:06:00,2023-10-14 01:44:00,9.37,251.3,Completed,
T02432,D0081,R00847,Bangalore,HSR,Koramangala,2023-10-11 06:17:00,,,15.86,395.15,Cancelled,Other
T02433,D0202,R01600,Delhi,Rohini,Connaught Place,2023-10-04 05:52:00,2023-10-04 06:03:00,2023-10-04 07:07:00,17.26,524.42,Completed,
T02434,D0247,R00721,Mumbai,Dadar,Bandra,2023-10-11 20:56:00,2023-10-11 21:00:00,2023-10-11 21:27:00,12.02,311.84,Completed,
T02435,D0155,R00710,Mumbai,Worli,Andheri,2023-10-02 16:27:00,2023-10-02 16:30:00,2023-10-02 17:02:00,5.01,178.53,Completed,
T02436,D0083,R01371,Delhi,Rohini,Dwarka,2023-10-05 08:14:00,,,5.46,201.67,Cancelled,Other
T02437,D0236,R00584,Delhi,Connaught Place,Gurgaon,2023-10-06 07:45:00,2023-10-06 07:48:00,2023-10-06 08:01:00,4.01,136.55,Completed,
T02438,D0184,R01559,Bangalore,Indiranagar,Electronic City,2023-10-01 13:45:00,2023-10-01 13:52:00,2023-10-01 14:03:00,10.06,298.96,Completed,
T02439,D0039,R00784,Delhi,Saket,Dwarka,2023-10-25 20:18:00,2023-10-25 20:24:00,2023-10-25 21:11:00,8.8,272.67,Completed,
T02440,D0062,R00571,Delhi,Connaught Place,Saket,2023-10-02 19:35:00,2023-10-02 19:44:00,2023-10-02 20:37:00,12.82,347.91,Completed,
T02441,D0004,R00783,Delhi,Rohini,Saket,2023-10-25 14:21:00,2023-10-25 14:29:00,2023-10-25 14:44:00,6.12,243.16,Completed,
T02442,D0053,R00271,Delhi,Dwarka,Connaught Place,2023-10-28 07:42:00,,,7.87,228.35,Cancelled,Other
T02443,D0120,R00110,Bangalore,Whitefield,Whitefield,2023-10-28 12:42:00,2023-10-28 12:53:00,2023-10-28 14:00:00,11.28,298.83,Completed,
T02444,D0185,R01222,Bangalore,Indiranagar,Koramangala,2023-10-24 00:14:00,,,0.5,70.26,Cancelled,Driver
T02445,D0154,R00578,Delhi,Dwarka,Connaught Place,2023-10-06 08:19:00,2023-10-06 08:33:00,2023-10-06 09:23:00,14.89,494.85,Completed,
T02446,D0175,R00198,Bangalore,HSR,Electronic City,2023-10-10 02:07:00,,,10.93,367.63,Cancelled,Driver
T02447,D0087,R01348,Mumbai,Andheri,Andheri,2023-10-26 04:37:00,2023-10-26 04:43:00,2023-10-26 05:04:00,4.54,200.7,Completed,
T02448,D0104,R00301,Delhi,Connaught Place,Rohini,2023-10-30 20:44:00,2023-10-30 20:57:00,2023-10-30 21:17:00,15.66,447.41,Completed,
T02449,D0232,R01457,Bangalore,HSR,HSR,2023-10-28 08:02:00,2023-10-28 08:09:00,2023-10-28 08:42:00,13.05,388.87,Completed,
T02450,D0222,R00403,Mumbai,Andheri,Dadar,2023-10-03 13:56:00,2023-10-03 14:09:00,2023-10-03 15:16:00,13.85,346.27,Completed,
T02451,D0100,R01181,Bangalore,HSR,Whitefield,2023-10-14 03:57:00,2023-10-14 04:11:00,2023-10-14 04:36:00,10.8,279.5,Completed,
T02452,D0105,R01181,Mumbai,Dadar,Andheri,2023-10-18 15:14:00,2023-10-18 15:28:00,2023-10-18 16:26:00,5.98,219.43,Completed,
T02453,D0250,R00034,Mumbai,Bandra,Powai,2023-10-11 13:30:00,2023-10-11 13:41:00,2023-10-11 14:10:00,8.49,258.96,Completed,
T02454,D0233,R00678,Mumbai,Andheri,Dadar,2023-10-26 06:46:00,2023-10-26 06:55:00,2023-10-26 07:08:00,9.34,329.7,Completed,
T02455,D0102,R01497,Bangalore,Electronic City,Koramangala,2023-10-02 21:21:00,2023-10-02 21:24:00,2023-10-02 21:42:00,8.03,262.43,Completed,
T02456,D0110,R01761,Delhi,Dwarka,Gurgaon,2023-10-29 19:43:00,2023-10-29 19:47:00,2023-10-29 19:57:00,13.51,401.16,Completed,
T02457,D0031,R00294,Bangalore,HSR,Indiranagar,2023-10-27 23:01:00,,,14.63,460.42,Cancelled,Driver
T02458,D0068,R00760,Bangalore,Electronic City,Whitefield,2023-10-28 16:26:00,2023-10-28 16:36:00,2023-10-28 17:34:00,5.93,170.72,Completed,
T02459,D0094,R00086,Delhi,Connaught Place,Gurgaon,2023-10-28 04:34:00,2023-10-28 04:39:00,2023-10-28 05:14:00,12.91,431.16,Completed,
T02460,D0111,R00605,Delhi,Rohini,Rohini,2023-10-25 06:39:00,2023-10-25 06:49:00,2023-10-25 07:58:00,11.41,306.63,Completed,
T02461,D0152,R01421,Mumbai,Powai,Powai,2023-10-29 16:18:00,,,11.66,361.91,Cancelled,System
T02462,D0024,R01220,Bangalore,Whitefield,HSR,2023-10-24 09:12:00,2023-10-24 09:26:00,2023-10-24 10:11:00,13.61,407.39,Completed,
T02463,D0136,R00816,Delhi,Saket,Dwarka,2023-10-16 22:43:00,2023-10-16 22:58:00,2023-10-16 23:29:00,14.34,345.91,Completed,
T02464,D0204,R00645,Bangalore,Whitefield,Whitefield,2023-10-28 04:12:00,2023-10-28 04:22:00,2023-10-28 04:35:00,11.26,383.88,Completed,
T02465,D0249,R01110,Bangalore,Whitefield,Koramangala,2023-10-11 16:23:00,2023-10-11 16:28:00,2023-10-11 16:57:00,11.84,385.69,Completed,
T02466,D0076,R00269,Mumbai,Bandra,Powai,2023-10-01 11:27:00,2023-10-01 11:36:00,2023-10-01 11:47:00,4.22,143.56,Completed,
T02467,D0130,R00139,Bangalore,Whitefield,Indiranagar,2023-10-17 15:44:00,2023-10-17 15:57:00,2023-10-17 16:07:00,17.48,572.11,Completed,
T02468,D0244,R00711,Delhi,Gurgaon,Saket,2023-10-29 21:22:00,2023-10-29 21:31:00,2023-10-29 21:44:00,6.72,228.22,Completed,
T02469,D0096,R00669,Delhi,Rohini,Saket,2023-10-03 19:32:00,2023-10-03 19:38:00,2023-10-03 20:25:00,8.44,284.33,Completed,
T02470,D0015,R00199,Delhi,Rohini,Saket,2023-10-13 01:49:00,2023-10-13 01:57:00,2023-10-13 02:20:00,14.86,412.61,Completed,
T02471,D0082,R01317,Delhi,Gurgaon,Gurgaon,2023-10-03 11:26:00,2023-10-03 11:30:00,2023-10-03 12:28:00,15.16,537.66,Completed,
T02472,D0112,R01190,Delhi,Dwarka,Saket,2023-10-19 02:34:00,,,15.65,404.24,Cancelled,Other
T02473,D0227,R01014,Mumbai,Powai,Worli,2023-10-18 16:10:00,2023-10-18 16:24:00,2023-10-18 17:12:00,9.27,367.94,Completed,
T02474,D0141,R00498,Mumbai,Dadar,Dadar,2023-10-19 00:31:00,,,5.33,210.28,Cancelled,Rider
T02475,D0139,R00381,Delhi,Dwarka,Connaught Place,2023-10-05 00:53:00,2023-10-05 00:57:00,2023-10-05 01:43:00,12.96,310.05,Completed,
T02476,D0111,R01447,Delhi,Gurgaon,Saket,2023-10-17 09:05:00,2023-10-17 09:10:00,2023-10-17 10:04:00,10.1,389.55,Completed,
T02477,D0054,R01779,Bangalore,Electronic City,Indiranagar,2023-10-07 01:33:00,2023-10-07 01:36:00,2023-10-07 01:57:00,10.62,298.55,Completed,
T02478,D0196,R01265,Mumbai,Worli,Bandra,2023-10-11 22:13:00,2023-10-11 22:23:00,2023-10-11 22:57:00,2.8,142.41,Completed,
T02479,D0113,R01477,Mumbai,Worli,Powai,2023-10-08 12:35:00,2023-10-08 12:40:00,2023-10-08 13:04:00,9.27,377.68,Completed,
T02480,D0012,R01411,Delhi,Connaught Place,Connaught Place,2023-10-07 09:40:00,2023-10-07 09:44:00,2023-10-07 10:10:00,8.17,257.95,Completed,
T02481,D0049,R00436,Mumbai,Powai,Dadar,2023-10-29 01:45:00,2023-10-29 01:52:00,2023-10-29 02:10:00,9.94,262.78,Completed,
T02482,D0155,R00990,Delhi,Rohini,Rohini,2023-10-04 05:06:00,2023-10-04 05:21:00,2023-10-04 06:14:00,11.74,405.35,Completed,
T02483,D0216,R00907,Bangalore,HSR,Whitefield,2023-10-15 22:32:00,2023-10-15 22:35:00,2023-10-15 23:43:00,3.84,183.4,Completed,
T02484,D0160,R01468,Delhi,Saket,Rohini,2023-10-28 17:34:00,2023-10-28 17:37:00,2023-10-28 17:47:00,5.82,200.3,Completed,
T02485,D0173,R01596,Bangalore,Indiranagar,Indiranagar,2023-10-10 17:08:00,2023-10-10 17:21:00,2023-10-10 18:17:00,9.13,249.8,Completed,
T02486,D0120,R01434,Mumbai,Andheri,Dadar,2023-10-21 10:51:00,2023-10-21 11:05:00,2023-10-21 11:47:00,8.95,297.33,Completed,
T02487,D0187,R00741,Mumbai,Andheri,Bandra,2023-10-14 14:18:00,2023-10-14 14:24:00,2023-10-14 15:09:00,12.36,344.87,Completed,
T02488,D0086,R01291,Mumbai,Powai,Andheri,2023-10-02 13:44:00,2023-10-02 13:51:00,2023-10-02 14:09:00,10.79,374.42,Completed,
T02489,D0164,R01016,Delhi,Rohini,Connaught Place,2023-10-02 17:03:00,2023-10-02 17:08:00,2023-10-02 18:15:00,6.82,188.0,Completed,
T02490,D0223,R00929,Delhi,Saket,Dwarka,2023-10-30 11:47:00,2023-10-30 11:52:00,2023-10-30 12:29:00,9.25,256.57,Completed,
T02491,D0238,R00082,Mumbai,Bandra,Dadar,2023-10-26 21:41:00,2023-10-26 21:44:00,2023-10-26 22:47:00,15.23,389.26,Completed,
T02492,D0170,R01630,Bangalore,HSR,Whitefield,2023-10-24 03:15:00,,,3.78,134.42,Cancelled,Other
T02493,D0073,R00428,Delhi,Connaught Place,Gurgaon,2023-10-04 05:31:00,2023-10-04 05:44:00,2023-10-04 06:31:00,7.92,300.34,Completed,
T02494,D0179,R00569,Bangalore,Electronic City,Koramangala,2023-10-27 17:14:00,2023-10-27 17:25:00,2023-10-27 18:20:00,5.65,167.33,Completed,
T02495,D0234,R00646,Mumbai,Powai,Andheri,2023-10-28 05:59:00,2023-10-28 06:11:00,2023-10-28 07:17:00,3.71,161.49,Completed,
T02496,D0180,R00894,Mumbai,Powai,Bandra,2023-10-28 04:19:00,2023-10-28 04:34:00,2023-10-28 05:39:00,10.46,396.68,Completed,
T02497,D0191,R00207,Bangalore,Indiranagar,Electronic City,2023-10-06 23:56:00,2023-10-07 00:00:00,2023-10-07 00:18:00,1.37,88.01,Completed,
T02498,D0207,R00591,Delhi,Gurgaon,Rohini,2023-10-25 06:54:00,2023-10-25 07:02:00,2023-10-25 07:51:00,3.82,127.11,Completed,
T02499,D0005,R01432,Bangalore,Indiranagar,Indiranagar,2023-10-12 10:40:00,2023-10-12 10:49:00,2023-10-12 11:46:00,13.95,446.42,Completed,
T02500,D0249,R01694,Bangalore,Indiranagar,HSR,2023-10-27 22:09:00,2023-10-27 22:16:00,2023-10-27 22:37:00,16.66,396.62,Completed,
T02501,D0192,R01078,Mumbai,Bandra,Bandra,2023-10-21 23:38:00,2023-10-21 23:53:00,2023-10-22 00:35:00,0.76,79.31,Completed,
T02502,D0135,R01737,Bangalore,HSR,Koramangala,2023-10-21 11:47:00,2023-10-21 12:00:00,2023-10-21 12:44:00,7.68,243.47,Completed,
T02503,D0013,R00524,Mumbai,Worli,Powai,2023-10-24 18:20:00,2023-10-24 18:34:00,2023-10-24 19:30:00,14.24,458.97,Completed,
T02504,D0120,R00051,Mumbai,Powai,Worli,2023-10-14 22:10:00,2023-10-14 22:17:00,2023-10-14 22:52:00,4.08,152.82,Completed,
T02505,D0160,R00495,Mumbai,Andheri,Worli,2023-10-21 04:46:00,2023-10-21 04:59:00,2023-10-21 05:43:00,9.12,252.37,Completed,
T02506,D0052,R00289,Mumbai,Dadar,Andheri,2023-10-08 00:23:00,2023-10-08 00:26:00,2023-10-08 01:12:00,14.1,486.01,Completed,
T02507,D0034,R00921,Mumbai,Worli,Dadar,2023-10-19 05:45:00,2023-10-19 05:53:00,2023-10-19 06:49:00,5.22,200.08,Completed,
T02508,D0128,R01554,Mumbai,Powai,Dadar,2023-10-16 01:02:00,2023-10-16 01:10:00,2023-10-16 02:08:00,4.51,170.16,Completed,
T02509,D0248,R00792,Mumbai,Worli,Dadar,2023-10-05 13:05:00,2023-10-05 13:08:00,2023-10-05 13:21:00,5.35,196.94,Completed,
T02510,D0202,R00118,Mumbai,Powai,Andheri,2023-10-24 17:05:00,2023-10-24 17:12:00,2023-10-24 18:05:00,11.32,259.81,Completed,
T02511,D0091,R00620,Mumbai,Powai,Andheri,2023-10-18 09:55:00,2023-10-18 10:02:00,2023-10-18 11:07:00,10.45,337.34,Completed,
T02512,D0157,R01084,Delhi,Saket,Gurgaon,2023-10-27 19:02:00,2023-10-27 19:08:00,2023-10-27 19:30:00,7.86,273.28,Completed,
T02513,D0132,R00131,Mumbai,Dadar,Andheri,2023-10-01 18:33:00,2023-10-01 18:36:00,2023-10-01 19:32:00,12.33,290.0,Completed,
T02514,D0050,R00435,Bangalore,Electronic City,Whitefield,2023-10-19 13:52:00,2023-10-19 13:59:00,2023-10-19 14:18:00,3.26,125.0,Completed,
T02515,D0012,R01096,Bangalore,Indiranagar,Koramangala,2023-10-08 21:21:00,2023-10-08 21:33:00,2023-10-08 22:30:00,7.87,265.36,Completed,
T02516,D0192,R00888,Delhi,Connaught Place,Gurgaon,2023-10-13 15:37:00,2023-10-13 15:49:00,2023-10-13 16:48:00,7.87,297.83,Completed,
T02517,D0125,R00277,Mumbai,Powai,Powai,2023-10-28 03:24:00,,,15.93,392.51,Cancelled,Other
T02518,D0069,R00612,Bangalore,HSR,Koramangala,2023-10-26 06:28:00,2023-10-26 06:39:00,2023-10-26 06:49:00,4.94,204.09,Completed,
T02519,D0091,R00030,Mumbai,Worli,Powai,2023-10-10 07:31:00,2023-10-10 07:38:00,2023-10-10 08:20:00,4.09,179.69,Completed,
T02520,D0164,R01198,Mumbai,Worli,Andheri,2023-10-30 03:17:00,,,3.11,129.47,Cancelled,System
T02521,D0111,R01786,Bangalore,Koramangala,Indiranagar,2023-10-30 22:33:00,2023-10-30 22:38:00,2023-10-30 23:29:00,7.88,233.54,Completed,
T02522,D0234,R01251,Bangalore,Koramangala,Whitefield,2023-10-17 02:24:00,2023-10-17 02:35:00,2023-10-17 03:02:00,10.67,323.08,Completed,
T02523,D0040,R00965,Bangalore,HSR,Electronic City,2023-10-15 04:58:00,2023-10-15 05:11:00,2023-10-15 05:50:00,13.93,460.61,Completed,
T02524,D0093,R01052,Mumbai,Dadar,Powai,2023-10-21 22:44:00,2023-10-21 22:51:00,2023-10-21 23:05:00,10.39,314.14,Completed,
T02525,D0185,R01719,Delhi,Gurgaon,Rohini,2023-10-24 18:54:00,2023-10-24 19:08:00,2023-10-24 19:26:00,13.36,395.51,Completed,
T02526,D0224,R00861,Delhi,Dwarka,Dwarka,2023-10-24 15:58:00,2023-10-24 16:02:00,2023-10-24 16:48:00,0.5,72.08,Completed,
T02527,D0044,R01480,Delhi,Gurgaon,Saket,2023-10-11 00:03:00,,,2.6,132.3,Cancelled,System
T02528,D0194,R01058,Delhi,Dwarka,Connaught Place,2023-10-29 08:09:00,2023-10-29 08:16:00,2023-10-29 09:25:00,1.11,89.9,Completed,
T02529,D0180,R01316,Mumbai,Andheri,Powai,2023-10-09 18:13:00,2023-10-09 18:19:00,2023-10-09 19:11:00,2.19,124.42,Completed,
T02530,D0237,R00604,Bangalore,Indiranagar,Whitefield,2023-10-25 02:29:00,,,8.91,242.83,Cancelled,Rider
T02531,D0145,R00861,Mumbai,Bandra,Bandra,2023-10-16 11:14:00,2023-10-16 11:17:00,2023-10-16 12:26:00,4.65,158.84,Completed,
T02532,D0186,R01187,Bangalore,Koramangala,Indiranagar,2023-10-21 22:37:00,2023-10-21 22:49:00,2023-10-21 23:31:00,7.36,231.81,Completed,
T02533,D0121,R00878,Bangalore,HSR,HSR,2023-10-11 09:02:00,2023-10-11 09:17:00,2023-10-11 10:15:00,7.53,244.63,Completed,
T02534,D0161,R00955,Delhi,Saket,Gurgaon,2023-10-25 16:10:00,2023-10-25 16:17:00,2023-10-25 17:18:00,16.37,516.23,Completed,
T02535,D0019,R01216,Mumbai,Worli,Andheri,2023-10-12 19:25:00,2023-10-12 19:33:00,2023-10-12 19:55:00,4.09,168.72,Completed,
T02536,D0160,R00136,Delhi,Rohini,Gurgaon,2023-10-25 14:41:00,2023-10-25 14:51:00,2023-10-25 15:33:00,12.17,296.74,Completed,
T02537,D0127,R01561,Bangalore,Whitefield,Indiranagar,2023-10-15 13:58:00,2023-10-15 14:09:00,2023-10-15 14:57:00,5.33,186.82,Completed,
T02538,D0054,R00047,Mumbai,Bandra,Andheri,2023-10-26 00:40:00,2023-10-26 00:46:00,2023-10-26 01:29:00,4.39,163.82,Completed,
T02539,D0103,R00235,Delhi,Gurgaon,Connaught Place,2023-10-22 19:10:00,2023-10-22 19:14:00,2023-10-22 19:35:00,8.81,315.72,Completed,
T02540,D0189,R01162,Delhi,Gurgaon,Gurgaon,2023-10-16 04:31:00,2023-10-16 04:36:00,2023-10-16 05:45:00,12.14,321.26,Completed,
T02541,D0217,R01656,Delhi,Connaught Place,Saket,2023-10-18 14:40:00,2023-10-18 14:45:00,2023-10-18 15:47:00,8.87,239.46,Completed,
T02542,D0100,R00932,Bangalore,Electronic City,Indiranagar,2023-10-19 06:51:00,2023-10-19 06:55:00,2023-10-19 07:08:00,11.66,300.66,Completed,
T02543,D0200,R00474,Bangalore,Indiranagar,HSR,2023-10-22 21:25:00,2023-10-22 21:37:00,2023-10-22 22:44:00,4.77,172.87,Completed,
T02544,D0170,R00095,Delhi,Dwarka,Rohini,2023-10-24 06:33:00,,,5.36,201.07,Cancelled,Other
T02545,D0126,R01495,Bangalore,Indiranagar,Indiranagar,2023-10-20 03:32:00,2023-10-20 03:43:00,2023-10-20 04:43:00,4.38,168.25,Completed,
T02546,D0177,R01569,Mumbai,Bandra,Bandra,2023-10-17 03:00:00,2023-10-17 03:14:00,2023-10-17 03:30:00,9.85,265.79,Completed,
T02547,D0085,R01385,Bangalore,Koramangala,HSR,2023-10-15 16:41:00,2023-10-15 16:49:00,2023-10-15 17:27:00,15.94,491.1,Completed,
T02548,D0024,R01058,Bangalore,HSR,HSR,2023-10-30 07:06:00,2023-10-30 07:20:00,2023-10-30 07:44:00,4.07,145.27,Completed,
T02549,D0080,R00131,Mumbai,Powai,Dadar,2023-10-03 00:50:00,2023-10-03 00:54:00,2023-10-03 01:23:00,5.76,203.1,Completed,
T02550,D0236,R00661,Bangalore,Koramangala,Indiranagar,2023-10-30 15:30:00,2023-10-30 15:43:00,2023-10-30 16:43:00,8.65,195.08,Completed,
T02551,D0114,R01233,Mumbai,Andheri,Andheri,2023-10-25 09:11:00,2023-10-25 09:26:00,2023-10-25 10:10:00,5.72,186.54,Completed,
T02552,D0113,R01790,Delhi,Dwarka,Dwarka,2023-10-30 01:48:00,,,4.36,174.82,Cancelled,Driver
T02553,D0206,R00844,Delhi,Saket,Gurgaon,2023-10-14 18:28:00,2023-10-14 18:35:00,2023-10-14 19:01:00,8.05,295.0,Completed,
T02554,D0235,R00876,Mumbai,Powai,Andheri,2023-10-02 03:01:00,2023-10-02 03:15:00,2023-10-02 04:19:00,9.28,355.43,Completed,
T02555,D0056,R01037,Bangalore,Indiranagar,Koramangala,2023-10-20 15:51:00,,,5.04,170.96,Cancelled,Other
T02556,D0242,R01441,Mumbai,Bandra,Dadar,2023-10-27 12:01:00,2023-10-27 12:13:00,2023-10-27 13:21:00,0.5,73.8,Completed,
T02557,D0131,R00280,Bangalore,Electronic City,Koramangala,2023-10-05 18:05:00,2023-10-05 18:19:00,2023-10-05 18:31:00,2.36,113.31,Completed,
T02558,D0095,R00465,Mumbai,Bandra,Powai,2023-10-26 10:48:00,,,5.48,170.26,Cancelled,Rider
T02559,D0219,R01101,Bangalore,Indiranagar,Electronic City,2023-10-18 02:35:00,,,4.97,202.25,Cancelled,System
T02560,D0007,R01734,Mumbai,Dadar,Powai,2023-10-18 16:57:00,,,11.36,323.52,Cancelled,Other
T02561,D0187,R01332,Mumbai,Andheri,Dadar,2023-10-09 00:59:00,2023-10-09 01:10:00,2023-10-09 01:38:00,8.27,223.68,Completed,
T02562,D0030,R00340,Mumbai,Andheri,Worli,2023-10-28 18:01:00,2023-10-28 18:06:00,2023-10-28 19:13:00,5.11,194.36,Completed,
T02563,D0104,R00203,Delhi,Dwarka,Rohini,2023-10-05 06:43:00,2023-10-05 06:50:00,2023-10-05 07:57:00,15.32,493.65,Completed,
T02564,D0099,R01422,Mumbai,Dadar,Dadar,2023-10-22 19:45:00,2023-10-22 19:56:00,2023-10-22 20:19:00,13.49,423.2,Completed,
T02565,D0189,R01098,Mumbai,Dadar,Powai,2023-10-02 04:12:00,,,3.15,127.83,Cancelled,Rider
T02566,D0062,R00870,Delhi,Rohini,Connaught Place,2023-10-29 23:41:00,,,8.62,267.25,Cancelled,Rider
T02567,D0150,R00773,Delhi,Saket,Saket,2023-10-30 09:23:00,2023-10-30 09:29:00,2023-10-30 10:05:00,9.34,276.63,Completed,
T02568,D0192,R00286,Bangalore,HSR,Whitefield,2023-10-28 07:07:00,2023-10-28 07:11:00,2023-10-28 07:21:00,4.81,190.67,Completed,
T02569,D0045,R01393,Bangalore,Indiranagar,HSR,2023-10-13 15:31:00,2023-10-13 15:36:00,2023-10-13 15:54:00,10.39,309.2,Completed,
T02570,D0140,R01135,Delhi,Dwarka,Saket,2023-10-27 18:40:00,2023-10-27 18:50:00,2023-10-27 19:27:00,10.71,310.47,Completed,
T02571,D0159,R00671,Mumbai,Bandra,Powai,2023-10-17 07:07:00,2023-10-17 07:19:00,2023-10-17 07:33:00,15.15,506.06,Completed,
T02572,D0031,R01758,Mumbai,Powai,Andheri,2023-10-19 08:50:00,2023-10-19 08:56:00,2023-10-19 09:55:00,10.86,335.88,Completed,
T02573,D0218,R01657,Mumbai,Dadar,Andheri,2023-10-14 20:05:00,2023-10-14 20:10:00,2023-10-14 21:15:00,3.21,160.64,Completed,
T02574,D0099,R01198,Bangalore,HSR,Whitefield,2023-10-26 00:17:00,2023-10-26 00:21:00,2023-10-26 01:07:00,8.54,240.12,Completed,
T02575,D0086,R00899,Delhi,Saket,Rohini,2023-10-29 20:10:00,2023-10-29 20:20:00,2023-10-29 21:13:00,8.78,229.4,Completed,
T02576,D0156,R01668,Bangalore,Electronic City,HSR,2023-10-14 14:11:00,2023-10-14 14:26:00,2023-10-14 15:34:00,10.16,392.55,Completed,
T02577,D0191,R01602,Bangalore,HSR,HSR,2023-10-09 03:24:00,2023-10-09 03:30:00,2023-10-09 04:33:00,4.93,209.78,Completed,
T02578,D0225,R01173,Delhi,Connaught Place,Rohini,2023-10-12 15:25:00,2023-10-12 15:36:00,2023-10-12 16:00:00,5.99,211.54,Completed,
T02579,D0245,R01514,Mumbai,Andheri,Powai,2023-10-11 23:27:00,2023-10-11 23:36:00,2023-10-12 00:32:00,8.44,302.96,Completed,
T02580,D0075,R01427,Delhi,Gurgaon,Saket,2023-10-22 22:41:00,2023-10-22 22:45:00,2023-10-22 23:11:00,9.71,337.36,Completed,
T02581,D0120,R00593,Delhi,Connaught Place,Gurgaon,2023-10-24 12:45:00,2023-10-24 12:59:00,2023-10-24 13:09:00,7.91,268.22,Completed,
T02582,D0063,R00107,Mumbai,Worli,Powai,2023-10-13 23:44:00,2023-10-13 23:55:00,2023-10-14 00:17:00,6.04,190.38,Completed,
T02583,D0016,R00640,Delhi,Dwarka,Gurgaon,2023-10-03 08:21:00,2023-10-03 08:27:00,2023-10-03 08:42:00,7.0,204.74,Completed,
T02584,D0024,R00350,Bangalore,Koramangala,Koramangala,2023-10-15 18:31:00,,,8.5,308.73,Cancelled,Other
T02585,D0020,R01075,Mumbai,Powai,Dadar,2023-10-25 23:06:00,2023-10-25 23:15:00,2023-10-26 00:05:00,13.03,427.1,Completed,
T02586,D0085,R01716,Mumbai,Andheri,Bandra,2023-10-06 20:45:00,2023-10-06 20:56:00,2023-10-06 21:47:00,10.67,289.78,Completed,
T02587,D0169,R00540,Mumbai,Bandra,Bandra,2023-10-27 07:32:00,2023-10-27 07:40:00,2023-10-27 08:50:00,14.19,373.29,Completed,
T02588,D0009,R01791,Bangalore,HSR,HSR,2023-10-19 09:32:00,2023-10-19 09:43:00,2023-10-19 10:20:00,9.36,316.55,Completed,
T02589,D0173,R00197,Delhi,Rohini,Dwarka,2023-10-01 20:36:00,2023-10-01 20:50:00,2023-10-01 21:06:00,9.68,281.47,Completed,
T02590,D0105,R01206,Bangalore,Electronic City,Indiranagar,2023-10-19 08:57:00,2023-10-19 09:05:00,2023-10-19 10:02:00,9.76,313.33,Completed,
T02591,D0221,R00289,Bangalore,Indiranagar,Indiranagar,2023-10-05 08:15:00,2023-10-05 08:29:00,2023-10-05 09:12:00,10.62,307.52,Completed,
T02592,D0010,R00378,Bangalore,Indiranagar,Koramangala,2023-10-13 15:30:00,2023-10-13 15:42:00,2023-10-13 16:00:00,5.09,224.45,Completed,
T02593,D0036,R00095,Mumbai,Andheri,Andheri,2023-10-18 04:38:00,2023-10-18 04:50:00,2023-10-18 05:48:00,13.37,438.85,Completed,
T02594,D0137,R00357,Bangalore,HSR,Indiranagar,2023-10-12 15:38:00,2023-10-12 15:44:00,2023-10-12 16:35:00,8.8,296.02,Completed,
T02595,D0245,R00688,Delhi,Saket,Rohini,2023-10-18 05:47:00,,,9.18,268.86,Cancelled,System
T02596,D0056,R01249,Mumbai,Dadar,Dadar,2023-10-06 17:53:00,2023-10-06 18:08:00,2023-10-06 18:37:00,5.13,188.19,Completed,
T02597,D0068,R00112,Bangalore,Electronic City,HSR,2023-10-08 21:14:00,2023-10-08 21:19:00,2023-10-08 22:16:00,6.13,220.09,Completed,
T02598,D0193,R01356,Bangalore,Electronic City,Electronic City,2023-10-20 21:36:00,2023-10-20 21:42:00,2023-10-20 22:09:00,5.8,176.52,Completed,
T02599,D0093,R01586,Delhi,Connaught Place,Rohini,2023-10-29 10:45:00,2023-10-29 10:54:00,2023-10-29 11:57:00,5.64,203.88,Completed,
T02600,D0099,R00548,Delhi,Saket,Saket,2023-10-09 01:56:00,,,2.45,131.42,Cancelled,Driver
T02601,D0202,R00615,Bangalore,Koramangala,HSR,2023-10-17 19:50:00,2023-10-17 19:59:00,2023-10-17 20:35:00,7.6,241.74,Completed,
T02602,D0057,R01799,Mumbai,Dadar,Powai,2023-10-17 19:33:00,2023-10-17 19:38:00,2023-10-17 20:06:00,12.11,301.83,Completed,
T02603,D0185,R01412,Mumbai,Dadar,Bandra,2023-10-20 18:22:00,2023-10-20 18:34:00,2023-10-20 19:28:00,8.79,303.65,Completed,
T02604,D0142,R01797,Delhi,Saket,Saket,2023-10-27 05:47:00,,,8.47,252.15,Cancelled,Rider
T02605,D0077,R01321,Delhi,Saket,Dwarka,2023-10-07 20:38:00,2023-10-07 20:48:00,2023-10-07 21:53:00,6.19,217.03,Completed,
T02606,D0141,R00842,Delhi,Gurgaon,Rohini,2023-10-29 10:59:00,,,7.26,259.44,Cancelled,System
T02607,D0064,R01103,Delhi,Dwarka,Rohini,2023-10-20 12:45:00,2023-10-20 12:54:00,2023-10-20 13:50:00,15.42,463.17,Completed,
T02608,D0152,R01613,Delhi,Connaught Place,Saket,2023-10-22 09:47:00,2023-10-22 10:02:00,2023-10-22 10:46:00,3.51,132.14,Completed,
T02609,D0221,R01601,Bangalore,Electronic City,Indiranagar,2023-10-17 03:11:00,2023-10-17 03:20:00,2023-10-17 04:27:00,10.07,306.19,Completed,
T02610,D0023,R00778,Delhi,Connaught Place,Saket,2023-10-22 00:31:00,2023-10-22 00:41:00,2023-10-22 00:59:00,15.67,468.19,Completed,
T02611,D0199,R01669,Delhi,Saket,Gurgaon,2023-10-08 13:22:00,,,10.29,317.72,Cancelled,Other
T02612,D0143,R00242,Delhi,Dwarka,Connaught Place,2023-10-01 20:51:00,,,6.07,224.48,Cancelled,Rider
T02613,D0201,R00377,Mumbai,Powai,Powai,2023-10-19 02:58:00,2023-10-19 03:08:00,2023-10-19 03:43:00,9.3,227.9,Completed,
T02614,D0213,R00831,Bangalore,Indiranagar,Indiranagar,2023-10-27 07:29:00,2023-10-27 07:37:00,2023-10-27 08:35:00,3.74,168.51,Completed,
T02615,D0118,R00616,Delhi,Connaught Place,Dwarka,2023-10-05 22:55:00,2023-10-05 23:07:00,2023-10-05 23:57:00,15.7,399.95,Completed,
T02616,D0068,R01315,Mumbai,Dadar,Dadar,2023-10-27 01:29:00,2023-10-27 01:33:00,2023-10-27 01:54:00,2.04,88.72,Completed,
T02617,D0146,R00844,Delhi,Gurgaon,Dwarka,2023-10-14 07:05:00,2023-10-14 07:18:00,2023-10-14 07:29:00,5.31,176.77,Completed,
T02618,D0057,R00717,Bangalore,Electronic City,Koramangala,2023-10-15 22:57:00,2023-10-15 23:01:00,2023-10-15 23:21:00,18.28,554.46,Completed,
T02619,D0199,R01560,Bangalore,Koramangala,Indiranagar,2023-10-19 06:23:00,2023-10-19 06:35:00,2023-10-19 06:47:00,5.6,192.63,Completed,
T02620,D0070,R01707,Bangalore,Whitefield,Indiranagar,2023-10-11 12:59:00,,,10.43,411.79,Cancelled,Other
T02621,D0137,R01416,Delhi,Rohini,Connaught Place,2023-10-13 10:52:00,2023-10-13 11:03:00,2023-10-13 12:04:00,7.03,287.27,Completed,
T02622,D0245,R00515,Delhi,Gurgaon,Connaught Place,2023-10-03 19:48:00,2023-10-03 19:51:00,2023-10-03 20:05:00,3.54,156.21,Completed,
T02623,D0003,R01581,Bangalore,Koramangala,Koramangala,2023-10-19 05:24:00,,,2.95,124.97,Cancelled,Driver
T02624,D0231,R01748,Mumbai,Dadar,Andheri,2023-10-30 20:41:00,,,9.38,287.97,Cancelled,Other
T02625,D0009,R00598,Mumbai,Bandra,Andheri,2023-10-25 18:30:00,2023-10-25 18:33:00,2023-10-25 18:58:00,13.5,430.52,Completed,
T02626,D0129,R00320,Bangalore,Koramangala,Indiranagar,2023-10-12 17:36:00,,,11.61,334.49,Cancelled,System
T02627,D0020,R00995,Mumbai,Worli,Andheri,2023-10-09 23:42:00,2023-10-09 23:55:00,2023-10-10 00:11:00,6.76,196.13,Completed,
T02628,D0098,R00177,Bangalore,Whitefield,Koramangala,2023-10-25 17:41:00,2023-10-25 17:55:00,2023-10-25 19:01:00,6.45,247.65,Completed,
T02629,D0201,R00622,Bangalore,Whitefield,Koramangala,2023-10-07 03:42:00,2023-10-07 03:45:00,2023-10-07 04:03:00,5.52,188.54,Completed,
T02630,D0143,R01093,Bangalore,Whitefield,HSR,2023-10-24 16:48:00,2023-10-24 16:53:00,2023-10-24 17:56:00,9.99,319.0,Completed,
T02631,D0233,R00894,Mumbai,Dadar,Worli,2023-10-07 05:19:00,2023-10-07 05:31:00,2023-10-07 05:54:00,6.26,175.75,Completed,
T02632,D0098,R01616,Mumbai,Andheri,Andheri,2023-10-23 08:08:00,2023-10-23 08:14:00,2023-10-23 08:59:00,3.58,157.96,Completed,
T02633,D0078,R01183,Delhi,Rohini,Dwarka,2023-10-23 17:23:00,2023-10-23 17:27:00,2023-10-23 18:27:00,17.44,626.97,Completed,
T02634,D0039,R00169,Bangalore,HSR,Indiranagar,2023-10-30 04:35:00,2023-10-30 04:49:00,2023-10-30 05:14:00,8.23,275.83,Completed,
T02635,D0106,R00833,Mumbai,Worli,Powai,2023-10-03 08:08:00,2023-10-03 08:17:00,2023-10-03 08:31:00,3.12,145.47,Completed,
T02636,D0043,R00154,Mumbai,Andheri,Bandra,2023-10-16 08:14:00,,,11.14,396.59,Cancelled,System
T02637,D0073,R01112,Delhi,Gurgaon,Gurgaon,2023-10-17 12:48:00,2023-10-17 12:58:00,2023-10-17 13:45:00,11.87,253.43,Completed,
T02638,D0135,R01038,Mumbai,Worli,Worli,2023-10-24 16:37:00,,,5.98,227.94,Cancelled,System
T02639,D0008,R00887,Bangalore,Whitefield,HSR,2023-10-03 15:44:00,2023-10-03 15:58:00,2023-10-03 16:29:00,3.76,142.56,Completed,
T02640,D0054,R00378,Delhi,Saket,Connaught Place,2023-10-19 06:58:00,2023-10-19 07:03:00,2023-10-19 08:07:00,9.09,257.25,Completed,
T02641,D0100,R00531,Mumbai,Dadar,Andheri,2023-10-08 02:27:00,2023-10-08 02:35:00,2023-10-08 02:46:00,8.75,245.66,Completed,
T02642,D0170,R01718,Mumbai,Bandra,Andheri,2023-10-02 00:38:00,2023-10-02 00:45:00,2023-10-02 01:02:00,4.46,234.99,Completed,
T02643,D0166,R01613,Mumbai,Worli,Dadar,2023-10-24 04:13:00,,,6.28,224.54,Cancelled,Driver
T02644,D0001,R01377,Bangalore,HSR,Koramangala,2023-10-01 05:37:00,,,12.59,368.4,Cancelled,Driver
T02645,D0138,R00228,Mumbai,Andheri,Powai,2023-10-07 04:05:00,2023-10-07 04:16:00,2023-10-07 05:12:00,6.11,215.38,Completed,
T02646,D0036,R00582,Delhi,Connaught Place,Gurgaon,2023-10-08 08:13:00,2023-10-08 08:24:00,2023-10-08 08:43:00,6.11,207.77,Completed,
T02647,D0084,R00066,Mumbai,Andheri,Powai,2023-10-22 10:30:00,,,4.78,176.57,Cancelled,System
T02648,D0186,R00764,Bangalore,Koramangala,Koramangala,2023-10-02 18:36:00,2023-10-02 18:40:00,2023-10-02 19:04:00,7.89,300.01,Completed,
T02649,D0171,R01597,Bangalore,Whitefield,Indiranagar,2023-10-16 19:02:00,2023-10-16 19:08:00,2023-10-16 19:38:00,12.66,306.79,Completed,
T02650,D0136,R00241,Bangalore,HSR,Whitefield,2023-10-30 06:28:00,2023-10-30 06:37:00,2023-10-30 07:05:00,8.94,281.45,Completed,
T02651,D0154,R01744,Delhi,Connaught Place,Connaught Place,2023-10-02 20:42:00,2023-10-02 20:53:00,2023-10-02 21:04:00,7.54,247.39,Completed,
T02652,D0160,R00159,Mumbai,Worli,Powai,2023-10-05 15:46:00,2023-10-05 15:52:00,2023-10-05 16:21:00,14.91,326.62,Completed,
T02653,D0195,R01139,Bangalore,Whitefield,Whitefield,2023-10-24 05:38:00,,,11.32,327.92,Cancelled,Other
T02654,D0033,R01250,Mumbai,Bandra,Andheri,2023-10-29 14:49:00,2023-10-29 15:02:00,2023-10-29 15:47:00,11.09,393.92,Completed,
T02655,D0194,R01380,Mumbai,Bandra,Dadar,2023-10-11 02:29:00,2023-10-11 02:43:00,2023-10-11 02:54:00,13.59,391.61,Completed,
T02656,D0198,R01486,Delhi,Saket,Rohini,2023-10-27 15:10:00,2023-10-27 15:23:00,2023-10-27 16:12:00,10.22,338.48,Completed,
T02657,D0153,R01010,Bangalore,HSR,Electronic City,2023-10-19 07:38:00,2023-10-19 07:46:00,2023-10-19 08:18:00,6.99,257.54,Completed,
T02658,D0179,R01509,Delhi,Connaught Place,Saket,2023-10-14 22:18:00,2023-10-14 22:30:00,2023-10-14 23:37:00,5.4,190.16,Completed,
T02659,D0146,R01245,Delhi,Gurgaon,Saket,2023-10-20 13:35:00,2023-10-20 13:40:00,2023-10-20 14:23:00,7.1,212.62,Completed,
T02660,D0018,R00927,Bangalore,HSR,HSR,2023-10-18 04:04:00,2023-10-18 04:10:00,2023-10-18 04:34:00,5.31,207.05,Completed,
T02661,D0022,R01360,Mumbai,Worli,Andheri,2023-10-02 23:13:00,2023-10-02 23:19:00,2023-10-02 23:55:00,11.06,372.47,Completed,
T02662,D0231,R00575,Mumbai,Bandra,Dadar,2023-10-27 17:58:00,2023-10-27 18:01:00,2023-10-27 18:43:00,10.3,339.88,Completed,
T02663,D0158,R00618,Delhi,Saket,Saket,2023-10-19 03:14:00,2023-10-19 03:21:00,2023-10-19 03:48:00,3.55,127.46,Completed,
T02664,D0206,R00493,Bangalore,Indiranagar,HSR,2023-10-15 16:55:00,,,11.75,355.95,Cancelled,Rider
T02665,D0078,R00259,Bangalore,HSR,Koramangala,2023-10-10 16:12:00,2023-10-10 16:22:00,2023-10-10 17:17:00,8.84,252.87,Completed,
T02666,D0088,R00693,Delhi,Rohini,Saket,2023-10-16 01:32:00,2023-10-16 01:40:00,2023-10-16 02:24:00,12.28,319.4,Completed,
T02667,D0238,R00031,Mumbai,Bandra,Powai,2023-10-27 14:55:00,2023-10-27 15:10:00,2023-10-27 15:44:00,10.66,371.04,Completed,
T02668,D0116,R01271,Bangalore,HSR,Electronic City,2023-10-17 18:57:00,2023-10-17 19:10:00,2023-10-17 19:29:00,11.27,341.11,Completed,
T02669,D0047,R01076,Mumbai,Dadar,Bandra,2023-10-17 07:56:00,,,10.54,293.19,Cancelled,Rider
T02670,D0006,R01414,Bangalore,Electronic City,Electronic City,2023-10-13 17:19:00,,,11.23,377.71,Cancelled,Rider
T02671,D0041,R00269,Bangalore,Koramangala,HSR,2023-10-21 03:27:00,2023-10-21 03:32:00,2023-10-21 04:35:00,7.84,273.58,Completed,
T02672,D0119,R00494,Bangalore,Electronic City,Indiranagar,2023-10-19 12:50:00,2023-10-19 12:58:00,2023-10-19 13:51:00,9.54,216.27,Completed,
T02673,D0155,R00259,Mumbai,Powai,Andheri,2023-10-18 09:44:00,2023-10-18 09:53:00,2023-10-18 10:17:00,13.28,313.78,Completed,
T02674,D0215,R01683,Bangalore,HSR,Koramangala,2023-10-06 12:17:00,2023-10-06 12:28:00,2023-10-06 13:27:00,9.17,298.55,Completed,
T02675,D0012,R01317,Bangalore,Indiranagar,Indiranagar,2023-10-07 21:10:00,2023-10-07 21:22:00,2023-10-07 21:47:00,7.9,248.7,Completed,
T02676,D0058,R01324,Mumbai,Andheri,Bandra,2023-10-29 04:06:00,2023-10-29 04:09:00,2023-10-29 04:22:00,3.08,138.35,Completed,
T02677,D0166,R01466,Delhi,Rohini,Saket,2023-10-27 11:26:00,2023-10-27 11:34:00,2023-10-27 12:08:00,10.32,331.58,Completed,
T02678,D0190,R01187,Bangalore,Electronic City,Indiranagar,2023-10-24 09:33:00,2023-10-24 09:47:00,2023-10-24 10:25:00,11.88,349.3,Completed,
T02679,D0074,R01522,Bangalore,Indiranagar,Koramangala,2023-10-01 00:30:00,2023-10-01 00:36:00,2023-10-01 00:54:00,4.47,198.54,Completed,
T02680,D0161,R00679,Mumbai,Dadar,Powai,2023-10-30 14:56:00,2023-10-30 15:00:00,2023-10-30 15:28:00,12.77,347.46,Completed,
T02681,D0215,R01551,Mumbai,Powai,Bandra,2023-10-14 02:30:00,2023-10-14 02:42:00,2023-10-14 03:10:00,15.05,444.22,Completed,
T02682,D0180,R00877,Delhi,Saket,Saket,2023-10-28 22:57:00,,,13.72,363.63,Cancelled,Other
T02683,D0089,R00257,Mumbai,Andheri,Worli,2023-10-03 15:48:00,2023-10-03 15:57:00,2023-10-03 16:11:00,0.5,73.27,Completed,
T02684,D0023,R01357,Bangalore,Koramangala,Electronic City,2023-10-26 04:52:00,2023-10-26 04:55:00,2023-10-26 05:31:00,5.78,183.41,Completed,
T02685,D0034,R01393,Bangalore,Whitefield,Koramangala,2023-10-08 02:15:00,2023-10-08 02:28:00,2023-10-08 03:13:00,6.7,203.71,Completed,
T02686,D0212,R00407,Mumbai,Dadar,Andheri,2023-10-29 15:15:00,2023-10-29 15:20:00,2023-10-29 15:39:00,5.25,199.59,Completed,
T02687,D0150,R01476,Delhi,Rohini,Gurgaon,2023-10-17 04:33:00,2023-10-17 04:46:00,2023-10-17 05:29:00,11.15,306.85,Completed,
T02688,D0057,R01242,Mumbai,Powai,Bandra,2023-10-19 20:17:00,,,11.34,362.21,Cancelled,Rider
T02689,D0008,R01167,Bangalore,Electronic City,Electronic City,2023-10-02 19:44:00,,,8.74,344.3,Cancelled,Rider
T02690,D0224,R00706,Delhi,Gurgaon,Gurgaon,2023-10-07 18:12:00,2023-10-07 18:19:00,2023-10-07 18:56:00,7.61,230.64,Completed,
T02691,D0157,R00529,Mumbai,Andheri,Dadar,2023-10-18 07:02:00,2023-10-18 07:13:00,2023-10-18 08:08:00,15.1,419.08,Completed,
T02692,D0052,R00699,Delhi,Dwarka,Gurgaon,2023-10-26 04:50:00,2023-10-26 04:54:00,2023-10-26 06:00:00,4.84,181.34,Completed,
T02693,D0025,R00724,Bangalore,Indiranagar,Whitefield,2023-10-02 21:02:00,2023-10-02 21:11:00,2023-10-02 22:12:00,7.24,298.88,Completed,
T02694,D0048,R01650,Mumbai,Bandra,Dadar,2023-10-14 07:51:00,2023-10-14 07:59:00,2023-10-14 08:13:00,13.94,323.28,Completed,
T02695,D0081,R01002,Bangalore,HSR,Whitefield,2023-10-13 17:27:00,,,9.83,375.95,Cancelled,Rider
T02696,D0158,R01206,Mumbai,Dadar,Bandra,2023-10-18 13:30:00,2023-10-18 13:41:00,2023-10-18 14:09:00,4.34,179.83,Completed,
T02697,D0209,R00629,Bangalore,Whitefield,Indiranagar,2023-10-13 16:23:00,2023-10-13 16:27:00,2023-10-13 16:38:00,7.59,277.99,Completed,
T02698,D0246,R01094,Mumbai,Powai,Andheri,2023-10-01 06:20:00,2023-10-01 06:28:00,2023-10-01 07:02:00,12.05,406.64,Completed,
T02699,D0222,R01009,Bangalore,Indiranagar,Electronic City,2023-10-03 11:14:00,2023-10-03 11:23:00,2023-10-03 12:18:00,11.55,384.63,Completed,
T02700,D0180,R01797,Bangalore,HSR,Indiranagar,2023-10-15 13:03:00,2023-10-15 13:10:00,2023-10-15 14:03:00,2.04,116.14,Completed,
T02701,D0148,R00009,Bangalore,Indiranagar,Indiranagar,2023-10-06 23:04:00,2023-10-06 23:12:00,2023-10-07 00:19:00,2.05,116.77,Completed,
T02702,D0229,R01495,Bangalore,Koramangala,HSR,2023-10-14 07:42:00,2023-10-14 07:56:00,2023-10-14 08:48:00,1.0,82.56,Completed,
T02703,D0186,R01065,Mumbai,Powai,Andheri,2023-10-23 10:12:00,2023-10-23 10:16:00,2023-10-23 11:21:00,9.86,289.83,Completed,
T02704,D0053,R01138,Mumbai,Bandra,Bandra,2023-10-02 02:27:00,2023-10-02 02:34:00,2023-10-02 03:12:00,6.86,222.05,Completed,
T02705,D0166,R01441,Bangalore,HSR,HSR,2023-10-21 05:44:00,2023-10-21 05:56:00,2023-10-21 06:50:00,9.26,301.96,Completed,
T02706,D0125,R01291,Bangalore,Indiranagar,Indiranagar,2023-10-18 23:07:00,2023-10-18 23:13:00,2023-10-18 23:49:00,8.42,265.36,Completed,
T02707,D0052,R00311,Delhi,Connaught Place,Connaught Place,2023-10-20 09:40:00,2023-10-20 09:55:00,2023-10-20 10:57:00,10.49,331.65,Completed,
T02708,D0075,R01782,Delhi,Gurgaon,Dwarka,2023-10-24 13:47:00,2023-10-24 13:54:00,2023-10-24 14:53:00,8.04,292.64,Completed,
T02709,D0109,R01416,Bangalore,Electronic City,Electronic City,2023-10-10 16:07:00,,,6.74,204.92,Cancelled,Rider
T02710,D0186,R00688,Mumbai,Powai,Worli,2023-10-23 16:47:00,2023-10-23 16:50:00,2023-10-23 17:54:00,10.84,346.15,Completed,
T02711,D0225,R00859,Mumbai,Powai,Worli,2023-10-20 18:59:00,,,11.95,404.35,Cancelled,System
T02712,D0030,R01155,Delhi,Dwarka,Rohini,2023-10-03 08:47:00,,,11.9,410.08,Cancelled,Driver
T02713,D0249,R00598,Bangalore,Whitefield,Koramangala,2023-10-30 17:20:00,,,10.41,320.36,Cancelled,System
T02714,D0202,R01108,Mumbai,Andheri,Bandra,2023-10-16 16:48:00,,,6.67,171.49,Cancelled,Driver
T02715,D0148,R00140,Delhi,Connaught Place,Rohini,2023-10-24 04:35:00,2023-10-24 04:42:00,2023-10-24 05:32:00,8.35,259.83,Completed,
T02716,D0062,R01408,Bangalore,Indiranagar,HSR,2023-10-13 09:01:00,2023-10-13 09:09:00,2023-10-13 09:23:00,1.48,104.0,Completed,
T02717,D0163,R00939,Bangalore,HSR,HSR,2023-10-24 18:38:00,2023-10-24 18:48:00,2023-10-24 19:17:00,7.62,293.89,Completed,
T02718,D0051,R00651,Delhi,Saket,Rohini,2023-10-03 06:32:00,2023-10-03 06:41:00,2023-10-03 07:24:00,7.3,232.05,Completed,
T02719,D0125,R01246,Mumbai,Andheri,Bandra,2023-10-06 00:08:00,,,5.53,203.5,Cancelled,Driver
T02720,D0027,R00419,Mumbai,Dadar,Andheri,2023-10-30 21:40:00,2023-10-30 21:53:00,2023-10-30 22:48:00,3.67,137.76,Completed,
T02721,D0028,R00866,Mumbai,Andheri,Andheri,2023-10-05 06:01:00,2023-10-05 06:16:00,2023-10-05 06:59:00,12.28,344.39,Completed,
T02722,D0121,R01068,Delhi,Dwarka,Dwarka,2023-10-26 23:59:00,2023-10-27 00:13:00,2023-10-27 01:08:00,5.68,216.06,Completed,
T02723,D0017,R01099,Bangalore,Indiranagar,HSR,2023-10-19 20:00:00,2023-10-19 20:03:00,2023-10-19 20:34:00,11.9,368.34,Completed,
T02724,D0092,R01446,Bangalore,Indiranagar,Electronic City,2023-10-12 15:09:00,2023-10-12 15:17:00,2023-10-12 15:55:00,11.88,374.95,Completed,
T02725,D0094,R00579,Mumbai,Bandra,Dadar,2023-10-12 05:41:00,,,13.74,397.78,Cancelled,Rider
T02726,D0025,R00137,Mumbai,Powai,Worli,2023-10-07 11:07:00,2023-10-07 11:18:00,2023-10-07 11:30:00,9.27,249.82,Completed,
T02727,D0110,R00014,Mumbai,Bandra,Worli,2023-10-20 08:33:00,2023-10-20 08:48:00,2023-10-20 09:10:00,6.34,207.91,Completed,
T02728,D0041,R00881,Mumbai,Worli,Worli,2023-10-10 07:22:00,,,4.06,165.88,Cancelled,Other
T02729,D0066,R00338,Delhi,Rohini,Dwarka,2023-10-11 02:27:00,2023-10-11 02:41:00,2023-10-11 02:54:00,3.77,133.27,Completed,
T02730,D0242,R00957,Delhi,Dwarka,Connaught Place,2023-10-17 20:48:00,2023-10-17 21:03:00,2023-10-17 21:47:00,10.82,350.32,Completed,
T02731,D0237,R01568,Delhi,Dwarka,Gurgaon,2023-10-26 16:22:00,2023-10-26 16:35:00,2023-10-26 17:14:00,14.3,345.31,Completed,
T02732,D0244,R01548,Delhi,Connaught Place,Connaught Place,2023-10-08 14:19:00,2023-10-08 14:33:00,2023-10-08 15:43:00,4.14,166.34,Completed,
T02733,D0036,R00799,Delhi,Dwarka,Connaught Place,2023-10-14 07:28:00,2023-10-14 07:39:00,2023-10-14 08:47:00,6.9,202.89,Completed,
T02734,D0003,R01757,Delhi,Rohini,Dwarka,2023-10-03 19:09:00,2023-10-03 19:14:00,2023-10-03 20:09:00,9.85,313.9,Completed,
T02735,D0173,R01514,Bangalore,Whitefield,Whitefield,2023-10-14 10:26:00,2023-10-14 10:29:00,2023-10-14 11:01:00,9.75,361.16,Completed,
T02736,D0194,R00247,Mumbai,Worli,Worli,2023-10-05 06:36:00,2023-10-05 06:45:00,2023-10-05 07:54:00,14.17,375.13,Completed,
T02737,D0028,R00825,Delhi,Saket,Saket,2023-10-22 14:32:00,2023-10-22 14:47:00,2023-10-22 15:22:00,7.43,215.02,Completed,
T02738,D0156,R00589,Mumbai,Powai,Andheri,2023-10-02 20:26:00,2023-10-02 20:32:00,2023-10-02 20:54:00,6.46,192.91,Completed,
T02739,D0183,R00284,Bangalore,Whitefield,HSR,2023-10-28 23:44:00,2023-10-28 23:51:00,2023-10-29 01:01:00,12.44,449.79,Completed,
T02740,D0160,R00156,Bangalore,HSR,Indiranagar,2023-10-21 21:14:00,2023-10-21 21:18:00,2023-10-21 22:05:00,7.79,239.47,Completed,
T02741,D0118,R00103,Delhi,Connaught Place,Rohini,2023-10-01 14:30:00,2023-10-01 14:36:00,2023-10-01 15:12:00,6.91,203.2,Completed,
T02742,D0151,R00197,Mumbai,Andheri,Andheri,2023-10-30 03:38:00,2023-10-30 03:52:00,2023-10-30 04:46:00,11.49,324.8,Completed,
T02743,D0108,R01172,Mumbai,Bandra,Powai,2023-10-07 21:21:00,2023-10-07 21:29:00,2023-10-07 22:14:00,6.35,218.41,Completed,
T02744,D0154,R00592,Mumbai,Worli,Worli,2023-10-16 07:17:00,2023-10-16 07:23:00,2023-10-16 07:53:00,1.14,85.4,Completed,
T02745,D0092,R00826,Delhi,Saket,Gurgaon,2023-10-10 10:07:00,2023-10-10 10:14:00,2023-10-10 11:00:00,10.68,341.62,Completed,
T02746,D0099,R00794,Bangalore,HSR,Indiranagar,2023-10-12 11:24:00,2023-10-12 11:33:00,2023-10-12 12:23:00,12.27,331.42,Completed,
T02747,D0225,R01674,Bangalore,Whitefield,Whitefield,2023-10-02 01:03:00,2023-10-02 01:17:00,2023-10-02 01:35:00,17.65,440.13,Completed,
T02748,D0200,R01213,Mumbai,Bandra,Dadar,2023-10-07 15:44:00,2023-10-07 15:51:00,2023-10-07 16:55:00,6.66,257.28,Completed,
T02749,D0075,R01348,Delhi,Dwarka,Connaught Place,2023-10-06 20:23:00,2023-10-06 20:37:00,2023-10-06 21:30:00,10.78,268.34,Completed,
T02750,D0171,R00655,Delhi,Connaught Place,Gurgaon,2023-10-18 19:12:00,2023-10-18 19:27:00,2023-10-18 19:38:00,6.29,256.53,Completed,
T02751,D0197,R01335,Bangalore,Indiranagar,Koramangala,2023-10-26 11:05:00,2023-10-26 11:09:00,2023-10-26 11:44:00,9.07,306.24,Completed,
T02752,D0061,R01226,Delhi,Dwarka,Connaught Place,2023-10-10 00:25:00,2023-10-10 00:31:00,2023-10-10 01:05:00,3.37,153.64,Completed,
T02753,D0015,R00481,Bangalore,Koramangala,Electronic City,2023-10-03 15:35:00,2023-10-03 15:47:00,2023-10-03 16:34:00,4.36,157.65,Completed,
T02754,D0030,R00356,Mumbai,Worli,Bandra,2023-10-24 17:06:00,2023-10-24 17:17:00,2023-10-24 17:29:00,9.76,272.71,Completed,
T02755,D0017,R01399,Mumbai,Andheri,Worli,2023-10-13 16:23:00,2023-10-13 16:28:00,2023-10-13 17:17:00,12.47,325.76,Completed,
T02756,D0013,R00870,Delhi,Connaught Place,Dwarka,2023-10-11 11:20:00,,,6.96,196.04,Cancelled,Other
T02757,D0044,R00288,Mumbai,Bandra,Dadar,2023-10-18 22:15:00,2023-10-18 22:30:00,2023-10-18 22:45:00,5.51,177.13,Completed,
T02758,D0090,R01429,Delhi,Rohini,Saket,2023-10-04 00:56:00,,,11.95,312.09,Cancelled,Other
T02759,D0234,R00715,Bangalore,Electronic City,Indiranagar,2023-10-16 19:32:00,2023-10-16 19:36:00,2023-10-16 19:48:00,15.22,491.51,Completed,
T02760,D0003,R01268,Delhi,Gurgaon,Rohini,2023-10-12 03:04:00,,,0.5,74.39,Cancelled,Other
T02761,D0143,R01242,Bangalore,Indiranagar,Whitefield,2023-10-05 07:23:00,2023-10-05 07:36:00,2023-10-05 08:13:00,10.93,359.77,Completed,
T02762,D0166,R00981,Mumbai,Andheri,Worli,2023-10-17 04:49:00,2023-10-17 04:59:00,2023-10-17 05:36:00,7.95,226.61,Completed,
T02763,D0102,R00838,Mumbai,Bandra,Dadar,2023-10-22 18:53:00,,,11.97,400.97,Cancelled,Rider
T02764,D0232,R01590,Delhi,Dwarka,Saket,2023-10-24 22:29:00,2023-10-24 22:42:00,2023-10-24 23:17:00,7.43,255.69,Completed,
T02765,D0152,R01416,Mumbai,Worli,Andheri,2023-10-08 19:45:00,2023-10-08 19:56:00,2023-10-08 20:59:00,4.69,186.34,Completed,
T02766,D0115,R00384,Delhi,Gurgaon,Gurgaon,2023-10-09 20:40:00,2023-10-09 20:48:00,2023-10-09 21:08:00,11.94,383.04,Completed,
T02767,D0248,R00652,Delhi,Gurgaon,Gurgaon,2023-10-25 11:23:00,2023-10-25 11:29:00,2023-10-25 12:30:00,3.36,148.0,Completed,
T02768,D0083,R01236,Bangalore,Whitefield,Whitefield,2023-10-07 04:05:00,2023-10-07 04:14:00,2023-10-07 04:44:00,4.08,164.67,Completed,
T02769,D0141,R00650,Mumbai,Andheri,Andheri,2023-10-02 03:14:00,,,11.77,330.54,Cancelled,Driver
T02770,D0032,R00989,Delhi,Gurgaon,Gurgaon,2023-10-14 05:44:00,2023-10-14 05:53:00,2023-10-14 06:24:00,16.0,558.47,Completed,
T02771,D0018,R01777,Bangalore,Whitefield,HSR,2023-10-27 00:24:00,,,14.95,548.89,Cancelled,System
T02772,D0137,R00878,Bangalore,Koramangala,Koramangala,2023-10-25 07:41:00,2023-10-25 07:48:00,2023-10-25 08:31:00,3.92,133.84,Completed,
T02773,D0199,R01442,Delhi,Dwarka,Gurgaon,2023-10-17 10:22:00,2023-10-17 10:29:00,2023-10-17 11:17:00,8.0,240.02,Completed,
T02774,D0214,R01283,Mumbai,Bandra,Andheri,2023-10-26 12:57:00,,,5.89,228.55,Cancelled,Driver
T02775,D0051,R00028,Bangalore,Koramangala,Electronic City,2023-10-27 20:03:00,2023-10-27 20:11:00,2023-10-27 21:01:00,15.08,510.66,Completed,
T02776,D0010,R01355,Mumbai,Worli,Powai,2023-10-29 11:16:00,2023-10-29 11:19:00,2023-10-29 11:54:00,11.69,421.11,Completed,
T02777,D0042,R01149,Bangalore,Koramangala,Whitefield,2023-10-09 05:52:00,2023-10-09 05:56:00,2023-10-09 06:46:00,10.54,376.78,Completed,
T02778,D0004,R00536,Bangalore,Indiranagar,Whitefield,2023-10-02 21:42:00,2023-10-02 21:47:00,2023-10-02 22:48:00,5.86,206.65,Completed,
T02779,D0036,R01624,Delhi,Rohini,Connaught Place,2023-10-20 06:32:00,2023-10-20 06:38:00,2023-10-20 07:18:00,9.98,268.35,Completed,
T02780,D0127,R00625,Delhi,Saket,Gurgaon,2023-10-15 20:46:00,,,5.85,166.76,Cancelled,System
T02781,D0174,R01010,Mumbai,Bandra,Powai,2023-10-19 13:39:00,2023-10-19 13:48:00,2023-10-19 14:32:00,7.22,240.73,Completed,
T02782,D0065,R00575,Delhi,Saket,Saket,2023-10-14 19:58:00,,,9.2,322.33,Cancelled,Driver
T02783,D0170,R01531,Delhi,Rohini,Gurgaon,2023-10-25 09:57:00,2023-10-25 10:03:00,2023-10-25 10:55:00,3.55,171.71,Completed,
T02784,D0144,R01121,Bangalore,Whitefield,Indiranagar,2023-10-14 12:02:00,2023-10-14 12:10:00,2023-10-14 13:01:00,9.77,396.06,Completed,
T02785,D0056,R00316,Mumbai,Andheri,Dadar,2023-10-23 12:09:00,2023-10-23 12:17:00,2023-10-23 12:42:00,5.88,219.5,Completed,
T02786,D0135,R00326,Mumbai,Dadar,Worli,2023-10-17 14:35:00,2023-10-17 14:42:00,2023-10-17 15:07:00,16.15,400.13,Completed,
T02787,D0169,R01223,Delhi,Rohini,Gurgaon,2023-10-10 22:35:00,2023-10-10 22:49:00,2023-10-10 23:26:00,8.47,297.08,Completed,
T02788,D0007,R01477,Bangalore,Koramangala,Electronic City,2023-10-17 04:52:00,2023-10-17 04:55:00,2023-10-17 05:28:00,9.38,262.66,Completed,
T02789,D0069,R00404,Bangalore,HSR,Indiranagar,2023-10-25 05:05:00,2023-10-25 05:08:00,2023-10-25 05:47:00,12.28,445.7,Completed,
T02790,D0146,R00291,Delhi,Gurgaon,Rohini,2023-10-09 22:14:00,2023-10-09 22:28:00,2023-10-09 23:09:00,5.69,205.57,Completed,
T02791,D0202,R00495,Mumbai,Worli,Andheri,2023-10-29 21:31:00,,,3.23,111.16,Cancelled,Driver
T02792,D0036,R00272,Bangalore,Koramangala,HSR,2023-10-20 04:37:00,2023-10-20 04:40:00,2023-10-20 05:33:00,10.43,319.84,Completed,
T02793,D0169,R00133,Mumbai,Bandra,Dadar,2023-10-02 01:17:00,2023-10-02 01:25:00,2023-10-02 01:49:00,5.3,185.51,Completed,
T02794,D0198,R01007,Delhi,Gurgaon,Rohini,2023-10-13 01:15:00,2023-10-13 01:21:00,2023-10-13 02:19:00,7.14,220.15,Completed,
T02795,D0205,R00723,Bangalore,Electronic City,Koramangala,2023-10-04 13:55:00,2023-10-04 14:01:00,2023-10-04 14:53:00,10.11,301.75,Completed,
T02796,D0103,R00890,Mumbai,Dadar,Bandra,2023-10-08 14:15:00,2023-10-08 14:20:00,2023-10-08 15:05:00,14.03,342.3,Completed,
T02797,D0029,R01135,Delhi,Rohini,Rohini,2023-10-16 15:40:00,2023-10-16 15:51:00,2023-10-16 16:13:00,3.87,154.08,Completed,
T02798,D0245,R01237,Mumbai,Andheri,Worli,2023-10-16 13:47:00,2023-10-16 13:50:00,2023-10-16 14:51:00,5.63,183.11,Completed,
T02799,D0025,R00733,Bangalore,HSR,Indiranagar,2023-10-15 18:05:00,2023-10-15 18:13:00,2023-10-15 19:16:00,3.91,127.19,Completed,
T02800,D0179,R01731,Delhi,Connaught Place,Saket,2023-10-21 15:37:00,2023-10-21 15:42:00,2023-10-21 16:26:00,8.7,258.79,Completed,
T02801,D0064,R00178,Mumbai,Powai,Dadar,2023-10-10 02:13:00,2023-10-10 02:18:00,2023-10-10 03:22:00,0.5,77.1,Completed,
T02802,D0185,R00208,Mumbai,Bandra,Dadar,2023-10-20 06:13:00,2023-10-20 06:22:00,2023-10-20 06:48:00,10.15,295.82,Completed,
T02803,D0066,R00328,Bangalore,Koramangala,Electronic City,2023-10-24 09:05:00,2023-10-24 09:15:00,2023-10-24 09:50:00,1.52,97.25,Completed,
T02804,D0109,R01619,Delhi,Dwarka,Gurgaon,2023-10-03 16:40:00,2023-10-03 16:46:00,2023-10-03 16:57:00,15.03,492.86,Completed,
T02805,D0244,R00067,Delhi,Rohini,Gurgaon,2023-10-16 07:01:00,2023-10-16 07:08:00,2023-10-16 07:39:00,8.19,186.85,Completed,
T02806,D0037,R00903,Delhi,Dwarka,Connaught Place,2023-10-25 13:39:00,,,12.75,432.99,Cancelled,Other
T02807,D0072,R00079,Bangalore,HSR,Electronic City,2023-10-10 19:10:00,2023-10-10 19:21:00,2023-10-10 20:04:00,10.81,283.27,Completed,
T02808,D0169,R00497,Mumbai,Dadar,Powai,2023-10-05 02:47:00,2023-10-05 02:59:00,2023-10-05 04:01:00,9.79,322.68,Completed,
T02809,D0220,R00505,Mumbai,Powai,Bandra,2023-10-03 02:27:00,2023-10-03 02:33:00,2023-10-03 02:49:00,1.87,102.46,Completed,
T02810,D0197,R00226,Mumbai,Powai,Powai,2023-10-17 11:11:00,2023-10-17 11:23:00,2023-10-17 11:37:00,6.65,238.0,Completed,
T02811,D0192,R01449,Delhi,Dwarka,Rohini,2023-10-02 02:31:00,2023-10-02 02:42:00,2023-10-02 03:46:00,8.03,328.88,Completed,
T02812,D0227,R01338,Bangalore,Indiranagar,Electronic City,2023-10-20 20:05:00,2023-10-20 20:08:00,2023-10-20 21:01:00,9.61,367.9,Completed,
T02813,D0031,R01198,Mumbai,Andheri,Dadar,2023-10-23 00:16:00,2023-10-23 00:21:00,2023-10-23 01:14:00,9.06,290.53,Completed,
T02814,D0100,R00438,Delhi,Dwarka,Gurgaon,2023-10-06 18:10:00,,,15.55,420.57,Cancelled,Other
T02815,D0037,R00469,Bangalore,Electronic City,Indiranagar,2023-10-20 10:47:00,2023-10-20 10:58:00,2023-10-20 11:39:00,9.65,307.66,Completed,
T02816,D0152,R00907,Bangalore,Indiranagar,Whitefield,2023-10-05 10:59:00,2023-10-05 11:14:00,2023-10-05 11:44:00,1.65,109.78,Completed,
T02817,D0030,R00999,Mumbai,Andheri,Dadar,2023-10-23 00:42:00,2023-10-23 00:55:00,2023-10-23 01:33:00,5.24,211.94,Completed,
T02818,D0089,R00765,Delhi,Dwarka,Connaught Place,2023-10-14 06:57:00,,,8.04,199.49,Cancelled,Driver
T02819,D0082,R01324,Mumbai,Dadar,Worli,2023-10-13 11:27:00,2023-10-13 11:32:00,2023-10-13 12:31:00,9.4,273.08,Completed,
T02820,D0127,R00710,Bangalore,Koramangala,Indiranagar,2023-10-26 12:10:00,2023-10-26 12:17:00,2023-10-26 13:07:00,11.21,346.87,Completed,
T02821,D0129,R00098,Delhi,Rohini,Connaught Place,2023-10-15 09:23:00,2023-10-15 09:36:00,2023-10-15 10:35:00,8.59,264.09,Completed,
T02822,D0070,R00141,Delhi,Gurgaon,Dwarka,2023-10-10 08:41:00,2023-10-10 08:48:00,2023-10-10 09:38:00,6.27,181.6,Completed,
T02823,D0139,R00271,Bangalore,Whitefield,Indiranagar,2023-10-20 07:04:00,2023-10-20 07:15:00,2023-10-20 08:07:00,16.55,512.16,Completed,
T02824,D0224,R00206,Bangalore,Electronic City,HSR,2023-10-03 04:56:00,2023-10-03 05:05:00,2023-10-03 05:18:00,10.92,352.25,Completed,
T02825,D0001,R00484,Bangalore,Indiranagar,Koramangala,2023-10-07 18:38:00,2023-10-07 18:46:00,2023-10-07 19:46:00,3.59,145.76,Completed,
T02826,D0176,R01483,Delhi,Saket,Dwarka,2023-10-09 23:09:00,2023-10-09 23:20:00,2023-10-09 23:37:00,12.89,330.07,Completed,
T02827,D0061,R01437,Mumbai,Dadar,Bandra,2023-10-01 09:52:00,2023-10-01 10:05:00,2023-10-01 11:15:00,5.82,174.01,Completed,
T02828,D0154,R00996,Delhi,Saket,Saket,2023-10-18 07:28:00,2023-10-18 07:35:00,2023-10-18 08:26:00,8.47,226.35,Completed,
T02829,D0011,R01599,Bangalore,Koramangala,Whitefield,2023-10-03 02:25:00,2023-10-03 02:39:00,2023-10-03 02:55:00,10.62,349.28,Completed,
T02830,D0030,R01628,Bangalore,Electronic City,Electronic City,2023-10-21 18:53:00,2023-10-21 19:08:00,2023-10-21 19:19:00,8.05,291.73,Completed,
T02831,D0047,R01600,Mumbai,Worli,Andheri,2023-10-05 17:48:00,2023-10-05 18:03:00,2023-10-05 18:20:00,12.35,370.67,Completed,
T02832,D0205,R00968,Delhi,Dwarka,Gurgaon,2023-10-13 01:15:00,2023-10-13 01:24:00,2023-10-13 02:12:00,2.46,139.05,Completed,
T02833,D0087,R00161,Mumbai,Bandra,Dadar,2023-10-16 15:52:00,2023-10-16 16:01:00,2023-10-16 16:42:00,10.43,338.44,Completed,
T02834,D0177,R00872,Mumbai,Bandra,Worli,2023-10-06 07:03:00,2023-10-06 07:08:00,2023-10-06 08:12:00,4.36,168.88,Completed,
T02835,D0028,R01114,Mumbai,Bandra,Andheri,2023-10-19 05:46:00,2023-10-19 06:01:00,2023-10-19 06:39:00,2.37,129.57,Completed,
T02836,D0127,R01531,Mumbai,Powai,Andheri,2023-10-17 12:59:00,2023-10-17 13:10:00,2023-10-17 13:50:00,12.59,411.37,Completed,
T02837,D0056,R00780,Bangalore,Koramangala,HSR,2023-10-07 08:41:00,2023-10-07 08:48:00,2023-10-07 09:40:00,14.58,381.14,Completed,
T02838,D0227,R00608,Mumbai,Andheri,Andheri,2023-10-18 19:03:00,2023-10-18 19:09:00,2023-10-18 19:19:00,5.79,205.32,Completed,
T02839,D0200,R00381,Mumbai,Powai,Worli,2023-10-19 22:29:00,2023-10-19 22:33:00,2023-10-19 23:06:00,6.83,267.33,Completed,
T02840,D0154,R00982,Bangalore,Koramangala,HSR,2023-10-06 03:05:00,2023-10-06 03:14:00,2023-10-06 03:40:00,4.4,166.34,Completed,
T02841,D0097,R00045,Mumbai,Bandra,Dadar,2023-10-15 06:05:00,2023-10-15 06:15:00,2023-10-15 07:24:00,3.58,141.83,Completed,
T02842,D0200,R00997,Delhi,Gurgaon,Dwarka,2023-10-26 10:17:00,,,11.73,353.96,Cancelled,Rider
T02843,D0177,R01530,Mumbai,Bandra,Worli,2023-10-11 07:57:00,,,9.01,238.22,Cancelled,Rider
T02844,D0043,R00132,Bangalore,Koramangala,HSR,2023-10-30 07:15:00,2023-10-30 07:21:00,2023-10-30 07:48:00,11.85,371.28,Completed,
T02845,D0191,R00349,Bangalore,Indiranagar,Electronic City,2023-10-18 03:54:00,,,9.59,313.24,Cancelled,Other
T02846,D0123,R01427,Bangalore,Electronic City,Whitefield,2023-10-13 18:40:00,2023-10-13 18:44:00,2023-10-13 19:22:00,9.1,302.07,Completed,
T02847,D0218,R01619,Delhi,Gurgaon,Rohini,2023-10-03 10:21:00,2023-10-03 10:33:00,2023-10-03 11:29:00,6.29,240.89,Completed,
T02848,D0229,R00331,Delhi,Dwarka,Connaught Place,2023-10-22 17:04:00,2023-10-22 17:07:00,2023-10-22 17:37:00,4.29,151.45,Completed,
T02849,D0029,R01059,Mumbai,Andheri,Worli,2023-10-06 15:42:00,2023-10-06 15:51:00,2023-10-06 16:23:00,12.79,307.81,Completed,
T02850,D0170,R01009,Delhi,Dwarka,Rohini,2023-10-25 07:51:00,2023-10-25 08:00:00,2023-10-25 08:14:00,18.27,446.74,Completed,
T02851,D0025,R00751,Mumbai,Powai,Dadar,2023-10-12 01:41:00,,,9.05,301.56,Cancelled,Other
T02852,D0027,R01149,Bangalore,Electronic City,Koramangala,2023-10-19 20:39:00,2023-10-19 20:49:00,2023-10-19 21:57:00,7.1,264.97,Completed,
T02853,D0215,R00803,Bangalore,Electronic City,Indiranagar,2023-10-27 02:54:00,,,2.46,119.09,Cancelled,Driver
T02854,D0030,R01012,Delhi,Rohini,Dwarka,2023-10-03 03:43:00,2023-10-03 03:47:00,2023-10-03 04:24:00,8.1,258.4,Completed,
T02855,D0030,R00247,Delhi,Dwarka,Connaught Place,2023-10-08 19:35:00,2023-10-08 19:44:00,2023-10-08 20:52:00,10.48,261.21,Completed,
T02856,D0221,R01412,Mumbai,Worli,Andheri,2023-10-28 22:33:00,2023-10-28 22:36:00,2023-10-28 23:05:00,8.38,278.6,Completed,
T02857,D0173,R00682,Bangalore,Electronic City,Indiranagar,2023-10-22 16:09:00,2023-10-22 16:20:00,2023-10-22 17:19:00,6.41,237.03,Completed,
T02858,D0232,R00314,Mumbai,Dadar,Powai,2023-10-20 03:57:00,,,12.57,318.13,Cancelled,Driver
T02859,D0155,R00897,Delhi,Rohini,Connaught Place,2023-10-10 21:55:00,2023-10-10 22:03:00,2023-10-10 22:19:00,10.65,356.01,Completed,
T02860,D0083,R01011,Delhi,Saket,Dwarka,2023-10-09 09:15:00,2023-10-09 09:22:00,2023-10-09 10:25:00,12.56,324.95,Completed,
T02861,D0181,R00478,Bangalore,Electronic City,Electronic City,2023-10-09 07:00:00,2023-10-09 07:11:00,2023-10-09 07:46:00,9.26,274.02,Completed,
T02862,D0067,R00479,Mumbai,Andheri,Powai,2023-10-17 07:02:00,2023-10-17 07:09:00,2023-10-17 07:39:00,10.3,385.94,Completed,
T02863,D0199,R01225,Mumbai,Dadar,Worli,2023-10-10 21:42:00,2023-10-10 21:57:00,2023-10-10 22:37:00,8.91,358.29,Completed,
T02864,D0199,R00743,Delhi,Gurgaon,Gurgaon,2023-10-16 08:49:00,,,13.6,420.69,Cancelled,System
T02865,D0162,R01240,Mumbai,Bandra,Andheri,2023-10-07 04:07:00,2023-10-07 04:21:00,2023-10-07 05:10:00,7.84,216.02,Completed,
T02866,D0163,R00191,Mumbai,Dadar,Dadar,2023-10-23 00:03:00,2023-10-23 00:18:00,2023-10-23 01:27:00,10.7,384.96,Completed,
T02867,D0018,R00879,Delhi,Saket,Connaught Place,2023-10-03 22:18:00,,,9.69,355.05,Cancelled,Rider
T02868,D0031,R00370,Mumbai,Powai,Bandra,2023-10-07 04:38:00,2023-10-07 04:41:00,2023-10-07 05:36:00,8.99,314.41,Completed,
T02869,D0166,R01076,Delhi,Dwarka,Connaught Place,2023-10-08 19:29:00,2023-10-08 19:43:00,2023-10-08 20:32:00,10.38,292.95,Completed,
T02870,D0048,R01115,Mumbai,Andheri,Powai,2023-10-12 04:17:00,2023-10-12 04:20:00,2023-10-12 04:36:00,5.36,201.43,Completed,
T02871,D0044,R01371,Mumbai,Andheri,Bandra,2023-10-13 05:13:00,2023-10-13 05:20:00,2023-10-13 05:39:00,16.5,449.07,Completed,
T02872,D0063,R00900,Delhi,Saket,Rohini,2023-10-13 17:18:00,2023-10-13 17:30:00,2023-10-13 17:59:00,8.51,268.62,Completed,
T02873,D0031,R00562,Delhi,Connaught Place,Gurgaon,2023-10-05 03:14:00,2023-10-05 03:22:00,2023-10-05 03:58:00,2.67,125.3,Completed,
T02874,D0027,R00134,Delhi,Dwarka,Saket,2023-10-13 23:18:00,2023-10-13 23:30:00,2023-10-14 00:25:00,5.18,212.68,Completed,
T02875,D0080,R01402,Bangalore,Electronic City,Koramangala,2023-10-15 13:26:00,,,13.58,477.01,Cancelled,Driver
T02876,D0099,R00056,Delhi,Dwarka,Rohini,2023-10-09 03:36:00,,,4.81,149.22,Cancelled,Driver
T02877,D0158,R01299,Mumbai,Bandra,Bandra,2023-10-15 13:00:00,2023-10-15 13:05:00,2023-10-15 13:17:00,8.48,226.48,Completed,
T02878,D0183,R00355,Mumbai,Bandra,Worli,2023-10-18 09:29:00,2023-10-18 09:38:00,2023-10-18 10:26:00,0.5,70.16,Completed,
T02879,D0060,R01685,Mumbai,Worli,Bandra,2023-10-11 15:17:00,2023-10-11 15:21:00,2023-10-11 16:11:00,11.03,354.26,Completed,
T02880,D0214,R01339,Delhi,Dwarka,Rohini,2023-10-01 17:44:00,2023-10-01 17:49:00,2023-10-01 18:16:00,9.37,360.37,Completed,
T02881,D0109,R00413,Bangalore,HSR,Electronic City,2023-10-18 05:28:00,2023-10-18 05:37:00,2023-10-18 05:59:00,5.93,207.06,Completed,
T02882,D0059,R01511,Delhi,Gurgaon,Saket,2023-10-28 12:17:00,,,8.29,304.72,Cancelled,Driver
T02883,D0066,R00590,Mumbai,Bandra,Powai,2023-10-28 20:47:00,2023-10-28 20:55:00,2023-10-28 21:56:00,1.59,99.22,Completed,
T02884,D0046,R00043,Bangalore,Whitefield,HSR,2023-10-26 13:52:00,2023-10-26 14:00:00,2023-10-26 14:31:00,6.94,223.31,Completed,
T02885,D0211,R01247,Bangalore,HSR,Whitefield,2023-10-16 11:23:00,,,5.24,181.93,Cancelled,System
T02886,D0064,R00670,Delhi,Dwarka,Rohini,2023-10-01 09:01:00,2023-10-01 09:10:00,2023-10-01 09:38:00,10.4,266.85,Completed,
T02887,D0215,R00256,Delhi,Gurgaon,Gurgaon,2023-10-05 08:59:00,,,7.5,252.61,Cancelled,Other
T02888,D0010,R01042,Bangalore,Whitefield,Indiranagar,2023-10-01 04:56:00,2023-10-01 05:01:00,2023-10-01 05:46:00,9.59,266.36,Completed,
T02889,D0190,R00881,Mumbai,Dadar,Worli,2023-10-13 23:04:00,2023-10-13 23:15:00,2023-10-13 23:52:00,4.87,158.92,Completed,
T02890,D0149,R01748,Delhi,Connaught Place,Saket,2023-10-28 19:41:00,2023-10-28 19:51:00,2023-10-28 20:45:00,14.68,436.38,Completed,
T02891,D0022,R00054,Delhi,Dwarka,Gurgaon,2023-10-03 08:14:00,,,2.17,101.16,Cancelled,Driver
T02892,D0027,R00668,Mumbai,Andheri,Powai,2023-10-21 09:22:00,2023-10-21 09:31:00,2023-10-21 10:27:00,4.76,181.2,Completed,
T02893,D0187,R01357,Bangalore,HSR,HSR,2023-10-25 16:54:00,2023-10-25 17:03:00,2023-10-25 17:44:00,14.21,385.26,Completed,
T02894,D0053,R01311,Delhi,Saket,Gurgaon,2023-10-09 05:22:00,2023-10-09 05:34:00,2023-10-09 06:40:00,11.24,453.55,Completed,
T02895,D0005,R01323,Delhi,Rohini,Saket,2023-10-15 21:53:00,,,11.73,351.39,Cancelled,Driver
T02896,D0203,R01690,Mumbai,Powai,Bandra,2023-10-27 05:48:00,,,5.06,188.2,Cancelled,Rider
T02897,D0019,R00913,Delhi,Connaught Place,Rohini,2023-10-20 18:44:00,2023-10-20 18:52:00,2023-10-20 19:53:00,6.95,198.34,Completed,
T02898,D0085,R01785,Bangalore,Whitefield,Whitefield,2023-10-06 22:03:00,2023-10-06 22:14:00,2023-10-06 22:44:00,13.63,318.52,Completed,
T02899,D0194,R01289,Delhi,Saket,Dwarka,2023-10-08 20:20:00,2023-10-08 20:35:00,2023-10-08 20:49:00,10.84,285.49,Completed,
T02900,D0074,R00107,Delhi,Saket,Dwarka,2023-10-30 10:30:00,2023-10-30 10:41:00,2023-10-30 11:46:00,8.72,242.38,Completed,
T02901,D0090,R01742,Mumbai,Bandra,Dadar,2023-10-24 07:24:00,2023-10-24 07:39:00,2023-10-24 07:54:00,8.19,251.22,Completed,
T02902,D0097,R00004,Delhi,Rohini,Gurgaon,2023-10-27 07:26:00,2023-10-27 07:39:00,2023-10-27 08:02:00,14.76,482.93,Completed,
T02903,D0233,R01555,Mumbai,Dadar,Andheri,2023-10-07 17:01:00,,,7.35,212.25,Cancelled,Other
T02904,D0084,R00520,Bangalore,HSR,HSR,2023-10-18 15:01:00,2023-10-18 15:10:00,2023-10-18 15:33:00,10.99,343.96,Completed,
T02905,D0153,R01472,Bangalore,Indiranagar,Indiranagar,2023-10-29 14:53:00,2023-10-29 15:07:00,2023-10-29 16:04:00,3.11,136.84,Completed,
T02906,D0019,R00864,Bangalore,Koramangala,Whitefield,2023-10-25 10:47:00,2023-10-25 10:57:00,2023-10-25 11:50:00,10.16,337.37,Completed,
T02907,D0115,R00574,Delhi,Rohini,Saket,2023-10-03 04:13:00,,,12.89,290.9,Cancelled,System
T02908,D0045,R01103,Mumbai,Powai,Andheri,2023-10-20 11:29:00,2023-10-20 11:38:00,2023-10-20 12:16:00,11.56,319.83,Completed,
T02909,D0231,R00543,Delhi,Saket,Rohini,2023-10-28 22:55:00,,,13.19,353.06,Cancelled,Other
T02910,D0176,R00685,Delhi,Dwarka,Gurgaon,2023-10-13 09:46:00,2023-10-13 09:57:00,2023-10-13 10:52:00,8.72,306.52,Completed,
T02911,D0115,R01606,Mumbai,Bandra,Dadar,2023-10-09 15:48:00,2023-10-09 15:51:00,2023-10-09 16:49:00,10.4,236.96,Completed,
T02912,D0108,R01775,Mumbai,Dadar,Dadar,2023-10-22 04:42:00,2023-10-22 04:47:00,2023-10-22 04:58:00,7.88,281.26,Completed,
T02913,D0021,R00650,Mumbai,Dadar,Bandra,2023-10-17 03:25:00,2023-10-17 03:29:00,2023-10-17 03:43:00,5.99,215.15,Completed,
T02914,D0016,R01170,Delhi,Rohini,Connaught Place,2023-10-10 11:08:00,2023-10-10 11:22:00,2023-10-10 11:34:00,9.46,299.97,Completed,
T02915,D0102,R00540,Mumbai,Powai,Bandra,2023-10-17 22:58:00,2023-10-17 23:05:00,2023-10-18 00:01:00,5.52,197.36,Completed,
T02916,D0168,R00411,Delhi,Dwarka,Saket,2023-10-16 04:18:00,2023-10-16 04:23:00,2023-10-16 05:31:00,6.07,228.37,Completed,
T02917,D0162,R00956,Mumbai,Andheri,Worli,2023-10-02 10:50:00,2023-10-02 10:53:00,2023-10-02 11:19:00,14.35,369.43,Completed,
T02918,D0018,R00741,Delhi,Saket,Connaught Place,2023-10-04 13:56:00,2023-10-04 14:11:00,2023-10-04 15:03:00,8.6,304.49,Completed,
T02919,D0177,R00644,Bangalore,Koramangala,Koramangala,2023-10-28 07:22:00,2023-10-28 07:31:00,2023-10-28 08:34:00,3.15,138.55,Completed,
T02920,D0175,R01613,Delhi,Rohini,Saket,2023-10-05 15:11:00,,,1.85,106.07,Cancelled,Other
T02921,D0080,R01317,Mumbai,Dadar,Worli,2023-10-04 11:33:00,2023-10-04 11:37:00,2023-10-04 12:19:00,4.36,172.39,Completed,
T02922,D0072,R01759,Mumbai,Dadar,Worli,2023-10-01 00:03:00,2023-10-01 00:16:00,2023-10-01 01:07:00,8.06,228.48,Completed,
T02923,D0005,R01201,Bangalore,HSR,Koramangala,2023-10-28 22:46:00,2023-10-28 22:54:00,2023-10-28 23:42:00,7.59,221.45,Completed,
T02924,D0159,R00008,Delhi,Dwarka,Gurgaon,2023-10-30 05:07:00,2023-10-30 05:21:00,2023-10-30 05:45:00,7.27,197.43,Completed,
T02925,D0128,R00986,Delhi,Dwarka,Gurgaon,2023-10-09 11:05:00,2023-10-09 11:12:00,2023-10-09 12:15:00,8.33,274.33,Completed,
T02926,D0045,R00443,Delhi,Connaught Place,Gurgaon,2023-10-20 05:17:00,,,9.73,308.6,Cancelled,Driver
T02927,D0009,R01210,Mumbai,Andheri,Powai,2023-10-18 02:47:00,2023-10-18 02:53:00,2023-10-18 03:38:00,5.66,244.09,Completed,
T02928,D0087,R00385,Mumbai,Powai,Worli,2023-10-23 18:30:00,2023-10-23 18:35:00,2023-10-23 18:45:00,0.81,82.05,Completed,
T02929,D0027,R01479,Mumbai,Bandra,Worli,2023-10-13 20:02:00,2023-10-13 20:07:00,2023-10-13 21:15:00,15.0,361.52,Completed,
T02930,D0058,R00848,Mumbai,Powai,Dadar,2023-10-30 08:39:00,,,13.46,393.19,Cancelled,Other
T02931,D0025,R01381,Mumbai,Bandra,Andheri,2023-10-14 18:21:00,2023-10-14 18:25:00,2023-10-14 19:07:00,17.3,462.85,Completed,
T02932,D0132,R00652,Bangalore,Electronic City,Koramangala,2023-10-17 04:07:00,2023-10-17 04:16:00,2023-10-17 05:15:00,7.44,317.17,Completed,
T02933,D0244,R01421,Mumbai,Andheri,Dadar,2023-10-10 13:25:00,2023-10-10 13:38:00,2023-10-10 13:58:00,3.6,146.95,Completed,
T02934,D0084,R01071,Delhi,Rohini,Connaught Place,2023-10-28 09:53:00,2023-10-28 10:08:00,2023-10-28 10:54:00,4.51,155.28,Completed,
T02935,D0097,R00944,Bangalore,HSR,Electronic City,2023-10-26 05:06:00,2023-10-26 05:10:00,2023-10-26 05:44:00,11.21,260.04,Completed,
T02936,D0138,R01561,Bangalore,Electronic City,Koramangala,2023-10-10 18:58:00,2023-10-10 19:05:00,2023-10-10 19:49:00,11.73,303.62,Completed,
T02937,D0188,R00789,Delhi,Dwarka,Rohini,2023-10-02 20:50:00,2023-10-02 20:57:00,2023-10-02 22:02:00,10.14,360.7,Completed,
T02938,D0210,R00758,Bangalore,Electronic City,Whitefield,2023-10-28 14:40:00,2023-10-28 14:52:00,2023-10-28 15:58:00,10.1,302.89,Completed,
T02939,D0196,R00356,Delhi,Connaught Place,Gurgaon,2023-10-12 00:30:00,,,12.01,294.21,Cancelled,Driver
T02940,D0121,R01483,Mumbai,Dadar,Andheri,2023-10-08 01:00:00,,,5.09,246.66,Cancelled,System
T02941,D0022,R00129,Bangalore,HSR,Indiranagar,2023-10-12 08:28:00,2023-10-12 08:31:00,2023-10-12 09:41:00,6.1,194.56,Completed,
T02942,D0016,R01376,Bangalore,Koramangala,Koramangala,2023-10-09 15:19:00,2023-10-09 15:30:00,2023-10-09 15:45:00,7.23,271.0,Completed,
T02943,D0093,R00834,Delhi,Saket,Dwarka,2023-10-19 12:50:00,2023-10-19 12:58:00,2023-10-19 13:37:00,6.26,256.95,Completed,
T02944,D0084,R01224,Delhi,Gurgaon,Connaught Place,2023-10-14 21:36:00,,,6.19,255.61,Cancelled,Rider
T02945,D0241,R00854,Bangalore,HSR,Koramangala,2023-10-19 12:07:00,2023-10-19 12:12:00,2023-10-19 12:25:00,11.11,318.04,Completed,
T02946,D0006,R00780,Delhi,Gurgaon,Connaught Place,2023-10-05 16:28:00,2023-10-05 16:37:00,2023-10-05 17:28:00,13.38,444.89,Completed,
T02947,D0230,R00272,Bangalore,Indiranagar,HSR,2023-10-03 16:18:00,2023-10-03 16:29:00,2023-10-03 17:19:00,11.84,293.8,Completed,
T02948,D0104,R01408,Bangalore,Koramangala,Whitefield,2023-10-06 14:53:00,2023-10-06 14:58:00,2023-10-06 15:17:00,4.39,180.06,Completed,
T02949,D0103,R00782,Mumbai,Bandra,Andheri,2023-10-30 00:54:00,2023-10-30 01:06:00,2023-10-30 02:05:00,10.03,236.06,Completed,
T02950,D0162,R00008,Delhi,Connaught Place,Rohini,2023-10-09 19:24:00,2023-10-09 19:28:00,2023-10-09 20:25:00,0.5,70.45,Completed,
T02951,D0036,R01009,Delhi,Dwarka,Dwarka,2023-10-11 11:39:00,2023-10-11 11:52:00,2023-10-11 12:24:00,2.48,105.25,Completed,
T02952,D0117,R01354,Delhi,Saket,Rohini,2023-10-29 13:10:00,2023-10-29 13:13:00,2023-10-29 14:04:00,9.18,309.15,Completed,
T02953,D0158,R00251,Delhi,Dwarka,Gurgaon,2023-10-16 10:56:00,2023-10-16 11:07:00,2023-10-16 11:46:00,13.49,467.88,Completed,
T02954,D0076,R01049,Mumbai,Andheri,Bandra,2023-10-05 00:31:00,2023-10-05 00:39:00,2023-10-05 01:32:00,14.44,359.51,Completed,
T02955,D0103,R01621,Delhi,Dwarka,Rohini,2023-10-24 11:37:00,2023-10-24 11:40:00,2023-10-24 12:01:00,6.1,226.26,Completed,
T02956,D0201,R00818,Bangalore,Electronic City,HSR,2023-10-20 01:07:00,2023-10-20 01:17:00,2023-10-20 02:18:00,7.08,267.64,Completed,
T02957,D0006,R01035,Bangalore,HSR,Whitefield,2023-10-27 09:02:00,2023-10-27 09:16:00,2023-10-27 10:03:00,12.59,404.54,Completed,
T02958,D0053,R01650,Mumbai,Bandra,Bandra,2023-10-12 19:32:00,2023-10-12 19:40:00,2023-10-12 20:17:00,11.4,321.17,Completed,
T02959,D0126,R00872,Delhi,Gurgaon,Gurgaon,2023-10-26 10:25:00,2023-10-26 10:34:00,2023-10-26 11:06:00,12.38,345.71,Completed,
T02960,D0053,R00283,Bangalore,Electronic City,Koramangala,2023-10-04 08:54:00,2023-10-04 08:59:00,2023-10-04 10:05:00,12.52,359.75,Completed,
T02961,D0205,R01702,Bangalore,Electronic City,HSR,2023-10-05 10:42:00,2023-10-05 10:49:00,2023-10-05 11:29:00,9.86,342.8,Completed,
T02962,D0232,R01043,Delhi,Connaught Place,Dwarka,2023-10-21 08:28:00,,,8.63,228.04,Cancelled,Rider
T02963,D0195,R01568,Mumbai,Powai,Bandra,2023-10-06 12:26:00,2023-10-06 12:38:00,2023-10-06 13:39:00,7.98,362.9,Completed,
T02964,D0244,R00250,Delhi,Rohini,Saket,2023-10-08 16:02:00,2023-10-08 16:16:00,2023-10-08 17:14:00,8.11,275.02,Completed,
T02965,D0246,R00735,Delhi,Connaught Place,Saket,2023-10-03 04:11:00,2023-10-03 04:17:00,2023-10-03 05:04:00,7.76,269.2,Completed,
T02966,D0164,R01496,Mumbai,Dadar,Dadar,2023-10-10 18:53:00,2023-10-10 18:58:00,2023-10-10 19:50:00,2.56,117.49,Completed,
T02967,D0066,R01710,Bangalore,HSR,Whitefield,2023-10-26 07:56:00,,,8.73,242.78,Cancelled,Other
T02968,D0152,R01788,Delhi,Dwarka,Gurgaon,2023-10-07 19:01:00,,,4.52,192.73,Cancelled,Rider
T02969,D0231,R00765,Bangalore,Indiranagar,Koramangala,2023-10-25 10:01:00,2023-10-25 10:06:00,2023-10-25 10:31:00,8.93,239.71,Completed,
T02970,D0132,R00839,Mumbai,Dadar,Worli,2023-10-24 05:00:00,2023-10-24 05:09:00,2023-10-24 05:50:00,5.22,186.65,Completed,
T02971,D0243,R01504,Bangalore,HSR,Electronic City,2023-10-28 19:10:00,2023-10-28 19:20:00,2023-10-28 19:47:00,6.23,243.97,Completed,
T02972,D0122,R00979,Mumbai,Powai,Powai,2023-10-27 03:52:00,2023-10-27 03:58:00,2023-10-27 04:13:00,11.8,376.23,Completed,
T02973,D0154,R01101,Delhi,Saket,Rohini,2023-10-16 00:10:00,2023-10-16 00:20:00,2023-10-16 00:47:00,14.01,370.17,Completed,
T02974,D0181,R00909,Bangalore,HSR,Koramangala,2023-10-03 22:18:00,2023-10-03 22:23:00,2023-10-03 23:00:00,12.38,360.56,Completed,
T02975,D0031,R00550,Delhi,Gurgaon,Saket,2023-10-30 16:03:00,2023-10-30 16:11:00,2023-10-30 16:35:00,5.41,179.8,Completed,
T02976,D0019,R00826,Mumbai,Dadar,Worli,2023-10-15 11:39:00,2023-10-15 11:43:00,2023-10-15 12:32:00,9.27,252.72,Completed,
T02977,D0061,R00719,Delhi,Gurgaon,Dwarka,2023-10-20 10:08:00,,,15.77,459.97,Cancelled,Rider
T02978,D0102,R01179,Bangalore,Whitefield,Indiranagar,2023-10-06 00:25:00,2023-10-06 00:39:00,2023-10-06 01:09:00,9.38,280.92,Completed,
T02979,D0038,R00626,Bangalore,Electronic City,Indiranagar,2023-10-13 18:41:00,2023-10-13 18:55:00,2023-10-13 19:18:00,7.54,285.46,Completed,
T02980,D0106,R01342,Mumbai,Andheri,Andheri,2023-10-18 08:46:00,2023-10-18 08:53:00,2023-10-18 09:30:00,4.09,154.07,Completed,
T02981,D0249,R00011,Delhi,Connaught Place,Rohini,2023-10-24 00:51:00,2023-10-24 00:58:00,2023-10-24 01:43:00,11.2,341.54,Completed,
T02982,D0192,R00996,Bangalore,Koramangala,HSR,2023-10-20 23:06:00,2023-10-20 23:15:00,2023-10-21 00:12:00,9.85,259.92,Completed,
T02983,D0070,R00805,Mumbai,Andheri,Worli,2023-10-12 21:18:00,2023-10-12 21:23:00,2023-10-12 22:30:00,11.48,350.41,Completed,
T02984,D0220,R00283,Mumbai,Dadar,Bandra,2023-10-23 01:15:00,2023-10-23 01:28:00,2023-10-23 02:22:00,8.33,166.5,Completed,
T02985,D0086,R01279,Bangalore,Electronic City,Koramangala,2023-10-29 15:10:00,2023-10-29 15:25:00,2023-10-29 15:54:00,3.62,164.2,Completed,
T02986,D0177,R01514,Bangalore,Indiranagar,Electronic City,2023-10-28 06:35:00,2023-10-28 06:44:00,2023-10-28 07:22:00,0.5,71.42,Completed,
T02987,D0044,R01480,Mumbai,Bandra,Worli,2023-10-02 22:30:00,,,15.6,345.34,Cancelled,System
T02988,D0173,R00326,Bangalore,Whitefield,Indiranagar,2023-10-01 21:25:00,2023-10-01 21:30:00,2023-10-01 21:45:00,6.61,244.84,Completed,
T02989,D0056,R00591,Mumbai,Dadar,Andheri,2023-10-12 19:47:00,,,5.36,211.73,Cancelled,System
T02990,D0157,R01365,Mumbai,Worli,Worli,2023-10-26 12:57:00,2023-10-26 13:05:00,2023-10-26 13:20:00,13.03,394.11,Completed,
T02991,D0130,R01388,Bangalore,HSR,HSR,2023-10-28 15:10:00,2023-10-28 15:15:00,2023-10-28 16:01:00,4.67,178.63,Completed,
T02992,D0155,R00565,Bangalore,Electronic City,Electronic City,2023-10-14 23:07:00,2023-10-14 23:16:00,2023-10-15 00:24:00,5.33,220.24,Completed,
T02993,D0195,R01169,Bangalore,Whitefield,HSR,2023-10-24 15:59:00,2023-10-24 16:07:00,2023-10-24 16:59:00,8.74,339.36,Completed,
T02994,D0112,R00039,Mumbai,Powai,Powai,2023-10-21 05:59:00,2023-10-21 06:02:00,2023-10-21 06:42:00,9.49,247.98,Completed,
T02995,D0068,R01569,Mumbai,Dadar,Worli,2023-10-28 21:17:00,2023-10-28 21:24:00,2023-10-28 21:48:00,7.02,196.8,Completed,
T02996,D0127,R00289,Mumbai,Andheri,Worli,2023-10-30 21:53:00,2023-10-30 21:58:00,2023-10-30 23:08:00,13.07,314.33,Completed,
T02997,D0220,R00612,Mumbai,Andheri,Powai,2023-10-28 21:00:00,,,0.5,72.9,Cancelled,Rider
T02998,D0152,R00253,Bangalore,HSR,HSR,2023-10-17 09:09:00,2023-10-17 09:12:00,2023-10-17 09:29:00,9.41,303.86,Completed,
T02999,D0220,R00147,Mumbai,Powai,Worli,2023-10-21 16:49:00,2023-10-21 16:55:00,2023-10-21 17:47:00,6.11,273.25,Completed,
T03000,D0045,R00522,Mumbai,Andheri,Bandra,2023-10-07 01:48:00,2023-10-07 01:56:00,2023-10-07 02:31:00,1.72,116.17,Completed,
T03001,D0166,R01094,Mumbai,Powai,Powai,2023-10-13 07:18:00,,,6.21,199.33,Cancelled,Other
T03002,D0159,R00764,Mumbai,Powai,Worli,2023-10-10 17:44:00,2023-10-10 17:55:00,2023-10-10 18:28:00,13.1,472.3,Completed,
T03003,D0202,R01706,Bangalore,Whitefield,HSR,2023-10-27 11:46:00,,,4.81,206.74,Cancelled,System
T03004,D0168,R00538,Delhi,Connaught Place,Dwarka,2023-10-05 10:44:00,2023-10-05 10:55:00,2023-10-05 11:54:00,15.27,471.29,Completed,
T03005,D0062,R00910,Mumbai,Andheri,Powai,2023-10-08 15:06:00,2023-10-08 15:19:00,2023-10-08 15:48:00,7.88,201.77,Completed,
T03006,D0027,R01468,Bangalore,Koramangala,HSR,2023-10-22 03:55:00,2023-10-22 04:05:00,2023-10-22 04:55:00,13.28,221.92,Completed,
T03007,D0172,R00596,Delhi,Connaught Place,Gurgaon,2023-10-23 10:09:00,2023-10-23 10:23:00,2023-10-23 10:48:00,7.16,187.98,Completed,
T03008,D0147,R00581,Mumbai,Powai,Dadar,2023-10-15 12:48:00,2023-10-15 12:58:00,2023-10-15 14:08:00,14.6,448.92,Completed,
T03009,D0119,R00943,Bangalore,HSR,Electronic City,2023-10-06 13:58:00,2023-10-06 14:01:00,2023-10-06 14:15:00,5.42,181.96,Completed,
T03010,D0169,R00785,Delhi,Saket,Gurgaon,2023-10-02 10:07:00,,,8.72,240.58,Cancelled,Driver
T03011,D0148,R01084,Delhi,Rohini,Rohini,2023-10-13 06:35:00,2023-10-13 06:40:00,2023-10-13 07:50:00,2.51,118.59,Completed,
T03012,D0102,R01185,Delhi,Dwarka,Gurgaon,2023-10-05 10:53:00,,,12.2,432.45,Cancelled,System
T03013,D0114,R00997,Delhi,Dwarka,Rohini,2023-10-20 07:21:00,2023-10-20 07:36:00,2023-10-20 08:13:00,8.5,393.46,Completed,
T03014,D0181,R00273,Delhi,Gurgaon,Gurgaon,2023-10-17 04:53:00,2023-10-17 05:03:00,2023-10-17 05:21:00,4.63,187.53,Completed,
T03015,D0200,R00398,Bangalore,Electronic City,Koramangala,2023-10-13 07:00:00,2023-10-13 07:04:00,2023-10-13 08:02:00,10.13,384.15,Completed,
T03016,D0049,R01301,Bangalore,HSR,Electronic City,2023-10-13 09:12:00,2023-10-13 09:17:00,2023-10-13 09:58:00,0.77,80.46,Completed,
T03017,D0104,R00905,Bangalore,Koramangala,HSR,2023-10-20 16:05:00,,,11.57,330.55,Cancelled,Other
T03018,D0051,R00106,Delhi,Saket,Dwarka,2023-10-02 00:24:00,2023-10-02 00:27:00,2023-10-02 01:19:00,13.63,309.62,Completed,
T03019,D0112,R01052,Mumbai,Bandra,Powai,2023-10-29 14:54:00,,,6.36,213.53,Cancelled,Driver
T03020,D0061,R01450,Bangalore,Koramangala,Indiranagar,2023-10-19 21:22:00,,,3.24,144.15,Cancelled,System
T03021,D0100,R00264,Delhi,Dwarka,Dwarka,2023-10-24 19:21:00,2023-10-24 19:26:00,2023-10-24 20:19:00,7.01,229.22,Completed,
T03022,D0161,R00222,Bangalore,Electronic City,Whitefield,2023-10-13 00:11:00,2023-10-13 00:20:00,2023-10-13 00:35:00,7.47,262.56,Completed,
T03023,D0146,R00627,Delhi,Saket,Rohini,2023-10-25 20:58:00,2023-10-25 21:10:00,2023-10-25 22:15:00,10.68,357.64,Completed,
T03024,D0162,R00768,Mumbai,Powai,Powai,2023-10-13 00:28:00,2023-10-13 00:34:00,2023-10-13 00:55:00,5.73,218.64,Completed,
T03025,D0029,R01566,Mumbai,Powai,Andheri,2023-10-04 11:27:00,2023-10-04 11:40:00,2023-10-04 12:44:00,10.29,257.22,Completed,
T03026,D0236,R00119,Bangalore,Indiranagar,Electronic City,2023-10-18 09:17:00,2023-10-18 09:25:00,2023-10-18 09:44:00,7.73,252.83,Completed,
T03027,D0139,R01051,Delhi,Rohini,Connaught Place,2023-10-30 06:50:00,2023-10-30 07:04:00,2023-10-30 07:41:00,4.88,170.31,Completed,
T03028,D0221,R00058,Delhi,Connaught Place,Rohini,2023-10-13 17:14:00,2023-10-13 17:19:00,2023-10-13 17:39:00,11.94,381.14,Completed,
T03029,D0063,R00379,Delhi,Saket,Dwarka,2023-10-24 18:24:00,2023-10-24 18:28:00,2023-10-24 18:45:00,3.66,187.04,Completed,
T03030,D0234,R00597,Delhi,Saket,Saket,2023-10-10 10:09:00,2023-10-10 10:24:00,2023-10-10 10:59:00,10.1,357.84,Completed,
T03031,D0003,R01114,Bangalore,Indiranagar,Whitefield,2023-10-27 01:52:00,,,6.07,188.07,Cancelled,Driver
T03032,D0190,R01717,Mumbai,Andheri,Dadar,2023-10-07 13:42:00,2023-10-07 13:52:00,2023-10-07 14:46:00,12.68,377.86,Completed,
T03033,D0128,R01149,Bangalore,Koramangala,HSR,2023-10-05 06:27:00,2023-10-05 06:38:00,2023-10-05 07:13:00,7.53,284.19,Completed,
T03034,D0100,R00793,Bangalore,HSR,HSR,2023-10-23 19:13:00,2023-10-23 19:26:00,2023-10-23 19:46:00,8.99,310.12,Completed,
T03035,D0158,R00076,Mumbai,Powai,Bandra,2023-10-12 16:23:00,2023-10-12 16:27:00,2023-10-12 17:02:00,6.9,267.6,Completed,
T03036,D0100,R01474,Delhi,Saket,Connaught Place,2023-10-01 22:19:00,2023-10-01 22:22:00,2023-10-01 23:08:00,8.49,332.95,Completed,
T03037,D0034,R01399,Bangalore,Koramangala,Koramangala,2023-10-14 13:53:00,2023-10-14 14:05:00,2023-10-14 14:43:00,7.46,233.98,Completed,
T03038,D0189,R01116,Delhi,Dwarka,Gurgaon,2023-10-04 03:31:00,,,6.79,225.26,Cancelled,Other
T03039,D0245,R00506,Mumbai,Andheri,Worli,2023-10-22 03:24:00,2023-10-22 03:32:00,2023-10-22 04:41:00,8.16,280.11,Completed,
T03040,D0231,R01630,Bangalore,Koramangala,Indiranagar,2023-10-30 00:26:00,2023-10-30 00:31:00,2023-10-30 01:06:00,13.75,489.46,Completed,
T03041,D0109,R00933,Bangalore,HSR,HSR,2023-10-06 03:30:00,2023-10-06 03:44:00,2023-10-06 04:26:00,9.31,289.14,Completed,
T03042,D0037,R01117,Delhi,Dwarka,Gurgaon,2023-10-01 11:25:00,,,11.11,323.65,Cancelled,System
T03043,D0175,R00919,Mumbai,Bandra,Powai,2023-10-09 17:51:00,,,8.26,264.16,Cancelled,System
T03044,D0080,R01446,Bangalore,HSR,Koramangala,2023-10-22 20:18:00,2023-10-22 20:33:00,2023-10-22 21:27:00,8.38,313.27,Completed,
T03045,D0189,R01113,Bangalore,Indiranagar,Indiranagar,2023-10-08 09:57:00,2023-10-08 10:01:00,2023-10-08 10:20:00,15.45,478.97,Completed,
T03046,D0085,R01185,Bangalore,Koramangala,Indiranagar,2023-10-27 00:04:00,2023-10-27 00:14:00,2023-10-27 01:00:00,13.55,377.25,Completed,
T03047,D0117,R00055,Mumbai,Bandra,Andheri,2023-10-28 10:31:00,2023-10-28 10:41:00,2023-10-28 11:35:00,9.99,302.64,Completed,
T03048,D0129,R00520,Mumbai,Dadar,Andheri,2023-10-19 16:42:00,2023-10-19 16:46:00,2023-10-19 17:04:00,13.39,419.24,Completed,
T03049,D0247,R01138,Mumbai,Worli,Powai,2023-10-05 05:49:00,2023-10-05 06:02:00,2023-10-05 06:52:00,5.69,198.05,Completed,
T03050,D0115,R01706,Bangalore,Whitefield,Whitefield,2023-10-11 21:07:00,2023-10-11 21:17:00,2023-10-11 22:15:00,8.13,317.79,Completed,
T03051,D0220,R01344,Mumbai,Worli,Dadar,2023-10-20 19:46:00,2023-10-20 19:54:00,2023-10-20 21:04:00,6.33,229.95,Completed,
T03052,D0172,R01558,Delhi,Dwarka,Connaught Place,2023-10-29 21:36:00,,,11.64,295.5,Cancelled,Other
T03053,D0046,R00925,Bangalore,HSR,Whitefield,2023-10-11 06:37:00,2023-10-11 06:51:00,2023-10-11 07:47:00,10.2,249.48,Completed,
T03054,D0030,R00089,Mumbai,Worli,Powai,2023-10-16 11:40:00,2023-10-16 11:51:00,2023-10-16 12:55:00,7.45,269.16,Completed,
T03055,D0186,R00041,Delhi,Rohini,Rohini,2023-10-20 23:16:00,2023-10-20 23:24:00,2023-10-20 23:58:00,11.27,294.94,Completed,
T03056,D0014,R01188,Bangalore,HSR,Whitefield,2023-10-23 00:16:00,2023-10-23 00:24:00,2023-10-23 01:26:00,9.47,247.46,Completed,
T03057,D0027,R00629,Mumbai,Dadar,Powai,2023-10-06 08:11:00,2023-10-06 08:21:00,2023-10-06 08:56:00,0.5,73.13,Completed,
T03058,D0108,R00341,Mumbai,Dadar,Worli,2023-10-16 23:29:00,2023-10-16 23:39:00,2023-10-16 23:58:00,11.54,396.67,Completed,
T03059,D0130,R01188,Bangalore,Koramangala,Electronic City,2023-10-14 11:21:00,2023-10-14 11:36:00,2023-10-14 11:59:00,14.16,384.15,Completed,
T03060,D0245,R01727,Delhi,Saket,Saket,2023-10-12 17:36:00,2023-10-12 17:45:00,2023-10-12 17:55:00,4.85,178.06,Completed,
T03061,D0187,R00836,Delhi,Connaught Place,Dwarka,2023-10-27 20:34:00,2023-10-27 20:48:00,2023-10-27 21:53:00,17.26,411.06,Completed,
T03062,D0239,R00907,Delhi,Saket,Saket,2023-10-07 00:24:00,2023-10-07 00:39:00,2023-10-07 01:44:00,7.5,245.17,Completed,
T03063,D0096,R01691,Mumbai,Dadar,Bandra,2023-10-28 03:08:00,2023-10-28 03:20:00,2023-10-28 04:27:00,8.62,252.16,Completed,
T03064,D0128,R00910,Mumbai,Andheri,Andheri,2023-10-11 03:22:00,2023-10-11 03:37:00,2023-10-11 04:46:00,11.18,407.16,Completed,
T03065,D0195,R00354,Bangalore,Indiranagar,Koramangala,2023-10-20 22:11:00,2023-10-20 22:23:00,2023-10-20 22:59:00,7.18,251.32,Completed,
T03066,D0248,R00475,Mumbai,Bandra,Bandra,2023-10-25 13:25:00,,,11.35,324.99,Cancelled,Rider
T03067,D0056,R01613,Bangalore,Whitefield,Koramangala,2023-10-07 12:18:00,2023-10-07 12:27:00,2023-10-07 12:38:00,11.25,326.46,Completed,
T03068,D0250,R00705,Mumbai,Bandra,Bandra,2023-10-26 18:13:00,2023-10-26 18:22:00,2023-10-26 19:11:00,9.81,391.88,Completed,
T03069,D0138,R00186,Mumbai,Bandra,Worli,2023-10-20 22:01:00,,,7.52,262.84,Cancelled,System
T03070,D0124,R01088,Mumbai,Worli,Powai,2023-10-12 00:48:00,2023-10-12 00:55:00,2023-10-12 01:21:00,15.19,471.78,Completed,
T03071,D0123,R01544,Mumbai,Worli,Andheri,2023-10-25 04:46:00,2023-10-25 04:58:00,2023-10-25 05:48:00,7.48,258.97,Completed,
T03072,D0093,R00664,Mumbai,Bandra,Dadar,2023-10-08 14:06:00,2023-10-08 14:21:00,2023-10-08 14:31:00,7.67,267.57,Completed,
T03073,D0249,R00869,Mumbai,Worli,Worli,2023-10-14 18:36:00,2023-10-14 18:47:00,2023-10-14 19:52:00,8.01,267.09,Completed,
T03074,D0140,R00267,Delhi,Dwarka,Connaught Place,2023-10-21 07:50:00,2023-10-21 08:04:00,2023-10-21 08:51:00,7.99,251.31,Completed,
T03075,D0235,R00668,Bangalore,Electronic City,Whitefield,2023-10-04 10:05:00,2023-10-04 10:19:00,2023-10-04 11:26:00,9.94,298.35,Completed,
T03076,D0244,R01159,Mumbai,Worli,Dadar,2023-10-10 12:07:00,2023-10-10 12:22:00,2023-10-10 13:02:00,6.62,218.98,Completed,
T03077,D0128,R01650,Bangalore,HSR,Electronic City,2023-10-24 15:19:00,2023-10-24 15:34:00,2023-10-24 15:54:00,8.97,270.59,Completed,
T03078,D0045,R00635,Mumbai,Powai,Andheri,2023-10-19 14:24:00,2023-10-19 14:36:00,2023-10-19 15:11:00,15.24,529.45,Completed,
T03079,D0061,R00010,Mumbai,Andheri,Powai,2023-10-01 09:06:00,2023-10-01 09:09:00,2023-10-01 09:49:00,10.59,374.03,Completed,
T03080,D0046,R00044,Bangalore,Indiranagar,Indiranagar,2023-10-02 21:08:00,2023-10-02 21:13:00,2023-10-02 22:23:00,6.18,249.23,Completed,
T03081,D0193,R00557,Delhi,Connaught Place,Saket,2023-10-30 20:37:00,2023-10-30 20:44:00,2023-10-30 21:17:00,7.72,217.72,Completed,
T03082,D0128,R00552,Mumbai,Dadar,Dadar,2023-10-25 02:42:00,2023-10-25 02:45:00,2023-10-25 03:50:00,5.14,161.86,Completed,
T03083,D0082,R01395,Bangalore,Electronic City,Whitefield,2023-10-22 05:30:00,2023-10-22 05:35:00,2023-10-22 06:10:00,10.3,319.6,Completed,
T03084,D0044,R01095,Mumbai,Powai,Powai,2023-10-13 13:13:00,2023-10-13 13:16:00,2023-10-13 13:56:00,9.31,351.8,Completed,
T03085,D0239,R01040,Delhi,Saket,Dwarka,2023-10-25 16:56:00,,,8.75,284.08,Cancelled,System
T03086,D0056,R00181,Bangalore,HSR,HSR,2023-10-26 06:38:00,2023-10-26 06:41:00,2023-10-26 07:41:00,8.35,264.08,Completed,
T03087,D0040,R01089,Mumbai,Powai,Worli,2023-10-28 01:15:00,2023-10-28 01:29:00,2023-10-28 02:21:00,7.21,246.89,Completed,
T03088,D0159,R01159,Delhi,Saket,Saket,2023-10-05 12:55:00,2023-10-05 13:09:00,2023-10-05 13:25:00,12.31,369.8,Completed,
T03089,D0172,R00095,Delhi,Connaught Place,Gurgaon,2023-10-22 23:59:00,2023-10-23 00:11:00,2023-10-23 00:29:00,5.75,189.38,Completed,
T03090,D0186,R00922,Bangalore,Koramangala,HSR,2023-10-26 00:25:00,2023-10-26 00:30:00,2023-10-26 01:16:00,10.51,344.25,Completed,
T03091,D0218,R00212,Delhi,Rohini,Gurgaon,2023-10-30 11:10:00,2023-10-30 11:15:00,2023-10-30 12:02:00,4.89,184.86,Completed,
T03092,D0235,R01238,Delhi,Saket,Connaught Place,2023-10-17 22:16:00,2023-10-17 22:22:00,2023-10-17 23:23:00,11.5,381.93,Completed,
T03093,D0043,R00620,Mumbai,Andheri,Powai,2023-10-28 09:02:00,,,12.19,333.75,Cancelled,Other
T03094,D0144,R00267,Bangalore,HSR,Electronic City,2023-10-14 14:37:00,2023-10-14 14:42:00,2023-10-14 15:16:00,10.95,282.43,Completed,
T03095,D0237,R01622,Bangalore,Whitefield,Whitefield,2023-10-24 12:50:00,2023-10-24 13:03:00,2023-10-24 13:49:00,7.62,232.63,Completed,
T03096,D0112,R00609,Bangalore,Indiranagar,HSR,2023-10-30 09:20:00,2023-10-30 09:35:00,2023-10-30 10:01:00,6.12,216.64,Completed,
T03097,D0227,R00338,Bangalore,Electronic City,Whitefield,2023-10-29 15:45:00,2023-10-29 15:56:00,2023-10-29 16:37:00,5.65,246.63,Completed,
T03098,D0029,R01062,Mumbai,Andheri,Bandra,2023-10-22 16:31:00,2023-10-22 16:38:00,2023-10-22 17:02:00,3.26,152.93,Completed,
T03099,D0013,R01313,Delhi,Rohini,Dwarka,2023-10-27 00:04:00,2023-10-27 00:17:00,2023-10-27 00:28:00,9.86,396.0,Completed,
T03100,D0149,R01163,Mumbai,Powai,Andheri,2023-10-22 10:20:00,,,13.95,389.76,Cancelled,Driver
T03101,D0108,R00344,Delhi,Saket,Saket,2023-10-03 23:53:00,2023-10-03 23:58:00,2023-10-04 00:26:00,3.97,161.19,Completed,
T03102,D0033,R01602,Delhi,Gurgaon,Dwarka,2023-10-07 07:11:00,2023-10-07 07:17:00,2023-10-07 07:53:00,0.98,79.56,Completed,
T03103,D0195,R00206,Bangalore,HSR,Indiranagar,2023-10-28 02:22:00,2023-10-28 02:35:00,2023-10-28 02:48:00,17.24,449.77,Completed,
T03104,D0028,R00812,Mumbai,Powai,Andheri,2023-10-12 00:01:00,,,11.86,391.0,Cancelled,Rider
T03105,D0246,R01800,Mumbai,Andheri,Andheri,2023-10-23 08:40:00,,,0.5,75.02,Cancelled,Driver
T03106,D0033,R01251,Delhi,Gurgaon,Rohini,2023-10-13 02:25:00,,,9.32,268.03,Cancelled,System
T03107,D0042,R01326,Mumbai,Powai,Worli,2023-10-14 22:25:00,2023-10-14 22:40:00,2023-10-14 23:38:00,5.61,196.22,Completed,
T03108,D0234,R00511,Mumbai,Worli,Andheri,2023-10-19 21:46:00,2023-10-19 21:50:00,2023-10-19 22:22:00,10.17,243.59,Completed,
T03109,D0111,R00484,Bangalore,Whitefield,HSR,2023-10-08 13:29:00,2023-10-08 13:43:00,2023-10-08 14:42:00,10.25,345.96,Completed,
T03110,D0185,R01303,Bangalore,Koramangala,Whitefield,2023-10-02 22:38:00,2023-10-02 22:41:00,2023-10-02 23:36:00,7.93,254.77,Completed,
T03111,D0105,R01031,Mumbai,Dadar,Bandra,2023-10-21 15:06:00,2023-10-21 15:11:00,2023-10-21 15:49:00,10.37,289.06,Completed,
T03112,D0082,R01314,Delhi,Dwarka,Connaught Place,2023-10-15 18:51:00,2023-10-15 18:58:00,2023-10-15 19:19:00,14.36,384.64,Completed,
T03113,D0127,R00908,Mumbai,Powai,Powai,2023-10-29 04:22:00,2023-10-29 04:36:00,2023-10-29 05:13:00,7.42,196.74,Completed,
T03114,D0160,R00040,Delhi,Rohini,Rohini,2023-10-11 05:21:00,2023-10-11 05:30:00,2023-10-11 06:17:00,14.34,394.72,Completed,
T03115,D0222,R01143,Bangalore,Indiranagar,HSR,2023-10-27 20:23:00,2023-10-27 20:34:00,2023-10-27 21:14:00,12.19,362.3,Completed,
T03116,D0064,R00041,Mumbai,Dadar,Bandra,2023-10-10 00:24:00,2023-10-10 00:30:00,2023-10-10 00:55:00,9.34,278.38,Completed,
T03117,D0064,R00867,Mumbai,Powai,Andheri,2023-10-16 11:47:00,2023-10-16 11:52:00,2023-10-16 12:16:00,9.94,285.4,Completed,
T03118,D0076,R00767,Bangalore,Indiranagar,Whitefield,2023-10-07 22:36:00,2023-10-07 22:48:00,2023-10-07 23:32:00,9.26,288.35,Completed,
T03119,D0062,R00258,Bangalore,Indiranagar,Indiranagar,2023-10-03 12:02:00,2023-10-03 12:11:00,2023-10-03 12:24:00,17.05,528.42,Completed,
T03120,D0210,R01095,Mumbai,Dadar,Andheri,2023-10-05 08:40:00,2023-10-05 08:48:00,2023-10-05 09:18:00,7.52,220.26,Completed,
T03121,D0163,R00699,Delhi,Saket,Rohini,2023-10-13 03:23:00,,,10.67,334.66,Cancelled,System
T03122,D0152,R00657,Bangalore,Indiranagar,Electronic City,2023-10-04 13:57:00,2023-10-04 14:01:00,2023-10-04 14:19:00,5.83,222.03,Completed,
T03123,D0198,R00708,Bangalore,Koramangala,HSR,2023-10-23 03:11:00,2023-10-23 03:25:00,2023-10-23 04:31:00,1.89,99.72,Completed,
T03124,D0187,R01263,Delhi,Saket,Connaught Place,2023-10-11 03:48:00,2023-10-11 04:03:00,2023-10-11 04:17:00,6.16,201.87,Completed,
T03125,D0220,R01634,Mumbai,Bandra,Bandra,2023-10-23 15:05:00,2023-10-23 15:14:00,2023-10-23 15:51:00,2.37,137.28,Completed,
T03126,D0167,R00247,Delhi,Saket,Dwarka,2023-10-29 18:05:00,2023-10-29 18:20:00,2023-10-29 18:57:00,7.98,283.13,Completed,
T03127,D0169,R00019,Bangalore,Koramangala,Whitefield,2023-10-25 09:56:00,2023-10-25 10:04:00,2023-10-25 10:22:00,12.54,356.52,Completed,
T03128,D0081,R00790,Mumbai,Worli,Powai,2023-10-04 07:54:00,2023-10-04 08:05:00,2023-10-04 08:57:00,10.47,351.7,Completed,
T03129,D0108,R00442,Delhi,Saket,Connaught Place,2023-10-30 16:18:00,2023-10-30 16:24:00,2023-10-30 17:17:00,6.94,236.23,Completed,
T03130,D0191,R01545,Delhi,Saket,Connaught Place,2023-10-02 21:54:00,2023-10-02 22:01:00,2023-10-02 22:59:00,9.67,304.49,Completed,
T03131,D0154,R01102,Bangalore,Electronic City,Indiranagar,2023-10-10 20:31:00,2023-10-10 20:42:00,2023-10-10 20:58:00,10.88,285.67,Completed,
T03132,D0205,R01137,Bangalore,Electronic City,Koramangala,2023-10-13 18:58:00,,,6.97,242.97,Cancelled,Rider
T03133,D0122,R00862,Mumbai,Worli,Andheri,2023-10-24 03:09:00,2023-10-24 03:22:00,2023-10-24 03:54:00,8.33,253.97,Completed,
T03134,D0010,R01099,Mumbai,Bandra,Dadar,2023-10-29 13:37:00,2023-10-29 13:52:00,2023-10-29 14:37:00,0.5,76.78,Completed,
T03135,D0135,R01688,Mumbai,Andheri,Worli,2023-10-09 00:20:00,2023-10-09 00:30:00,2023-10-09 00:50:00,6.19,216.63,Completed,
T03136,D0115,R00037,Bangalore,Whitefield,Electronic City,2023-10-14 05:10:00,2023-10-14 05:19:00,2023-10-14 05:47:00,9.46,320.89,Completed,
T03137,D0246,R01066,Bangalore,Electronic City,Electronic City,2023-10-02 07:26:00,2023-10-02 07:36:00,2023-10-02 08:46:00,12.35,384.1,Completed,
T03138,D0096,R00419,Delhi,Saket,Saket,2023-10-26 22:15:00,2023-10-26 22:27:00,2023-10-26 23:12:00,8.13,352.49,Completed,
T03139,D0100,R01055,Bangalore,Whitefield,Whitefield,2023-10-12 20:13:00,2023-10-12 20:22:00,2023-10-12 21:05:00,0.5,70.61,Completed,
T03140,D0223,R00624,Mumbai,Powai,Dadar,2023-10-04 02:41:00,2023-10-04 02:45:00,2023-10-04 03:22:00,9.18,212.08,Completed,
T03141,D0172,R01538,Bangalore,Koramangala,Electronic City,2023-10-16 23:29:00,2023-10-16 23:36:00,2023-10-17 00:01:00,5.81,222.89,Completed,
T03142,D0168,R00276,Bangalore,HSR,Electronic City,2023-10-29 11:33:00,2023-10-29 11:47:00,2023-10-29 11:59:00,6.59,216.91,Completed,
T03143,D0085,R00988,Mumbai,Bandra,Andheri,2023-10-20 12:03:00,2023-10-20 12:17:00,2023-10-20 12:57:00,10.04,378.14,Completed,
T03144,D0026,R00330,Delhi,Saket,Connaught Place,2023-10-10 02:31:00,2023-10-10 02:43:00,2023-10-10 03:43:00,6.75,200.18,Completed,
T03145,D0141,R01362,Mumbai,Andheri,Bandra,2023-10-13 21:17:00,2023-10-13 21:22:00,2023-10-13 21:48:00,12.95,467.05,Completed,
T03146,D0087,R00065,Mumbai,Worli,Andheri,2023-10-14 04:50:00,2023-10-14 04:57:00,2023-10-14 05:44:00,1.11,75.14,Completed,
T03147,D0151,R00823,Delhi,Saket,Dwarka,2023-10-26 15:35:00,,,11.36,294.88,Cancelled,Other
T03148,D0123,R01635,Delhi,Rohini,Dwarka,2023-10-24 05:03:00,2023-10-24 05:06:00,2023-10-24 05:28:00,5.64,216.65,Completed,
T03149,D0198,R00641,Delhi,Dwarka,Gurgaon,2023-10-11 00:02:00,2023-10-11 00:09:00,2023-10-11 00:33:00,13.69,414.65,Completed,
T03150,D0240,R00218,Mumbai,Dadar,Worli,2023-10-29 03:31:00,2023-10-29 03:45:00,2023-10-29 04:12:00,14.6,434.98,Completed,
T03151,D0106,R01269,Delhi,Saket,Dwarka,2023-10-30 07:13:00,2023-10-30 07:18:00,2023-10-30 08:00:00,7.6,300.49,Completed,
T03152,D0134,R01594,Mumbai,Powai,Dadar,2023-10-05 12:58:00,2023-10-05 13:03:00,2023-10-05 13:41:00,6.89,242.99,Completed,
T03153,D0043,R00763,Bangalore,Whitefield,Whitefield,2023-10-01 04:33:00,2023-10-01 04:40:00,2023-10-01 04:52:00,11.27,349.22,Completed,
T03154,D0048,R01692,Mumbai,Powai,Andheri,2023-10-05 15:30:00,2023-10-05 15:44:00,2023-10-05 15:56:00,5.89,183.26,Completed,
T03155,D0043,R00846,Delhi,Saket,Saket,2023-10-29 15:04:00,2023-10-29 15:12:00,2023-10-29 15:26:00,0.5,72.31,Completed,
T03156,D0206,R01134,Bangalore,HSR,HSR,2023-10-25 16:17:00,2023-10-25 16:27:00,2023-10-25 17:10:00,10.75,379.89,Completed,
T03157,D0158,R00669,Mumbai,Bandra,Dadar,2023-10-29 21:27:00,2023-10-29 21:36:00,2023-10-29 21:51:00,1.78,100.03,Completed,
T03158,D0083,R00621,Mumbai,Bandra,Andheri,2023-10-28 19:55:00,2023-10-28 20:02:00,2023-10-28 20:31:00,11.41,261.85,Completed,
T03159,D0205,R00392,Bangalore,Koramangala,Indiranagar,2023-10-08 06:50:00,,,7.72,236.52,Cancelled,Other
T03160,D0119,R01712,Mumbai,Andheri,Worli,2023-10-11 16:21:00,2023-10-11 16:25:00,2023-10-11 17:28:00,6.58,238.49,Completed,
T03161,D0098,R00249,Bangalore,Electronic City,Indiranagar,2023-10-07 22:34:00,2023-10-07 22:41:00,2023-10-07 23:41:00,3.54,129.48,Completed,
T03162,D0105,R00190,Delhi,Gurgaon,Gurgaon,2023-10-27 02:41:00,2023-10-27 02:56:00,2023-10-27 03:56:00,11.19,357.63,Completed,
T03163,D0213,R00646,Delhi,Saket,Gurgaon,2023-10-06 15:35:00,2023-10-06 15:40:00,2023-10-06 16:36:00,2.22,107.82,Completed,
T03164,D0186,R00130,Bangalore,Koramangala,Indiranagar,2023-10-14 19:48:00,2023-10-14 19:54:00,2023-10-14 20:22:00,2.97,127.73,Completed,
T03165,D0072,R01757,Mumbai,Worli,Andheri,2023-10-04 13:44:00,2023-10-04 13:48:00,2023-10-04 14:58:00,8.67,235.02,Completed,
T03166,D0243,R00321,Mumbai,Powai,Andheri,2023-10-01 10:36:00,,,13.95,367.96,Cancelled,Rider
T03167,D0172,R00003,Mumbai,Worli,Powai,2023-10-27 17:25:00,2023-10-27 17:33:00,2023-10-27 18:09:00,8.08,270.39,Completed,
T03168,D0117,R00142,Bangalore,Koramangala,Indiranagar,2023-10-18 14:02:00,2023-10-18 14:13:00,2023-10-18 14:36:00,5.98,185.55,Completed,
T03169,D0208,R00257,Bangalore,Indiranagar,Whitefield,2023-10-12 22:54:00,2023-10-12 23:02:00,2023-10-12 23:42:00,8.82,245.55,Completed,
T03170,D0154,R00440,Mumbai,Dadar,Powai,2023-10-22 11:58:00,2023-10-22 12:01:00,2023-10-22 12:25:00,14.56,455.54,Completed,
T03171,D0161,R00471,Mumbai,Bandra,Worli,2023-10-29 03:16:00,2023-10-29 03:19:00,2023-10-29 04:07:00,12.79,350.05,Completed,
T03172,D0101,R01291,Bangalore,Whitefield,HSR,2023-10-11 09:51:00,2023-10-11 09:56:00,2023-10-11 10:58:00,11.8,354.73,Completed,
T03173,D0214,R00719,Bangalore,Indiranagar,Koramangala,2023-10-01 04:42:00,2023-10-01 04:57:00,2023-10-01 05:35:00,9.18,327.72,Completed,
T03174,D0143,R01404,Delhi,Connaught Place,Connaught Place,2023-10-30 09:29:00,2023-10-30 09:35:00,2023-10-30 09:50:00,0.5,72.84,Completed,
T03175,D0155,R00660,Bangalore,Indiranagar,Whitefield,2023-10-25 07:04:00,2023-10-25 07:08:00,2023-10-25 07:28:00,6.48,245.03,Completed,
T03176,D0239,R00951,Bangalore,Electronic City,HSR,2023-10-18 16:20:00,2023-10-18 16:31:00,2023-10-18 17:06:00,12.5,392.8,Completed,
T03177,D0199,R00517,Delhi,Gurgaon,Connaught Place,2023-10-18 05:30:00,2023-10-18 05:37:00,2023-10-18 06:19:00,4.32,157.49,Completed,
T03178,D0230,R00934,Mumbai,Dadar,Andheri,2023-10-01 13:14:00,2023-10-01 13:17:00,2023-10-01 14:25:00,6.93,240.63,Completed,
T03179,D0125,R00642,Bangalore,Electronic City,HSR,2023-10-21 05:31:00,,,8.77,254.51,Cancelled,Other
T03180,D0208,R00227,Delhi,Connaught Place,Saket,2023-10-09 23:28:00,2023-10-09 23:39:00,2023-10-09 23:55:00,9.6,299.35,Completed,
T03181,D0181,R00049,Bangalore,Indiranagar,Koramangala,2023-10-27 02:40:00,2023-10-27 02:47:00,2023-10-27 03:36:00,14.69,266.94,Completed,
T03182,D0076,R00917,Mumbai,Powai,Bandra,2023-10-14 01:03:00,2023-10-14 01:15:00,2023-10-14 01:52:00,12.2,356.9,Completed,
T03183,D0171,R00702,Bangalore,HSR,Indiranagar,2023-10-11 14:49:00,2023-10-11 14:58:00,2023-10-11 15:52:00,6.81,263.45,Completed,
T03184,D0028,R00738,Bangalore,Indiranagar,Koramangala,2023-10-26 19:54:00,2023-10-26 20:08:00,2023-10-26 20:32:00,5.34,157.82,Completed,
T03185,D0159,R00713,Bangalore,Indiranagar,Whitefield,2023-10-15 03:49:00,2023-10-15 04:02:00,2023-10-15 04:37:00,6.34,210.31,Completed,
T03186,D0246,R00931,Delhi,Dwarka,Gurgaon,2023-10-06 01:58:00,2023-10-06 02:04:00,2023-10-06 02:20:00,1.03,86.84,Completed,
T03187,D0178,R00402,Mumbai,Worli,Powai,2023-10-20 11:01:00,,,7.82,291.7,Cancelled,Rider
T03188,D0220,R00982,Delhi,Saket,Gurgaon,2023-10-18 02:49:00,2023-10-18 02:54:00,2023-10-18 03:59:00,4.48,143.11,Completed,
T03189,D0067,R00412,Mumbai,Andheri,Dadar,2023-10-05 05:01:00,2023-10-05 05:08:00,2023-10-05 05:54:00,18.59,514.17,Completed,
T03190,D0113,R00979,Delhi,Dwarka,Rohini,2023-10-18 18:32:00,,,5.04,194.14,Cancelled,Driver
T03191,D0033,R00806,Mumbai,Worli,Worli,2023-10-28 15:34:00,2023-10-28 15:42:00,2023-10-28 15:53:00,7.69,222.39,Completed,
T03192,D0240,R00428,Delhi,Gurgaon,Gurgaon,2023-10-09 13:19:00,,,8.5,238.52,Cancelled,Other
T03193,D0115,R00672,Delhi,Rohini,Saket,2023-10-28 02:57:00,2023-10-28 03:10:00,2023-10-28 04:01:00,13.96,378.06,Completed,
T03194,D0154,R00203,Bangalore,Electronic City,Whitefield,2023-10-11 12:04:00,2023-10-11 12:18:00,2023-10-11 13:21:00,8.49,290.34,Completed,
T03195,D0248,R00675,Mumbai,Andheri,Worli,2023-10-27 13:00:00,2023-10-27 13:13:00,2023-10-27 13:26:00,6.11,242.67,Completed,
T03196,D0014,R00228,Bangalore,Koramangala,Koramangala,2023-10-18 17:21:00,2023-10-18 17:36:00,2023-10-18 18:38:00,5.01,154.86,Completed,
T03197,D0019,R01614,Mumbai,Powai,Worli,2023-10-20 07:15:00,2023-10-20 07:26:00,2023-10-20 07:52:00,11.02,295.24,Completed,
T03198,D0021,R01516,Delhi,Gurgaon,Gurgaon,2023-10-24 09:43:00,2023-10-24 09:46:00,2023-10-24 10:39:00,10.97,350.9,Completed,
T03199,D0196,R01174,Bangalore,Electronic City,Koramangala,2023-10-30 19:35:00,2023-10-30 19:44:00,2023-10-30 20:47:00,12.09,305.3,Completed,
T03200,D0219,R00126,Delhi,Rohini,Rohini,2023-10-26 12:24:00,2023-10-26 12:30:00,2023-10-26 12:44:00,12.66,431.06,Completed,
T03201,D0127,R01287,Delhi,Saket,Rohini,2023-10-06 16:23:00,2023-10-06 16:36:00,2023-10-06 17:01:00,12.71,358.1,Completed,
T03202,D0018,R00279,Mumbai,Bandra,Andheri,2023-10-20 01:38:00,2023-10-20 01:49:00,2023-10-20 02:34:00,9.58,310.06,Completed,
T03203,D0193,R00985,Mumbai,Dadar,Andheri,2023-10-10 17:00:00,2023-10-10 17:07:00,2023-10-10 17:24:00,7.93,226.64,Completed,
T03204,D0161,R00847,Delhi,Rohini,Connaught Place,2023-10-29 15:47:00,,,8.66,284.79,Cancelled,Rider
T03205,D0112,R01211,Delhi,Connaught Place,Saket,2023-10-29 13:42:00,2023-10-29 13:55:00,2023-10-29 14:44:00,6.2,222.42,Completed,
T03206,D0071,R00139,Mumbai,Worli,Bandra,2023-10-20 18:38:00,2023-10-20 18:50:00,2023-10-20 19:42:00,8.61,299.84,Completed,
T03207,D0088,R00824,Delhi,Saket,Connaught Place,2023-10-09 04:15:00,2023-10-09 04:28:00,2023-10-09 05:29:00,10.34,304.64,Completed,
T03208,D0228,R00658,Bangalore,Indiranagar,Indiranagar,2023-10-18 07:38:00,2023-10-18 07:50:00,2023-10-18 08:36:00,5.49,201.37,Completed,
T03209,D0233,R00571,Mumbai,Bandra,Dadar,2023-10-09 10:04:00,2023-10-09 10:17:00,2023-10-09 11:00:00,8.73,251.34,Completed,
T03210,D0112,R01604,Delhi,Dwarka,Dwarka,2023-10-25 16:08:00,2023-10-25 16:12:00,2023-10-25 16:41:00,14.26,331.31,Completed,
T03211,D0066,R00981,Bangalore,Koramangala,HSR,2023-10-20 09:23:00,2023-10-20 09:34:00,2023-10-20 10:15:00,8.26,259.4,Completed,
T03212,D0153,R00796,Mumbai,Bandra,Dadar,2023-10-16 19:48:00,2023-10-16 20:01:00,2023-10-16 21:09:00,8.77,267.6,Completed,
T03213,D0238,R00312,Delhi,Connaught Place,Rohini,2023-10-22 19:05:00,2023-10-22 19:09:00,2023-10-22 20:03:00,10.27,350.74,Completed,
T03214,D0120,R01485,Mumbai,Andheri,Bandra,2023-10-11 17:05:00,2023-10-11 17:14:00,2023-10-11 17:49:00,1.39,100.81,Completed,
T03215,D0083,R00655,Bangalore,HSR,Electronic City,2023-10-09 15:48:00,2023-10-09 15:53:00,2023-10-09 16:42:00,14.91,479.53,Completed,
T03216,D0244,R00401,Delhi,Gurgaon,Rohini,2023-10-26 20:09:00,2023-10-26 20:24:00,2023-10-26 21:10:00,9.28,233.1,Completed,
T03217,D0081,R01475,Mumbai,Dadar,Powai,2023-10-27 08:16:00,2023-10-27 08:21:00,2023-10-27 08:47:00,17.81,580.07,Completed,
T03218,D0019,R00448,Delhi,Gurgaon,Saket,2023-10-04 21:12:00,2023-10-04 21:22:00,2023-10-04 21:32:00,3.14,105.28,Completed,
T03219,D0101,R00329,Bangalore,HSR,Electronic City,2023-10-17 03:54:00,,,4.37,173.53,Cancelled,Driver
T03220,D0053,R00511,Mumbai,Andheri,Worli,2023-10-08 07:09:00,2023-10-08 07:17:00,2023-10-08 07:52:00,9.94,260.85,Completed,
T03221,D0148,R01048,Delhi,Saket,Dwarka,2023-10-07 15:38:00,,,0.5,67.87,Cancelled,Rider
T03222,D0011,R00171,Bangalore,Indiranagar,Whitefield,2023-10-06 00:50:00,,,6.51,193.89,Cancelled,Rider
T03223,D0091,R00967,Bangalore,Indiranagar,Koramangala,2023-10-20 10:08:00,2023-10-20 10:13:00,2023-10-20 10:23:00,7.56,276.11,Completed,
T03224,D0115,R00519,Bangalore,Koramangala,Whitefield,2023-10-29 02:07:00,,,6.43,216.39,Cancelled,Other
T03225,D0126,R00669,Delhi,Connaught Place,Dwarka,2023-10-08 06:56:00,2023-10-08 07:09:00,2023-10-08 07:44:00,0.93,86.57,Completed,
T03226,D0091,R00166,Delhi,Connaught Place,Gurgaon,2023-10-15 21:25:00,2023-10-15 21:33:00,2023-10-15 22:39:00,8.18,258.55,Completed,
T03227,D0078,R01797,Bangalore,Indiranagar,Indiranagar,2023-10-29 03:30:00,2023-10-29 03:35:00,2023-10-29 04:12:00,9.23,233.05,Completed,
T03228,D0004,R00660,Delhi,Connaught Place,Dwarka,2023-10-03 04:03:00,2023-10-03 04:08:00,2023-10-03 04:33:00,12.88,385.81,Completed,
T03229,D0136,R00292,Delhi,Rohini,Dwarka,2023-10-30 18:33:00,2023-10-30 18:40:00,2023-10-30 19:33:00,7.78,235.06,Completed,
T03230,D0207,R01740,Mumbai,Worli,Andheri,2023-10-16 01:25:00,2023-10-16 01:37:00,2023-10-16 01:56:00,11.71,385.77,Completed,
T03231,D0224,R01254,Delhi,Saket,Gurgaon,2023-10-06 02:10:00,2023-10-06 02:25:00,2023-10-06 03:02:00,6.86,240.05,Completed,
T03232,D0003,R00518,Mumbai,Andheri,Andheri,2023-10-14 21:44:00,2023-10-14 21:51:00,2023-10-14 22:59:00,10.43,295.89,Completed,
T03233,D0112,R00589,Mumbai,Powai,Powai,2023-10-05 12:46:00,2023-10-05 12:59:00,2023-10-05 13:43:00,8.18,263.03,Completed,
T03234,D0026,R01189,Delhi,Saket,Dwarka,2023-10-02 06:00:00,2023-10-02 06:07:00,2023-10-02 06:26:00,5.91,184.98,Completed,
T03235,D0151,R00038,Delhi,Gurgaon,Saket,2023-10-01 03:55:00,2023-10-01 04:03:00,2023-10-01 05:05:00,11.61,375.06,Completed,
T03236,D0181,R01714,Delhi,Dwarka,Rohini,2023-10-27 02:01:00,2023-10-27 02:05:00,2023-10-27 02:36:00,7.67,199.31,Completed,
T03237,D0179,R00099,Mumbai,Powai,Worli,2023-10-08 06:32:00,2023-10-08 06:43:00,2023-10-08 07:52:00,11.57,407.3,Completed,
T03238,D0117,R00118,Delhi,Rohini,Saket,2023-10-09 18:55:00,2023-10-09 19:02:00,2023-10-09 19:59:00,6.58,209.97,Completed,
T03239,D0241,R01581,Mumbai,Andheri,Andheri,2023-10-08 22:26:00,2023-10-08 22:34:00,2023-10-08 22:46:00,10.33,298.26,Completed,
T03240,D0199,R00372,Bangalore,Whitefield,Whitefield,2023-10-16 00:01:00,2023-10-16 00:10:00,2023-10-16 01:13:00,6.35,245.68,Completed,
T03241,D0142,R01089,Delhi,Gurgaon,Connaught Place,2023-10-25 17:25:00,2023-10-25 17:35:00,2023-10-25 18:02:00,6.19,224.87,Completed,
T03242,D0066,R01448,Bangalore,Electronic City,Whitefield,2023-10-01 21:42:00,,,3.05,156.66,Cancelled,Driver
T03243,D0111,R01248,Bangalore,Indiranagar,HSR,2023-10-25 17:43:00,2023-10-25 17:48:00,2023-10-25 18:09:00,14.4,348.68,Completed,
T03244,D0246,R00371,Delhi,Connaught Place,Rohini,2023-10-15 22:47:00,2023-10-15 22:59:00,2023-10-16 00:05:00,6.69,268.88,Completed,
T03245,D0145,R00181,Delhi,Connaught Place,Dwarka,2023-10-17 01:09:00,2023-10-17 01:21:00,2023-10-17 02:25:00,6.48,249.36,Completed,
T03246,D0205,R00844,Mumbai,Bandra,Dadar,2023-10-27 23:04:00,2023-10-27 23:12:00,2023-10-27 23:51:00,11.89,361.91,Completed,
T03247,D0197,R01126,Mumbai,Worli,Powai,2023-10-15 19:08:00,,,19.43,708.46,Cancelled,Driver
T03248,D0119,R01351,Delhi,Dwarka,Dwarka,2023-10-26 23:04:00,,,15.02,459.98,Cancelled,System
T03249,D0052,R01053,Bangalore,Indiranagar,HSR,2023-10-10 08:01:00,2023-10-10 08:04:00,2023-10-10 08:14:00,1.64,99.46,Completed,
T03250,D0175,R01058,Mumbai,Worli,Worli,2023-10-20 16:32:00,2023-10-20 16:44:00,2023-10-20 17:50:00,11.76,394.79,Completed,
T03251,D0002,R00240,Delhi,Dwarka,Gurgaon,2023-10-11 08:15:00,2023-10-11 08:19:00,2023-10-11 09:16:00,11.35,326.13,Completed,
T03252,D0123,R01298,Delhi,Rohini,Saket,2023-10-30 02:00:00,2023-10-30 02:10:00,2023-10-30 02:26:00,11.93,308.93,Completed,
T03253,D0055,R00723,Bangalore,Indiranagar,Electronic City,2023-10-11 00:39:00,2023-10-11 00:50:00,2023-10-11 01:43:00,3.53,149.83,Completed,
T03254,D0247,R01119,Mumbai,Powai,Bandra,2023-10-30 06:00:00,,,11.57,306.7,Cancelled,Driver
T03255,D0102,R01322,Delhi,Connaught Place,Saket,2023-10-22 06:32:00,2023-10-22 06:44:00,2023-10-22 06:54:00,16.82,527.07,Completed,
T03256,D0151,R01491,Bangalore,HSR,HSR,2023-10-23 14:14:00,2023-10-23 14:29:00,2023-10-23 15:39:00,3.72,142.87,Completed,
T03257,D0176,R00568,Mumbai,Andheri,Andheri,2023-10-22 01:13:00,,,4.15,135.52,Cancelled,System
T03258,D0149,R01312,Mumbai,Powai,Powai,2023-10-19 08:10:00,,,10.52,361.9,Cancelled,Other
T03259,D0077,R00801,Delhi,Connaught Place,Rohini,2023-10-11 13:41:00,2023-10-11 13:45:00,2023-10-11 14:39:00,14.64,263.3,Completed,
T03260,D0149,R01284,Bangalore,Electronic City,Koramangala,2023-10-16 12:20:00,2023-10-16 12:31:00,2023-10-16 13:02:00,0.5,72.06,Completed,
T03261,D0181,R01040,Mumbai,Bandra,Dadar,2023-10-28 13:52:00,2023-10-28 14:00:00,2023-10-28 14:38:00,12.22,355.68,Completed,
T03262,D0171,R01688,Mumbai,Bandra,Powai,2023-10-19 23:04:00,,,4.81,174.21,Cancelled,System
T03263,D0126,R01336,Delhi,Connaught Place,Saket,2023-10-02 18:32:00,,,8.02,250.22,Cancelled,Other
T03264,D0025,R01347,Mumbai,Andheri,Andheri,2023-10-18 15:43:00,,,5.4,155.58,Cancelled,System
T03265,D0137,R01458,Mumbai,Worli,Powai,2023-10-24 02:43:00,2023-10-24 02:49:00,2023-10-24 03:44:00,6.54,216.04,Completed,
T03266,D0061,R00267,Mumbai,Worli,Powai,2023-10-01 14:54:00,,,4.02,172.11,Cancelled,System
T03267,D0187,R01683,Delhi,Saket,Rohini,2023-10-02 23:12:00,2023-10-02 23:17:00,2023-10-03 00:26:00,22.2,800.11,Completed,
T03268,D0118,R00584,Bangalore,Electronic City,Whitefield,2023-10-08 05:15:00,2023-10-08 05:30:00,2023-10-08 05:47:00,6.34,180.96,Completed,
T03269,D0153,R00988,Bangalore,Whitefield,Koramangala,2023-10-12 22:42:00,2023-10-12 22:48:00,2023-10-12 23:15:00,12.47,493.25,Completed,
T03270,D0203,R00643,Mumbai,Powai,Powai,2023-10-20 06:59:00,2023-10-20 07:13:00,2023-10-20 07:45:00,12.51,329.24,Completed,
T03271,D0011,R00964,Delhi,Rohini,Connaught Place,2023-10-21 13:08:00,,,9.19,298.3,Cancelled,Driver
T03272,D0250,R01638,Bangalore,Whitefield,Whitefield,2023-10-20 00:40:00,2023-10-20 00:52:00,2023-10-20 01:19:00,15.05,395.07,Completed,
T03273,D0028,R00303,Bangalore,Whitefield,Koramangala,2023-10-08 06:53:00,2023-10-08 06:57:00,2023-10-08 07:47:00,8.53,323.55,Completed,
T03274,D0008,R00307,Mumbai,Worli,Bandra,2023-10-15 18:54:00,2023-10-15 18:59:00,2023-10-15 20:04:00,1.3,98.84,Completed,
T03275,D0007,R00509,Delhi,Connaught Place,Rohini,2023-10-29 18:39:00,2023-10-29 18:53:00,2023-10-29 19:25:00,7.31,271.97,Completed,
T03276,D0083,R00435,Mumbai,Powai,Dadar,2023-10-17 19:49:00,2023-10-17 19:54:00,2023-10-17 20:30:00,6.57,244.21,Completed,
T03277,D0128,R01626,Bangalore,Indiranagar,Indiranagar,2023-10-23 17:49:00,2023-10-23 17:56:00,2023-10-23 19:05:00,1.52,95.35,Completed,
T03278,D0125,R00539,Delhi,Saket,Connaught Place,2023-10-07 05:31:00,2023-10-07 05:43:00,2023-10-07 05:56:00,13.72,396.75,Completed,
T03279,D0046,R01354,Bangalore,Indiranagar,Whitefield,2023-10-24 15:29:00,2023-10-24 15:38:00,2023-10-24 16:34:00,10.33,281.0,Completed,
T03280,D0048,R00768,Delhi,Rohini,Connaught Place,2023-10-01 18:58:00,,,9.08,298.89,Cancelled,Other
T03281,D0118,R01478,Mumbai,Andheri,Powai,2023-10-05 17:47:00,2023-10-05 17:57:00,2023-10-05 18:08:00,14.09,430.96,Completed,
T03282,D0045,R01253,Delhi,Connaught Place,Saket,2023-10-05 21:45:00,2023-10-05 21:52:00,2023-10-05 22:21:00,10.56,403.09,Completed,
T03283,D0122,R01129,Mumbai,Bandra,Bandra,2023-10-28 06:24:00,,,11.85,331.9,Cancelled,Driver
T03284,D0151,R01184,Delhi,Saket,Gurgaon,2023-10-11 12:32:00,2023-10-11 12:44:00,2023-10-11 13:04:00,9.45,284.67,Completed,
T03285,D0001,R00355,Bangalore,Whitefield,Koramangala,2023-10-06 02:51:00,,,9.23,332.45,Cancelled,Rider
T03286,D0033,R01534,Bangalore,HSR,Indiranagar,2023-10-26 10:49:00,,,2.7,126.42,Cancelled,Other
T03287,D0081,R00912,Mumbai,Bandra,Worli,2023-10-03 11:08:00,2023-10-03 11:19:00,2023-10-03 12:03:00,4.17,157.15,Completed,
T03288,D0103,R01521,Bangalore,Koramangala,Koramangala,2023-10-03 19:52:00,2023-10-03 20:06:00,2023-10-03 21:03:00,11.69,409.98,Completed,
T03289,D0250,R00859,Bangalore,HSR,Electronic City,2023-10-20 04:16:00,2023-10-20 04:25:00,2023-10-20 05:20:00,11.64,363.63,Completed,
T03290,D0036,R01677,Delhi,Connaught Place,Saket,2023-10-15 17:56:00,2023-10-15 18:08:00,2023-10-15 18:44:00,7.97,291.64,Completed,
T03291,D0040,R00741,Mumbai,Dadar,Bandra,2023-10-21 00:33:00,2023-10-21 00:41:00,2023-10-21 01:02:00,8.17,324.38,Completed,
T03292,D0120,R00029,Mumbai,Dadar,Andheri,2023-10-26 00:52:00,2023-10-26 01:03:00,2023-10-26 01:29:00,3.56,152.44,Completed,
T03293,D0070,R00177,Delhi,Dwarka,Gurgaon,2023-10-28 13:54:00,2023-10-28 13:57:00,2023-10-28 14:34:00,4.11,165.2,Completed,
T03294,D0156,R01070,Delhi,Connaught Place,Gurgaon,2023-10-23 18:16:00,2023-10-23 18:21:00,2023-10-23 18:56:00,12.92,352.18,Completed,
T03295,D0204,R01449,Bangalore,Whitefield,HSR,2023-10-24 07:56:00,,,13.28,341.81,Cancelled,Driver
T03296,D0007,R00869,Bangalore,Koramangala,HSR,2023-10-20 21:55:00,2023-10-20 22:08:00,2023-10-20 22:51:00,10.05,355.4,Completed,
T03297,D0139,R00775,Mumbai,Powai,Dadar,2023-10-19 02:31:00,2023-10-19 02:44:00,2023-10-19 03:19:00,8.94,270.01,Completed,
T03298,D0163,R00357,Delhi,Rohini,Dwarka,2023-10-17 17:36:00,2023-10-17 17:40:00,2023-10-17 18:46:00,3.74,157.34,Completed,
T03299,D0061,R01622,Delhi,Connaught Place,Connaught Place,2023-10-17 10:16:00,,,7.01,215.6,Cancelled,Other
T03300,D0022,R01070,Delhi,Saket,Connaught Place,2023-10-28 11:39:00,,,5.58,193.47,Cancelled,Driver
T03301,D0121,R01787,Delhi,Connaught Place,Rohini,2023-10-06 09:26:00,2023-10-06 09:35:00,2023-10-06 10:16:00,2.11,111.52,Completed,
T03302,D0123,R00585,Bangalore,Koramangala,HSR,2023-10-02 19:02:00,2023-10-02 19:12:00,2023-10-02 20:14:00,16.27,562.86,Completed,
T03303,D0109,R00928,Bangalore,Indiranagar,HSR,2023-10-11 05:41:00,,,2.79,121.13,Cancelled,Other
T03304,D0172,R00002,Mumbai,Andheri,Dadar,2023-10-04 18:55:00,2023-10-04 19:07:00,2023-10-04 20:16:00,10.23,312.88,Completed,
T03305,D0128,R00099,Bangalore,Indiranagar,HSR,2023-10-05 19:55:00,2023-10-05 19:58:00,2023-10-05 20:31:00,4.33,189.5,Completed,
T03306,D0145,R01399,Delhi,Gurgaon,Dwarka,2023-10-14 03:43:00,2023-10-14 03:49:00,2023-10-14 04:44:00,4.89,140.7,Completed,
T03307,D0004,R00747,Bangalore,Electronic City,Electronic City,2023-10-04 17:27:00,,,12.54,468.77,Cancelled,Other
T03308,D0166,R00472,Mumbai,Worli,Dadar,2023-10-13 05:51:00,2023-10-13 05:59:00,2023-10-13 06:49:00,6.42,185.01,Completed,
T03309,D0222,R00710,Mumbai,Bandra,Dadar,2023-10-28 01:54:00,2023-10-28 02:09:00,2023-10-28 02:29:00,5.22,195.91,Completed,
T03310,D0196,R00829,Delhi,Rohini,Connaught Place,2023-10-29 00:19:00,2023-10-29 00:26:00,2023-10-29 00:41:00,7.33,227.84,Completed,
T03311,D0113,R00385,Mumbai,Bandra,Dadar,2023-10-10 14:40:00,2023-10-10 14:48:00,2023-10-10 15:03:00,15.06,398.22,Completed,
T03312,D0223,R01580,Delhi,Gurgaon,Saket,2023-10-11 10:58:00,2023-10-11 11:12:00,2023-10-11 11:58:00,2.58,132.44,Completed,
T03313,D0030,R01086,Mumbai,Powai,Powai,2023-10-25 06:48:00,2023-10-25 06:51:00,2023-10-25 07:54:00,14.04,354.89,Completed,
T03314,D0207,R01067,Mumbai,Powai,Worli,2023-10-05 00:33:00,2023-10-05 00:48:00,2023-10-05 01:21:00,6.65,263.18,Completed,
T03315,D0133,R00120,Delhi,Dwarka,Rohini,2023-10-18 19:03:00,2023-10-18 19:06:00,2023-10-18 19:48:00,7.67,292.12,Completed,
T03316,D0044,R00678,Delhi,Connaught Place,Gurgaon,2023-10-19 05:44:00,2023-10-19 05:51:00,2023-10-19 06:17:00,12.1,375.19,Completed,
T03317,D0143,R00298,Delhi,Saket,Gurgaon,2023-10-27 06:50:00,2023-10-27 06:56:00,2023-10-27 07:26:00,10.09,347.86,Completed,
T03318,D0231,R00762,Bangalore,Koramangala,Electronic City,2023-10-05 10:08:00,2023-10-05 10:22:00,2023-10-05 11:05:00,8.01,250.03,Completed,
T03319,D0174,R01222,Mumbai,Bandra,Bandra,2023-10-19 16:13:00,2023-10-19 16:27:00,2023-10-19 16:57:00,3.43,144.47,Completed,
T03320,D0092,R01677,Bangalore,Whitefield,Indiranagar,2023-10-12 01:09:00,2023-10-12 01:15:00,2023-10-12 01:28:00,4.49,183.35,Completed,
T03321,D0178,R00320,Delhi,Dwarka,Saket,2023-10-13 12:22:00,,,0.5,71.68,Cancelled,Driver
T03322,D0089,R00686,Mumbai,Powai,Powai,2023-10-08 01:09:00,2023-10-08 01:14:00,2023-10-08 01:24:00,14.09,385.72,Completed,
T03323,D0211,R01771,Delhi,Connaught Place,Gurgaon,2023-10-08 11:05:00,2023-10-08 11:20:00,2023-10-08 12:05:00,14.76,330.32,Completed,
T03324,D0219,R01493,Bangalore,Electronic City,HSR,2023-10-03 22:09:00,2023-10-03 22:16:00,2023-10-03 23:04:00,6.37,285.94,Completed,
T03325,D0099,R00987,Mumbai,Worli,Powai,2023-10-14 21:11:00,2023-10-14 21:21:00,2023-10-14 21:37:00,9.88,333.54,Completed,
T03326,D0204,R00376,Delhi,Saket,Rohini,2023-10-22 14:12:00,,,12.21,390.36,Cancelled,Other
T03327,D0208,R00914,Delhi,Saket,Gurgaon,2023-10-03 03:47:00,2023-10-03 03:52:00,2023-10-03 04:29:00,10.24,261.77,Completed,
T03328,D0167,R00964,Delhi,Rohini,Rohini,2023-10-24 14:18:00,2023-10-24 14:28:00,2023-10-24 15:38:00,4.28,155.58,Completed,
T03329,D0132,R00569,Mumbai,Andheri,Andheri,2023-10-15 23:46:00,2023-10-15 23:50:00,2023-10-16 00:15:00,5.31,198.03,Completed,
T03330,D0185,R00007,Delhi,Rohini,Gurgaon,2023-10-07 04:45:00,,,19.96,546.23,Cancelled,Other
T03331,D0179,R00428,Mumbai,Powai,Dadar,2023-10-09 06:47:00,2023-10-09 07:01:00,2023-10-09 07:48:00,7.75,244.1,Completed,
T03332,D0155,R01614,Bangalore,HSR,Whitefield,2023-10-24 11:32:00,2023-10-24 11:43:00,2023-10-24 12:11:00,10.35,346.22,Completed,
T03333,D0109,R00839,Delhi,Gurgaon,Saket,2023-10-12 00:46:00,2023-10-12 00:50:00,2023-10-12 01:23:00,6.51,199.49,Completed,
T03334,D0180,R00058,Bangalore,Whitefield,HSR,2023-10-07 00:31:00,,,9.47,286.74,Cancelled,Other
T03335,D0133,R00269,Delhi,Dwarka,Saket,2023-10-12 11:36:00,2023-10-12 11:45:00,2023-10-12 11:57:00,7.33,262.75,Completed,
T03336,D0062,R01656,Delhi,Saket,Connaught Place,2023-10-14 15:08:00,2023-10-14 15:21:00,2023-10-14 15:42:00,9.49,337.04,Completed,
T03337,D0163,R00386,Delhi,Connaught Place,Connaught Place,2023-10-19 20:02:00,2023-10-19 20:10:00,2023-10-19 20:46:00,7.56,281.63,Completed,
T03338,D0020,R01000,Bangalore,Electronic City,Koramangala,2023-10-29 11:15:00,2023-10-29 11:20:00,2023-10-29 12:05:00,7.02,204.53,Completed,
T03339,D0020,R01052,Mumbai,Dadar,Dadar,2023-10-19 22:35:00,2023-10-19 22:46:00,2023-10-19 23:17:00,11.22,312.53,Completed,
T03340,D0111,R01288,Bangalore,Electronic City,Electronic City,2023-10-17 02:16:00,2023-10-17 02:19:00,2023-10-17 02:39:00,9.32,279.83,Completed,
T03341,D0036,R00781,Bangalore,Whitefield,Electronic City,2023-10-16 09:49:00,2023-10-16 10:03:00,2023-10-16 10:47:00,11.3,401.17,Completed,
T03342,D0214,R00360,Bangalore,Electronic City,Electronic City,2023-10-15 09:15:00,,,7.75,294.7,Cancelled,System
T03343,D0074,R01372,Bangalore,Indiranagar,Indiranagar,2023-10-25 05:45:00,2023-10-25 05:51:00,2023-10-25 06:06:00,10.76,334.59,Completed,
T03344,D0143,R00430,Delhi,Dwarka,Connaught Place,2023-10-25 14:15:00,,,1.62,103.34,Cancelled,Rider
T03345,D0242,R01788,Bangalore,Whitefield,Electronic City,2023-10-20 16:30:00,2023-10-20 16:45:00,2023-10-20 17:23:00,5.43,202.78,Completed,
T03346,D0110,R00966,Mumbai,Bandra,Worli,2023-10-07 04:44:00,,,6.46,178.67,Cancelled,Rider
T03347,D0008,R01150,Mumbai,Bandra,Powai,2023-10-18 05:39:00,2023-10-18 05:49:00,2023-10-18 06:27:00,11.3,385.83,Completed,
T03348,D0245,R00455,Mumbai,Powai,Powai,2023-10-04 15:22:00,2023-10-04 15:28:00,2023-10-04 16:30:00,3.57,160.95,Completed,
T03349,D0123,R01759,Delhi,Saket,Saket,2023-10-17 18:15:00,2023-10-17 18:28:00,2023-10-17 18:46:00,10.41,303.95,Completed,
T03350,D0015,R00963,Delhi,Dwarka,Connaught Place,2023-10-02 15:55:00,2023-10-02 16:09:00,2023-10-02 16:56:00,9.63,346.86,Completed,
T03351,D0057,R01671,Bangalore,Whitefield,Koramangala,2023-10-22 00:56:00,2023-10-22 01:07:00,2023-10-22 01:39:00,7.49,233.63,Completed,
T03352,D0202,R00692,Mumbai,Powai,Dadar,2023-10-08 10:16:00,2023-10-08 10:24:00,2023-10-08 10:55:00,9.39,195.17,Completed,
T03353,D0186,R00939,Delhi,Connaught Place,Rohini,2023-10-28 11:19:00,2023-10-28 11:34:00,2023-10-28 12:12:00,3.96,118.16,Completed,
T03354,D0107,R01616,Bangalore,Electronic City,Whitefield,2023-10-05 17:35:00,2023-10-05 17:39:00,2023-10-05 18:12:00,1.17,85.98,Completed,
T03355,D0103,R00779,Delhi,Gurgaon,Connaught Place,2023-10-13 23:49:00,,,3.75,158.29,Cancelled,System
T03356,D0132,R01529,Mumbai,Bandra,Bandra,2023-10-13 16:14:00,2023-10-13 16:23:00,2023-10-13 17:04:00,13.8,350.25,Completed,
T03357,D0160,R00722,Bangalore,Electronic City,Whitefield,2023-10-09 02:46:00,,,10.83,325.09,Cancelled,System
T03358,D0008,R01260,Delhi,Rohini,Rohini,2023-10-20 22:05:00,2023-10-20 22:11:00,2023-10-20 23:04:00,13.41,303.44,Completed,
T03359,D0174,R01000,Delhi,Saket,Connaught Place,2023-10-27 23:31:00,,,12.55,360.33,Cancelled,Driver
T03360,D0153,R00462,Delhi,Dwarka,Gurgaon,2023-10-26 06:22:00,2023-10-26 06:36:00,2023-10-26 06:49:00,10.46,329.48,Completed,
T03361,D0178,R01555,Delhi,Saket,Dwarka,2023-10-02 07:36:00,2023-10-02 07:40:00,2023-10-02 08:45:00,7.65,215.57,Completed,
T03362,D0064,R00156,Delhi,Connaught Place,Gurgaon,2023-10-11 04:29:00,2023-10-11 04:40:00,2023-10-11 05:39:00,7.24,238.05,Completed,
T03363,D0243,R01656,Delhi,Dwarka,Rohini,2023-10-01 18:28:00,2023-10-01 18:35:00,2023-10-01 19:38:00,9.64,277.16,Completed,
T03364,D0006,R00944,Mumbai,Andheri,Powai,2023-10-21 20:40:00,2023-10-21 20:51:00,2023-10-21 21:50:00,5.91,184.94,Completed,
T03365,D0156,R00606,Mumbai,Powai,Dadar,2023-10-17 15:34:00,2023-10-17 15:46:00,2023-10-17 16:38:00,5.27,175.56,Completed,
T03366,D0088,R01329,Mumbai,Bandra,Dadar,2023-10-26 20:47:00,2023-10-26 20:55:00,2023-10-26 21:25:00,5.86,222.78,Completed,
T03367,D0182,R01720,Bangalore,HSR,Koramangala,2023-10-26 15:06:00,2023-10-26 15:14:00,2023-10-26 16:20:00,5.33,199.55,Completed,
T03368,D0160,R01358,Delhi,Rohini,Dwarka,2023-10-11 04:56:00,2023-10-11 05:10:00,2023-10-11 06:14:00,10.35,349.09,Completed,
T03369,D0229,R01556,Bangalore,Koramangala,Whitefield,2023-10-21 14:56:00,2023-10-21 15:01:00,2023-10-21 16:00:00,0.5,71.49,Completed,
T03370,D0025,R00614,Delhi,Rohini,Saket,2023-10-15 06:14:00,,,3.66,136.79,Cancelled,Driver
T03371,D0082,R00278,Mumbai,Dadar,Dadar,2023-10-14 11:08:00,2023-10-14 11:23:00,2023-10-14 12:15:00,8.88,272.38,Completed,
T03372,D0119,R00117,Delhi,Dwarka,Rohini,2023-10-12 22:15:00,2023-10-12 22:20:00,2023-10-12 22:49:00,1.62,99.59,Completed,
T03373,D0045,R00586,Delhi,Connaught Place,Dwarka,2023-10-12 00:17:00,2023-10-12 00:24:00,2023-10-12 01:30:00,10.54,337.44,Completed,
T03374,D0198,R01180,Delhi,Rohini,Connaught Place,2023-10-10 02:45:00,2023-10-10 03:00:00,2023-10-10 03:11:00,6.63,274.59,Completed,
T03375,D0211,R00725,Bangalore,Whitefield,Electronic City,2023-10-05 00:43:00,2023-10-05 00:56:00,2023-10-05 01:16:00,14.68,449.56,Completed,
T03376,D0146,R00518,Mumbai,Andheri,Bandra,2023-10-27 12:47:00,2023-10-27 12:57:00,2023-10-27 13:45:00,17.48,523.78,Completed,
T03377,D0232,R01218,Delhi,Connaught Place,Connaught Place,2023-10-11 18:30:00,2023-10-11 18:41:00,2023-10-11 19:48:00,8.33,272.29,Completed,
T03378,D0190,R00969,Bangalore,Koramangala,Indiranagar,2023-10-14 18:31:00,,,11.59,344.63,Cancelled,System
T03379,D0197,R01120,Bangalore,Whitefield,Koramangala,2023-10-28 08:15:00,2023-10-28 08:25:00,2023-10-28 09:02:00,6.23,222.14,Completed,
T03380,D0062,R01584,Bangalore,Indiranagar,Electronic City,2023-10-23 11:06:00,2023-10-23 11:11:00,2023-10-23 11:22:00,13.23,456.08,Completed,
T03381,D0129,R00626,Bangalore,Electronic City,Koramangala,2023-10-10 06:37:00,2023-10-10 06:49:00,2023-10-10 07:53:00,8.79,295.01,Completed,
T03382,D0135,R01185,Bangalore,Whitefield,Whitefield,2023-10-29 03:05:00,,,13.27,412.63,Cancelled,Driver
T03383,D0041,R01209,Mumbai,Andheri,Worli,2023-10-17 09:43:00,2023-10-17 09:55:00,2023-10-17 11:00:00,9.36,278.05,Completed,
T03384,D0172,R01426,Bangalore,Indiranagar,Koramangala,2023-10-04 04:34:00,2023-10-04 04:48:00,2023-10-04 05:50:00,4.05,198.98,Completed,
T03385,D0060,R00616,Mumbai,Andheri,Dadar,2023-10-07 21:35:00,2023-10-07 21:45:00,2023-10-07 21:58:00,12.61,327.15,Completed,
T03386,D0220,R00236,Bangalore,Electronic City,Whitefield,2023-10-01 12:23:00,2023-10-01 12:27:00,2023-10-01 13:16:00,5.37,151.13,Completed,
T03387,D0083,R00326,Mumbai,Andheri,Bandra,2023-10-02 15:03:00,2023-10-02 15:09:00,2023-10-02 16:09:00,11.4,351.35,Completed,
T03388,D0152,R01064,Mumbai,Dadar,Dadar,2023-10-12 23:48:00,2023-10-12 23:55:00,2023-10-13 01:02:00,13.09,397.86,Completed,
T03389,D0212,R01449,Mumbai,Dadar,Bandra,2023-10-03 15:23:00,2023-10-03 15:28:00,2023-10-03 16:00:00,2.11,116.78,Completed,
T03390,D0212,R00402,Bangalore,Whitefield,Electronic City,2023-10-04 10:11:00,2023-10-04 10:14:00,2023-10-04 11:17:00,8.45,254.34,Completed,
T03391,D0024,R00647,Delhi,Saket,Connaught Place,2023-10-04 11:55:00,2023-10-04 12:10:00,2023-10-04 12:23:00,12.48,306.15,Completed,
T03392,D0157,R00946,Bangalore,Koramangala,Koramangala,2023-10-27 02:13:00,2023-10-27 02:22:00,2023-10-27 03:27:00,8.69,265.09,Completed,
T03393,D0156,R01406,Mumbai,Worli,Bandra,2023-10-28 00:35:00,2023-10-28 00:44:00,2023-10-28 01:19:00,15.33,380.39,Completed,
T03394,D0197,R01521,Delhi,Rohini,Gurgaon,2023-10-07 05:33:00,2023-10-07 05:43:00,2023-10-07 05:59:00,7.99,249.36,Completed,
T03395,D0149,R00862,Bangalore,Indiranagar,Indiranagar,2023-10-02 04:51:00,2023-10-02 04:54:00,2023-10-02 05:39:00,11.24,322.3,Completed,
T03396,D0077,R01095,Bangalore,Whitefield,HSR,2023-10-10 20:09:00,2023-10-10 20:17:00,2023-10-10 21:23:00,15.06,455.75,Completed,
T03397,D0178,R00959,Mumbai,Powai,Worli,2023-10-25 15:41:00,2023-10-25 15:46:00,2023-10-25 16:11:00,11.38,431.42,Completed,
T03398,D0216,R01110,Delhi,Dwarka,Rohini,2023-10-01 05:41:00,2023-10-01 05:49:00,2023-10-01 06:57:00,10.39,366.45,Completed,
T03399,D0191,R01576,Delhi,Connaught Place,Gurgaon,2023-10-16 08:49:00,2023-10-16 08:55:00,2023-10-16 09:44:00,5.23,229.41,Completed,
T03400,D0247,R00482,Mumbai,Dadar,Dadar,2023-10-02 02:08:00,2023-10-02 02:23:00,2023-10-02 03:21:00,5.53,239.09,Completed,
T03401,D0233,R01301,Delhi,Dwarka,Dwarka,2023-10-26 12:32:00,2023-10-26 12:44:00,2023-10-26 13:47:00,7.85,236.18,Completed,
T03402,D0005,R01063,Bangalore,HSR,Whitefield,2023-10-25 04:57:00,2023-10-25 05:07:00,2023-10-25 05:40:00,7.1,210.01,Completed,
T03403,D0133,R00473,Mumbai,Dadar,Andheri,2023-10-13 10:42:00,2023-10-13 10:46:00,2023-10-13 11:21:00,2.24,117.81,Completed,
T03404,D0103,R00906,Bangalore,Whitefield,Whitefield,2023-10-02 18:09:00,2023-10-02 18:14:00,2023-10-02 19:00:00,4.95,188.57,Completed,
T03405,D0067,R01590,Bangalore,HSR,HSR,2023-10-06 13:04:00,2023-10-06 13:08:00,2023-10-06 14:05:00,6.96,265.63,Completed,
T03406,D0113,R00777,Bangalore,Koramangala,Koramangala,2023-10-17 19:59:00,2023-10-17 20:05:00,2023-10-17 20:59:00,11.13,363.28,Completed,
T03407,D0098,R00769,Mumbai,Andheri,Andheri,2023-10-25 12:44:00,2023-10-25 12:50:00,2023-10-25 13:56:00,5.37,239.19,Completed,
T03408,D0043,R01453,Delhi,Rohini,Saket,2023-10-28 15:37:00,2023-10-28 15:45:00,2023-10-28 16:16:00,8.43,211.84,Completed,
T03409,D0045,R00524,Mumbai,Bandra,Dadar,2023-10-12 18:01:00,2023-10-12 18:12:00,2023-10-12 19:10:00,5.49,197.17,Completed,
T03410,D0069,R01295,Mumbai,Powai,Powai,2023-10-05 01:45:00,2023-10-05 01:58:00,2023-10-05 02:25:00,11.11,424.04,Completed,
T03411,D0091,R01744,Mumbai,Andheri,Andheri,2023-10-26 18:52:00,2023-10-26 18:58:00,2023-10-26 19:08:00,8.73,270.07,Completed,
T03412,D0165,R01071,Delhi,Saket,Gurgaon,2023-10-19 19:49:00,,,12.49,442.8,Cancelled,Rider
T03413,D0176,R01524,Mumbai,Bandra,Dadar,2023-10-13 03:41:00,2023-10-13 03:56:00,2023-10-13 04:34:00,14.91,501.31,Completed,
T03414,D0137,R01716,Delhi,Saket,Connaught Place,2023-10-11 13:08:00,2023-10-11 13:20:00,2023-10-11 13:50:00,8.8,268.43,Completed,
T03415,D0067,R00739,Delhi,Connaught Place,Gurgaon,2023-10-09 19:32:00,2023-10-09 19:41:00,2023-10-09 20:34:00,7.4,207.22,Completed,
T03416,D0049,R00040,Bangalore,Indiranagar,HSR,2023-10-04 04:03:00,2023-10-04 04:18:00,2023-10-04 05:17:00,7.42,223.94,Completed,
T03417,D0065,R00950,Delhi,Connaught Place,Connaught Place,2023-10-29 14:20:00,2023-10-29 14:30:00,2023-10-29 15:32:00,10.98,401.86,Completed,
T03418,D0045,R00687,Delhi,Connaught Place,Rohini,2023-10-20 02:43:00,2023-10-20 02:56:00,2023-10-20 03:42:00,11.72,334.62,Completed,
T03419,D0245,R00675,Bangalore,HSR,Indiranagar,2023-10-28 00:42:00,2023-10-28 00:51:00,2023-10-28 01:37:00,7.05,281.99,Completed,
T03420,D0216,R00703,Bangalore,Indiranagar,Electronic City,2023-10-22 15:53:00,2023-10-22 15:58:00,2023-10-22 16:38:00,16.08,438.11,Completed,
T03421,D0029,R00137,Bangalore,Whitefield,Indiranagar,2023-10-01 13:05:00,2023-10-01 13:19:00,2023-10-01 14:24:00,16.09,404.96,Completed,
T03422,D0119,R00378,Mumbai,Bandra,Powai,2023-10-14 22:16:00,2023-10-14 22:24:00,2023-10-14 23:11:00,9.78,245.34,Completed,
T03423,D0209,R00571,Delhi,Gurgaon,Gurgaon,2023-10-06 08:23:00,2023-10-06 08:28:00,2023-10-06 09:05:00,9.17,314.92,Completed,
T03424,D0176,R00027,Mumbai,Dadar,Worli,2023-10-05 03:30:00,,,9.29,282.43,Cancelled,Other
T03425,D0175,R00154,Bangalore,Indiranagar,Koramangala,2023-10-06 17:01:00,2023-10-06 17:11:00,2023-10-06 17:46:00,7.27,283.28,Completed,
T03426,D0078,R01282,Mumbai,Bandra,Powai,2023-10-26 18:31:00,2023-10-26 18:38:00,2023-10-26 18:59:00,16.11,540.44,Completed,
T03427,D0199,R01311,Delhi,Dwarka,Saket,2023-10-16 22:57:00,2023-10-16 23:08:00,2023-10-16 23:30:00,15.83,453.17,Completed,
T03428,D0208,R01137,Bangalore,Koramangala,Indiranagar,2023-10-25 08:13:00,2023-10-25 08:23:00,2023-10-25 09:09:00,5.92,226.68,Completed,
T03429,D0107,R00197,Bangalore,Koramangala,HSR,2023-10-07 07:18:00,,,4.39,187.06,Cancelled,Other
T03430,D0034,R00077,Delhi,Gurgaon,Gurgaon,2023-10-26 12:04:00,,,8.31,255.69,Cancelled,Other
T03431,D0239,R00854,Mumbai,Andheri,Andheri,2023-10-04 07:43:00,2023-10-04 07:47:00,2023-10-04 08:04:00,14.95,434.98,Completed,
T03432,D0066,R01754,Mumbai,Worli,Bandra,2023-10-19 06:21:00,2023-10-19 06:25:00,2023-10-19 07:12:00,8.12,249.96,Completed,
T03433,D0118,R01003,Bangalore,Indiranagar,Electronic City,2023-10-27 05:45:00,2023-10-27 05:52:00,2023-10-27 06:57:00,6.36,257.95,Completed,
T03434,D0196,R00989,Delhi,Rohini,Gurgaon,2023-10-30 15:38:00,2023-10-30 15:52:00,2023-10-30 16:44:00,7.77,231.87,Completed,
T03435,D0118,R00302,Delhi,Rohini,Dwarka,2023-10-23 13:18:00,2023-10-23 13:22:00,2023-10-23 14:12:00,3.47,150.22,Completed,
T03436,D0239,R01697,Bangalore,Koramangala,Electronic City,2023-10-16 05:10:00,2023-10-16 05:25:00,2023-10-16 06:10:00,13.46,436.85,Completed,
T03437,D0104,R00832,Bangalore,Whitefield,Koramangala,2023-10-08 13:18:00,2023-10-08 13:27:00,2023-10-08 14:19:00,9.89,304.77,Completed,
T03438,D0111,R01170,Bangalore,HSR,Whitefield,2023-10-25 15:04:00,2023-10-25 15:10:00,2023-10-25 16:13:00,7.98,238.39,Completed,
T03439,D0079,R01469,Bangalore,Koramangala,Koramangala,2023-10-19 15:41:00,2023-10-19 15:45:00,2023-10-19 16:44:00,10.74,281.53,Completed,
T03440,D0003,R00916,Bangalore,Koramangala,Indiranagar,2023-10-22 11:58:00,,,8.46,206.41,Cancelled,Driver
T03441,D0199,R01462,Mumbai,Dadar,Worli,2023-10-24 16:10:00,2023-10-24 16:19:00,2023-10-24 17:27:00,3.98,139.95,Completed,
T03442,D0010,R01055,Bangalore,Indiranagar,HSR,2023-10-08 11:22:00,2023-10-08 11:25:00,2023-10-08 12:11:00,12.1,294.39,Completed,
T03443,D0153,R01108,Delhi,Saket,Saket,2023-10-13 08:21:00,2023-10-13 08:35:00,2023-10-13 09:04:00,7.06,208.08,Completed,
T03444,D0158,R01769,Delhi,Rohini,Rohini,2023-10-09 00:14:00,2023-10-09 00:21:00,2023-10-09 01:14:00,12.73,399.27,Completed,
T03445,D0114,R01584,Mumbai,Worli,Worli,2023-10-15 09:52:00,2023-10-15 09:59:00,2023-10-15 10:14:00,4.78,182.79,Completed,
T03446,D0027,R00008,Bangalore,Koramangala,Indiranagar,2023-10-23 20:28:00,2023-10-23 20:40:00,2023-10-23 21:12:00,4.47,160.95,Completed,
T03447,D0196,R01253,Mumbai,Bandra,Andheri,2023-10-16 04:38:00,2023-10-16 04:43:00,2023-10-16 05:18:00,10.02,331.22,Completed,
T03448,D0217,R00761,Bangalore,Whitefield,Indiranagar,2023-10-06 16:32:00,2023-10-06 16:40:00,2023-10-06 17:00:00,4.01,130.55,Completed,
T03449,D0157,R01544,Bangalore,HSR,Koramangala,2023-10-01 11:02:00,,,9.34,153.86,Cancelled,Other
T03450,D0059,R00557,Delhi,Saket,Saket,2023-10-18 08:15:00,2023-10-18 08:28:00,2023-10-18 08:47:00,5.16,196.76,Completed,
T03451,D0095,R01297,Delhi,Gurgaon,Gurgaon,2023-10-22 18:47:00,2023-10-22 18:57:00,2023-10-22 19:55:00,5.69,226.55,Completed,
T03452,D0185,R01571,Bangalore,Whitefield,Electronic City,2023-10-03 19:33:00,2023-10-03 19:42:00,2023-10-03 20:38:00,12.94,293.75,Completed,
T03453,D0035,R01092,Bangalore,HSR,Whitefield,2023-10-09 20:02:00,2023-10-09 20:07:00,2023-10-09 20:26:00,10.03,436.03,Completed,
T03454,D0060,R01381,Bangalore,Indiranagar,Indiranagar,2023-10-24 15:34:00,2023-10-24 15:40:00,2023-10-24 16:21:00,14.48,354.96,Completed,
T03455,D0054,R01571,Mumbai,Andheri,Andheri,2023-10-27 09:13:00,2023-10-27 09:23:00,2023-10-27 10:25:00,8.81,305.55,Completed,
T03456,D0080,R01522,Delhi,Saket,Connaught Place,2023-10-27 13:57:00,2023-10-27 14:00:00,2023-10-27 14:23:00,10.97,433.4,Completed,
T03457,D0049,R01101,Mumbai,Worli,Bandra,2023-10-09 23:44:00,2023-10-09 23:57:00,2023-10-10 00:47:00,8.94,229.45,Completed,
T03458,D0094,R00998,Delhi,Gurgaon,Connaught Place,2023-10-13 18:51:00,2023-10-13 18:59:00,2023-10-13 19:50:00,8.67,262.43,Completed,
T03459,D0057,R00762,Mumbai,Andheri,Dadar,2023-10-22 03:37:00,2023-10-22 03:50:00,2023-10-22 04:40:00,2.49,112.43,Completed,
T03460,D0169,R00606,Mumbai,Powai,Powai,2023-10-27 00:05:00,2023-10-27 00:18:00,2023-10-27 00:52:00,19.44,568.22,Completed,
T03461,D0187,R00950,Mumbai,Worli,Bandra,2023-10-14 18:21:00,,,10.86,364.21,Cancelled,Rider
T03462,D0008,R01327,Mumbai,Worli,Dadar,2023-10-14 04:03:00,2023-10-14 04:13:00,2023-10-14 04:35:00,7.21,200.7,Completed,
T03463,D0093,R00438,Delhi,Gurgaon,Connaught Place,2023-10-25 02:09:00,2023-10-25 02:20:00,2023-10-25 03:05:00,7.66,329.46,Completed,
T03464,D0117,R01061,Bangalore,Indiranagar,Indiranagar,2023-10-28 10:53:00,2023-10-28 11:06:00,2023-10-28 11:59:00,1.58,90.77,Completed,
T03465,D0006,R01689,Bangalore,Whitefield,HSR,2023-10-17 22:38:00,2023-10-17 22:53:00,2023-10-17 23:40:00,12.46,404.83,Completed,
T03466,D0175,R00890,Mumbai,Worli,Dadar,2023-10-04 16:08:00,2023-10-04 16:17:00,2023-10-04 16:54:00,12.03,368.8,Completed,
T03467,D0104,R00192,Delhi,Rohini,Gurgaon,2023-10-02 16:13:00,2023-10-02 16:22:00,2023-10-02 17:02:00,9.06,316.53,Completed,
T03468,D0110,R01497,Delhi,Connaught Place,Dwarka,2023-10-25 04:58:00,2023-10-25 05:10:00,2023-10-25 05:25:00,4.99,177.88,Completed,
T03469,D0048,R00667,Delhi,Rohini,Gurgaon,2023-10-16 05:51:00,2023-10-16 05:56:00,2023-10-16 06:12:00,10.93,299.66,Completed,
T03470,D0233,R01222,Mumbai,Worli,Powai,2023-10-12 00:20:00,2023-10-12 00:29:00,2023-10-12 00:53:00,7.05,271.57,Completed,
T03471,D0235,R01614,Delhi,Rohini,Saket,2023-10-16 07:53:00,2023-10-16 08:01:00,2023-10-16 08:31:00,13.59,402.89,Completed,
T03472,D0200,R01005,Mumbai,Bandra,Andheri,2023-10-20 19:39:00,2023-10-20 19:42:00,2023-10-20 20:24:00,7.44,254.64,Completed,
T03473,D0190,R00418,Bangalore,Whitefield,Whitefield,2023-10-07 19:25:00,,,10.74,330.88,Cancelled,Other
T03474,D0090,R01694,Bangalore,Indiranagar,Indiranagar,2023-10-08 15:13:00,2023-10-08 15:27:00,2023-10-08 16:22:00,6.04,188.61,Completed,
T03475,D0073,R00873,Delhi,Saket,Connaught Place,2023-10-10 07:22:00,,,3.58,154.98,Cancelled,Driver
T03476,D0032,R01475,Bangalore,Koramangala,Whitefield,2023-10-27 09:47:00,2023-10-27 09:56:00,2023-10-27 10:31:00,13.54,402.95,Completed,
T03477,D0106,R01170,Bangalore,Indiranagar,Whitefield,2023-10-08 00:29:00,2023-10-08 00:44:00,2023-10-08 01:29:00,12.37,344.48,Completed,
T03478,D0158,R00120,Delhi,Gurgaon,Connaught Place,2023-10-17 06:22:00,2023-10-17 06:31:00,2023-10-17 07:31:00,10.13,306.66,Completed,
T03479,D0127,R01346,Delhi,Rohini,Gurgaon,2023-10-10 00:04:00,2023-10-10 00:19:00,2023-10-10 01:14:00,0.85,85.1,Completed,
T03480,D0074,R00892,Bangalore,Electronic City,HSR,2023-10-01 15:48:00,2023-10-01 15:55:00,2023-10-01 16:31:00,5.49,198.2,Completed,
T03481,D0203,R01125,Mumbai,Andheri,Powai,2023-10-23 11:18:00,2023-10-23 11:28:00,2023-10-23 12:27:00,11.33,335.11,Completed,
T03482,D0242,R00180,Bangalore,Electronic City,Indiranagar,2023-10-23 19:24:00,2023-10-23 19:32:00,2023-10-23 20:40:00,6.36,197.75,Completed,
T03483,D0205,R00912,Mumbai,Powai,Bandra,2023-10-25 16:21:00,,,8.23,230.23,Cancelled,Rider
T03484,D0012,R00084,Mumbai,Dadar,Bandra,2023-10-17 03:29:00,2023-10-17 03:35:00,2023-10-17 04:17:00,5.62,211.75,Completed,
T03485,D0015,R01698,Delhi,Saket,Rohini,2023-10-15 17:12:00,2023-10-15 17:25:00,2023-10-15 18:12:00,16.12,498.77,Completed,
T03486,D0244,R00476,Mumbai,Powai,Powai,2023-10-28 16:22:00,2023-10-28 16:37:00,2023-10-28 17:42:00,8.23,288.99,Completed,
T03487,D0153,R00729,Delhi,Saket,Connaught Place,2023-10-19 11:07:00,2023-10-19 11:11:00,2023-10-19 12:04:00,11.07,336.17,Completed,
T03488,D0116,R00636,Bangalore,Whitefield,Electronic City,2023-10-23 22:56:00,2023-10-23 23:04:00,2023-10-24 00:09:00,7.3,241.33,Completed,
T03489,D0110,R00825,Mumbai,Powai,Dadar,2023-10-18 08:59:00,2023-10-18 09:05:00,2023-10-18 09:45:00,6.29,260.37,Completed,
T03490,D0111,R00167,Mumbai,Bandra,Bandra,2023-10-21 21:57:00,2023-10-21 22:01:00,2023-10-21 22:38:00,3.42,135.55,Completed,
T03491,D0012,R01432,Bangalore,HSR,HSR,2023-10-16 09:13:00,,,8.9,328.9,Cancelled,Other
T03492,D0182,R01309,Delhi,Connaught Place,Connaught Place,2023-10-19 14:29:00,2023-10-19 14:41:00,2023-10-19 15:48:00,9.86,299.77,Completed,
T03493,D0081,R01114,Mumbai,Dadar,Dadar,2023-10-06 13:56:00,2023-10-06 14:01:00,2023-10-06 15:05:00,9.0,309.76,Completed,
T03494,D0209,R00054,Bangalore,Indiranagar,Electronic City,2023-10-05 13:40:00,2023-10-05 13:55:00,2023-10-05 15:00:00,5.9,243.64,Completed,
T03495,D0050,R00378,Mumbai,Powai,Powai,2023-10-22 22:23:00,2023-10-22 22:26:00,2023-10-22 22:40:00,20.82,599.17,Completed,
T03496,D0247,R01340,Mumbai,Andheri,Worli,2023-10-05 07:24:00,2023-10-05 07:33:00,2023-10-05 08:30:00,12.84,346.21,Completed,
T03497,D0146,R01483,Mumbai,Powai,Andheri,2023-10-28 15:38:00,2023-10-28 15:51:00,2023-10-28 16:51:00,15.1,526.43,Completed,
T03498,D0031,R01707,Mumbai,Worli,Dadar,2023-10-16 07:02:00,2023-10-16 07:14:00,2023-10-16 07:38:00,5.41,163.94,Completed,
T03499,D0021,R01099,Delhi,Connaught Place,Rohini,2023-10-20 22:26:00,2023-10-20 22:36:00,2023-10-20 22:46:00,9.8,261.16,Completed,
T03500,D0153,R00036,Delhi,Saket,Connaught Place,2023-10-07 17:13:00,,,6.72,184.78,Cancelled,System
T03501,D0022,R01562,Delhi,Dwarka,Rohini,2023-10-20 05:33:00,2023-10-20 05:38:00,2023-10-20 05:52:00,6.21,206.08,Completed,
T03502,D0042,R00085,Delhi,Connaught Place,Dwarka,2023-10-17 01:35:00,,,16.32,502.57,Cancelled,System
T03503,D0240,R00790,Mumbai,Bandra,Dadar,2023-10-04 07:46:00,,,3.64,151.44,Cancelled,System
T03504,D0002,R00849,Mumbai,Bandra,Andheri,2023-10-25 14:48:00,2023-10-25 14:53:00,2023-10-25 16:00:00,13.31,443.22,Completed,
T03505,D0235,R00151,Delhi,Saket,Rohini,2023-10-11 10:43:00,2023-10-11 10:51:00,2023-10-11 12:01:00,0.5,76.86,Completed,
T03506,D0044,R01111,Mumbai,Andheri,Andheri,2023-10-05 05:54:00,2023-10-05 06:07:00,2023-10-05 06:21:00,7.32,239.92,Completed,
T03507,D0222,R01729,Delhi,Gurgaon,Dwarka,2023-10-06 23:55:00,2023-10-07 00:08:00,2023-10-07 00:57:00,6.73,212.86,Completed,
T03508,D0047,R01190,Bangalore,Indiranagar,Koramangala,2023-10-03 16:45:00,2023-10-03 17:00:00,2023-10-03 17:41:00,2.78,120.26,Completed,
T03509,D0057,R01137,Mumbai,Worli,Worli,2023-10-07 20:32:00,2023-10-07 20:44:00,2023-10-07 21:21:00,7.23,282.39,Completed,
T03510,D0226,R01762,Bangalore,Electronic City,Koramangala,2023-10-01 22:01:00,2023-10-01 22:16:00,2023-10-01 22:51:00,7.05,245.03,Completed,
T03511,D0008,R00445,Mumbai,Dadar,Andheri,2023-10-17 08:27:00,2023-10-17 08:30:00,2023-10-17 09:33:00,10.37,331.39,Completed,
T03512,D0104,R00028,Delhi,Rohini,Rohini,2023-10-06 13:44:00,2023-10-06 13:55:00,2023-10-06 14:54:00,10.05,216.76,Completed,
T03513,D0215,R00210,Delhi,Rohini,Connaught Place,2023-10-19 12:37:00,2023-10-19 12:49:00,2023-10-19 13:30:00,6.97,231.43,Completed,
T03514,D0070,R01680,Delhi,Saket,Connaught Place,2023-10-11 17:52:00,2023-10-11 18:00:00,2023-10-11 18:11:00,7.01,255.48,Completed,
T03515,D0213,R01418,Delhi,Saket,Rohini,2023-10-16 03:05:00,,,4.36,168.83,Cancelled,Rider
T03516,D0111,R01707,Mumbai,Powai,Worli,2023-10-19 03:07:00,2023-10-19 03:18:00,2023-10-19 04:26:00,9.53,350.24,Completed,
T03517,D0125,R01363,Delhi,Gurgaon,Connaught Place,2023-10-02 20:22:00,2023-10-02 20:29:00,2023-10-02 20:48:00,6.01,198.13,Completed,
T03518,D0092,R00648,Mumbai,Bandra,Worli,2023-10-29 05:31:00,2023-10-29 05:40:00,2023-10-29 06:01:00,12.18,309.89,Completed,
T03519,D0104,R00400,Mumbai,Andheri,Andheri,2023-10-21 16:02:00,2023-10-21 16:17:00,2023-10-21 16:49:00,2.01,100.15,Completed,
T03520,D0127,R01377,Mumbai,Dadar,Worli,2023-10-14 00:03:00,2023-10-14 00:13:00,2023-10-14 00:41:00,12.52,366.78,Completed,
T03521,D0233,R01247,Mumbai,Dadar,Dadar,2023-10-27 12:11:00,2023-10-27 12:20:00,2023-10-27 12:38:00,18.5,482.49,Completed,
T03522,D0195,R00017,Bangalore,Indiranagar,HSR,2023-10-06 12:07:00,2023-10-06 12:16:00,2023-10-06 12:53:00,12.65,437.44,Completed,
T03523,D0033,R01293,Delhi,Saket,Saket,2023-10-24 18:15:00,2023-10-24 18:27:00,2023-10-24 19:35:00,16.12,415.44,Completed,
T03524,D0032,R01683,Delhi,Rohini,Connaught Place,2023-10-03 02:12:00,2023-10-03 02:26:00,2023-10-03 03:07:00,2.98,150.26,Completed,
T03525,D0230,R01469,Bangalore,Indiranagar,HSR,2023-10-03 20:42:00,2023-10-03 20:48:00,2023-10-03 21:03:00,17.54,429.63,Completed,
T03526,D0046,R01703,Bangalore,Koramangala,Koramangala,2023-10-13 10:45:00,,,6.54,243.68,Cancelled,Other
T03527,D0191,R01800,Delhi,Connaught Place,Saket,2023-10-15 14:38:00,,,10.3,287.32,Cancelled,Other
T03528,D0093,R01282,Bangalore,HSR,Indiranagar,2023-10-05 21:57:00,,,14.96,469.84,Cancelled,Driver
T03529,D0197,R00848,Mumbai,Andheri,Powai,2023-10-10 01:35:00,2023-10-10 01:43:00,2023-10-10 02:51:00,7.57,213.51,Completed,
T03530,D0059,R01457,Delhi,Connaught Place,Connaught Place,2023-10-29 09:13:00,2023-10-29 09:27:00,2023-10-29 10:22:00,9.84,324.07,Completed,
T03531,D0227,R01525,Delhi,Dwarka,Connaught Place,2023-10-04 21:03:00,2023-10-04 21:10:00,2023-10-04 22:16:00,10.79,305.98,Completed,
T03532,D0205,R01618,Mumbai,Dadar,Worli,2023-10-30 03:47:00,2023-10-30 03:58:00,2023-10-30 05:07:00,13.2,316.97,Completed,
T03533,D0178,R01794,Bangalore,Whitefield,Electronic City,2023-10-13 01:42:00,,,12.3,309.64,Cancelled,Other
T03534,D0177,R00875,Delhi,Gurgaon,Dwarka,2023-10-07 21:04:00,,,10.68,333.78,Cancelled,Driver
T03535,D0056,R00166,Bangalore,Electronic City,Koramangala,2023-10-05 05:17:00,2023-10-05 05:31:00,2023-10-05 06:14:00,15.96,412.17,Completed,
T03536,D0246,R00837,Delhi,Rohini,Saket,2023-10-01 16:55:00,2023-10-01 17:02:00,2023-10-01 17:22:00,6.85,206.81,Completed,
T03537,D0194,R00970,Delhi,Saket,Rohini,2023-10-29 01:26:00,2023-10-29 01:34:00,2023-10-29 02:16:00,10.75,268.57,Completed,
T03538,D0107,R00401,Mumbai,Dadar,Bandra,2023-10-06 19:15:00,2023-10-06 19:26:00,2023-10-06 19:45:00,7.1,205.45,Completed,
T03539,D0076,R00139,Mumbai,Dadar,Worli,2023-10-15 03:29:00,2023-10-15 03:37:00,2023-10-15 03:54:00,10.94,361.33,Completed,
T03540,D0194,R00689,Delhi,Rohini,Dwarka,2023-10-26 08:30:00,2023-10-26 08:36:00,2023-10-26 09:02:00,9.71,304.63,Completed,
T03541,D0048,R00813,Delhi,Saket,Saket,2023-10-24 23:54:00,2023-10-25 00:01:00,2023-10-25 00:39:00,8.03,261.43,Completed,
T03542,D0182,R00658,Mumbai,Worli,Dadar,2023-10-18 05:49:00,2023-10-18 05:59:00,2023-10-18 06:28:00,11.98,403.01,Completed,
T03543,D0015,R00799,Bangalore,Electronic City,HSR,2023-10-06 21:19:00,2023-10-06 21:25:00,2023-10-06 22:20:00,7.9,268.78,Completed,
T03544,D0027,R01345,Delhi,Connaught Place,Saket,2023-10-09 15:04:00,2023-10-09 15:09:00,2023-10-09 15:25:00,8.5,254.1,Completed,
T03545,D0066,R01650,Mumbai,Dadar,Andheri,2023-10-04 17:47:00,2023-10-04 17:51:00,2023-10-04 18:01:00,8.47,274.69,Completed,
T03546,D0092,R01450,Mumbai,Dadar,Powai,2023-10-14 00:33:00,2023-10-14 00:40:00,2023-10-14 01:12:00,9.79,253.45,Completed,
T03547,D0055,R00251,Mumbai,Powai,Bandra,2023-10-10 07:37:00,2023-10-10 07:41:00,2023-10-10 08:42:00,10.71,247.69,Completed,
T03548,D0228,R01725,Bangalore,Electronic City,Whitefield,2023-10-12 01:27:00,2023-10-12 01:39:00,2023-10-12 02:16:00,4.67,166.83,Completed,
T03549,D0007,R00604,Bangalore,HSR,Electronic City,2023-10-05 04:44:00,2023-10-05 04:51:00,2023-10-05 05:15:00,8.34,209.41,Completed,
T03550,D0094,R00847,Delhi,Connaught Place,Gurgaon,2023-10-23 14:07:00,2023-10-23 14:18:00,2023-10-23 15:13:00,4.88,177.14,Completed,
T03551,D0024,R00237,Delhi,Rohini,Gurgaon,2023-10-24 01:19:00,,,4.48,174.72,Cancelled,Rider
T03552,D0128,R00262,Delhi,Saket,Rohini,2023-10-07 23:36:00,2023-10-07 23:42:00,2023-10-08 00:24:00,9.37,333.59,Completed,
T03553,D0244,R00470,Delhi,Gurgaon,Rohini,2023-10-03 01:11:00,,,9.02,306.29,Cancelled,Rider
T03554,D0011,R01405,Mumbai,Andheri,Powai,2023-10-26 08:07:00,,,5.43,202.47,Cancelled,Rider
T03555,D0056,R01759,Delhi,Saket,Rohini,2023-10-24 21:50:00,2023-10-24 22:00:00,2023-10-24 22:56:00,5.26,185.3,Completed,
T03556,D0005,R00824,Bangalore,Koramangala,Koramangala,2023-10-21 21:23:00,2023-10-21 21:38:00,2023-10-21 22:10:00,2.55,137.12,Completed,
T03557,D0097,R00247,Delhi,Dwarka,Gurgaon,2023-10-21 10:44:00,,,13.54,480.16,Cancelled,Rider
T03558,D0149,R01101,Bangalore,Indiranagar,Whitefield,2023-10-06 12:04:00,2023-10-06 12:13:00,2023-10-06 13:18:00,10.34,397.74,Completed,
T03559,D0196,R00422,Delhi,Dwarka,Connaught Place,2023-10-12 21:43:00,2023-10-12 21:49:00,2023-10-12 22:37:00,2.88,140.04,Completed,
T03560,D0165,R00076,Mumbai,Dadar,Dadar,2023-10-17 09:22:00,2023-10-17 09:35:00,2023-10-17 10:33:00,11.24,291.4,Completed,
T03561,D0009,R00373,Delhi,Dwarka,Rohini,2023-10-19 01:43:00,,,0.5,70.9,Cancelled,Driver
T03562,D0053,R00231,Delhi,Gurgaon,Rohini,2023-10-13 01:02:00,,,2.11,110.96,Cancelled,Driver
T03563,D0026,R00482,Mumbai,Dadar,Worli,2023-10-16 23:54:00,2023-10-17 00:03:00,2023-10-17 01:00:00,8.36,285.74,Completed,
T03564,D0122,R00462,Delhi,Saket,Rohini,2023-10-05 00:29:00,2023-10-05 00:43:00,2023-10-05 01:53:00,13.58,407.77,Completed,
T03565,D0025,R00741,Delhi,Gurgaon,Rohini,2023-10-25 01:50:00,2023-10-25 01:58:00,2023-10-25 03:07:00,5.42,205.97,Completed,
T03566,D0043,R00214,Delhi,Dwarka,Saket,2023-10-12 17:48:00,2023-10-12 17:54:00,2023-10-12 19:02:00,8.61,320.22,Completed,
T03567,D0087,R01009,Bangalore,Whitefield,Whitefield,2023-10-18 22:13:00,2023-10-18 22:22:00,2023-10-18 23:05:00,10.28,354.28,Completed,
T03568,D0054,R00183,Mumbai,Dadar,Powai,2023-10-26 20:21:00,2023-10-26 20:36:00,2023-10-26 21:05:00,7.06,232.55,Completed,
T03569,D0150,R01337,Delhi,Gurgaon,Rohini,2023-10-04 07:42:00,2023-10-04 07:45:00,2023-10-04 08:30:00,10.53,185.31,Completed,
T03570,D0202,R01392,Bangalore,Whitefield,Whitefield,2023-10-20 16:14:00,2023-10-20 16:26:00,2023-10-20 16:36:00,10.33,338.43,Completed,
T03571,D0222,R00685,Bangalore,HSR,Electronic City,2023-10-17 12:50:00,2023-10-17 13:02:00,2023-10-17 13:18:00,9.87,315.84,Completed,
T03572,D0073,R00321,Bangalore,Koramangala,HSR,2023-10-15 00:13:00,2023-10-15 00:23:00,2023-10-15 01:12:00,11.88,477.45,Completed,
T03573,D0004,R01639,Delhi,Saket,Rohini,2023-10-28 11:24:00,2023-10-28 11:33:00,2023-10-28 11:49:00,11.7,309.46,Completed,
T03574,D0005,R00184,Mumbai,Powai,Dadar,2023-10-28 13:28:00,2023-10-28 13:40:00,2023-10-28 14:26:00,3.54,130.09,Completed,
T03575,D0170,R00946,Bangalore,Indiranagar,Whitefield,2023-10-25 03:14:00,,,4.45,187.88,Cancelled,Other
T03576,D0010,R00397,Mumbai,Dadar,Bandra,2023-10-09 06:15:00,2023-10-09 06:20:00,2023-10-09 07:18:00,7.54,254.14,Completed,
T03577,D0058,R01159,Mumbai,Dadar,Bandra,2023-10-14 21:44:00,2023-10-14 21:53:00,2023-10-14 22:39:00,12.97,405.99,Completed,
T03578,D0159,R00742,Mumbai,Dadar,Worli,2023-10-17 12:34:00,,,14.64,494.41,Cancelled,System
T03579,D0197,R00632,Bangalore,Electronic City,Koramangala,2023-10-08 03:26:00,,,6.53,225.96,Cancelled,System
T03580,D0053,R01674,Mumbai,Worli,Dadar,2023-10-23 17:11:00,2023-10-23 17:20:00,2023-10-23 17:30:00,11.62,431.23,Completed,
T03581,D0105,R00861,Delhi,Connaught Place,Connaught Place,2023-10-16 11:43:00,2023-10-16 11:56:00,2023-10-16 12:41:00,5.44,155.54,Completed,
T03582,D0173,R01766,Delhi,Gurgaon,Rohini,2023-10-16 14:40:00,2023-10-16 14:49:00,2023-10-16 15:29:00,9.63,334.59,Completed,
T03583,D0219,R00412,Bangalore,Indiranagar,Whitefield,2023-10-09 20:29:00,2023-10-09 20:34:00,2023-10-09 21:08:00,7.87,293.27,Completed,
T03584,D0169,R01656,Mumbai,Powai,Powai,2023-10-23 10:15:00,2023-10-23 10:27:00,2023-10-23 11:02:00,11.11,251.98,Completed,
T03585,D0168,R00543,Delhi,Saket,Connaught Place,2023-10-21 05:27:00,2023-10-21 05:39:00,2023-10-21 06:29:00,6.18,227.16,Completed,
T03586,D0216,R00518,Mumbai,Powai,Andheri,2023-10-17 02:12:00,2023-10-17 02:22:00,2023-10-17 03:30:00,8.26,240.07,Completed,
T03587,D0034,R01230,Delhi,Connaught Place,Gurgaon,2023-10-30 01:26:00,2023-10-30 01:36:00,2023-10-30 01:56:00,8.96,257.68,Completed,
T03588,D0174,R01315,Delhi,Gurgaon,Rohini,2023-10-13 10:04:00,,,4.51,169.99,Cancelled,Rider
T03589,D0061,R00988,Mumbai,Worli,Andheri,2023-10-02 05:28:00,2023-10-02 05:31:00,2023-10-02 06:30:00,9.78,275.4,Completed,
T03590,D0137,R00387,Mumbai,Bandra,Worli,2023-10-11 10:45:00,2023-10-11 10:54:00,2023-10-11 11:41:00,8.0,229.4,Completed,
T03591,D0105,R00567,Bangalore,Koramangala,Whitefield,2023-10-12 06:31:00,2023-10-12 06:34:00,2023-10-12 07:28:00,6.35,258.17,Completed,
T03592,D0054,R01479,Bangalore,Whitefield,Indiranagar,2023-10-21 20:54:00,2023-10-21 21:02:00,2023-10-21 21:12:00,9.55,269.8,Completed,
T03593,D0215,R00740,Bangalore,Electronic City,Indiranagar,2023-10-12 17:19:00,2023-10-12 17:24:00,2023-10-12 18:00:00,14.23,477.71,Completed,
T03594,D0162,R00576,Delhi,Saket,Rohini,2023-10-21 13:39:00,2023-10-21 13:48:00,2023-10-21 14:27:00,10.8,417.47,Completed,
T03595,D0222,R00995,Delhi,Dwarka,Gurgaon,2023-10-18 22:27:00,2023-10-18 22:32:00,2023-10-18 23:39:00,11.23,348.08,Completed,
T03596,D0068,R01179,Delhi,Rohini,Connaught Place,2023-10-22 14:19:00,2023-10-22 14:33:00,2023-10-22 15:31:00,2.71,117.14,Completed,
T03597,D0006,R00226,Bangalore,Electronic City,HSR,2023-10-05 00:58:00,2023-10-05 01:13:00,2023-10-05 01:57:00,7.29,242.85,Completed,
T03598,D0077,R01159,Bangalore,Whitefield,Indiranagar,2023-10-18 19:53:00,,,7.86,321.19,Cancelled,Other
T03599,D0061,R00441,Delhi,Rohini,Saket,2023-10-09 22:25:00,,,10.19,317.12,Cancelled,System
T03600,D0070,R01656,Delhi,Rohini,Dwarka,2023-10-17 21:27:00,2023-10-17 21:35:00,2023-10-17 21:46:00,3.23,143.66,Completed,
T03601,D0048,R00685,Mumbai,Dadar,Dadar,2023-10-02 10:37:00,2023-10-02 10:48:00,2023-10-02 11:28:00,12.5,381.71,Completed,
T03602,D0022,R00328,Bangalore,Electronic City,Indiranagar,2023-10-22 21:15:00,2023-10-22 21:19:00,2023-10-22 22:29:00,12.79,346.97,Completed,
T03603,D0237,R00946,Bangalore,HSR,HSR,2023-10-19 03:57:00,2023-10-19 04:03:00,2023-10-19 04:44:00,8.88,298.79,Completed,
T03604,D0151,R00425,Delhi,Dwarka,Saket,2023-10-30 08:05:00,2023-10-30 08:19:00,2023-10-30 09:16:00,6.74,266.98,Completed,
T03605,D0115,R01186,Mumbai,Andheri,Andheri,2023-10-23 18:43:00,2023-10-23 18:46:00,2023-10-23 19:27:00,12.61,345.34,Completed,
T03606,D0217,R00084,Delhi,Saket,Connaught Place,2023-10-19 09:46:00,2023-10-19 09:55:00,2023-10-19 10:22:00,9.22,296.69,Completed,
T03607,D0053,R00551,Mumbai,Worli,Bandra,2023-10-25 00:24:00,2023-10-25 00:35:00,2023-10-25 01:31:00,7.07,215.03,Completed,
T03608,D0066,R01774,Bangalore,HSR,HSR,2023-10-11 09:02:00,2023-10-11 09:11:00,2023-10-11 10:20:00,9.02,245.58,Completed,
T03609,D0223,R00119,Delhi,Gurgaon,Connaught Place,2023-10-01 07:54:00,2023-10-01 07:59:00,2023-10-01 08:41:00,8.34,286.0,Completed,
T03610,D0222,R01610,Bangalore,Whitefield,HSR,2023-10-06 08:32:00,2023-10-06 08:47:00,2023-10-06 09:39:00,11.73,312.42,Completed,
T03611,D0110,R00547,Bangalore,HSR,HSR,2023-10-04 18:20:00,2023-10-04 18:31:00,2023-10-04 19:34:00,1.93,106.71,Completed,
T03612,D0144,R00050,Bangalore,Indiranagar,Indiranagar,2023-10-26 01:38:00,2023-10-26 01:50:00,2023-10-26 02:13:00,19.44,393.56,Completed,
T03613,D0119,R00701,Delhi,Dwarka,Saket,2023-10-02 12:46:00,2023-10-02 13:00:00,2023-10-02 14:02:00,8.22,267.89,Completed,
T03614,D0200,R00267,Delhi,Gurgaon,Gurgaon,2023-10-29 10:39:00,2023-10-29 10:52:00,2023-10-29 11:04:00,8.4,250.25,Completed,
T03615,D0103,R00504,Delhi,Rohini,Saket,2023-10-29 07:52:00,2023-10-29 07:57:00,2023-10-29 09:05:00,10.46,425.4,Completed,
T03616,D0249,R00241,Mumbai,Powai,Powai,2023-10-13 01:09:00,2023-10-13 01:22:00,2023-10-13 02:09:00,8.64,313.21,Completed,
T03617,D0175,R01287,Bangalore,Electronic City,HSR,2023-10-09 04:36:00,2023-10-09 04:41:00,2023-10-09 05:46:00,9.31,288.86,Completed,
T03618,D0143,R00411,Bangalore,Koramangala,Electronic City,2023-10-05 06:02:00,,,8.11,268.82,Cancelled,Rider
T03619,D0195,R01655,Bangalore,Koramangala,HSR,2023-10-02 18:34:00,,,14.17,309.69,Cancelled,Rider
T03620,D0201,R00710,Delhi,Rohini,Gurgaon,2023-10-06 15:55:00,2023-10-06 15:58:00,2023-10-06 17:06:00,0.5,70.72,Completed,
T03621,D0056,R01229,Mumbai,Dadar,Bandra,2023-10-21 09:38:00,,,4.25,188.39,Cancelled,Other
T03622,D0241,R00671,Delhi,Dwarka,Gurgaon,2023-10-24 21:54:00,2023-10-24 22:07:00,2023-10-24 23:00:00,7.67,300.06,Completed,
T03623,D0220,R01567,Bangalore,Electronic City,Indiranagar,2023-10-18 01:19:00,2023-10-18 01:32:00,2023-10-18 01:54:00,9.74,321.7,Completed,
T03624,D0219,R00379,Mumbai,Powai,Powai,2023-10-13 11:48:00,2023-10-13 11:59:00,2023-10-13 12:30:00,2.36,137.69,Completed,
T03625,D0176,R00690,Delhi,Rohini,Gurgaon,2023-10-22 06:07:00,2023-10-22 06:21:00,2023-10-22 06:36:00,3.69,149.11,Completed,
T03626,D0014,R01731,Bangalore,HSR,HSR,2023-10-12 02:09:00,,,11.49,381.11,Cancelled,System
T03627,D0117,R00603,Delhi,Gurgaon,Gurgaon,2023-10-23 20:06:00,2023-10-23 20:20:00,2023-10-23 21:18:00,6.85,209.04,Completed,
T03628,D0190,R01172,Mumbai,Bandra,Powai,2023-10-27 15:11:00,2023-10-27 15:14:00,2023-10-27 15:56:00,7.68,225.48,Completed,
T03629,D0183,R01743,Mumbai,Dadar,Worli,2023-10-19 12:47:00,2023-10-19 12:57:00,2023-10-19 14:06:00,8.79,311.26,Completed,
T03630,D0201,R01764,Mumbai,Powai,Worli,2023-10-16 18:39:00,2023-10-16 18:45:00,2023-10-16 19:18:00,6.28,176.01,Completed,
T03631,D0220,R00899,Delhi,Rohini,Rohini,2023-10-04 12:58:00,2023-10-04 13:03:00,2023-10-04 13:41:00,8.59,256.33,Completed,
T03632,D0161,R00582,Mumbai,Andheri,Bandra,2023-10-21 13:43:00,2023-10-21 13:48:00,2023-10-21 14:21:00,4.64,176.77,Completed,
T03633,D0115,R00989,Bangalore,Electronic City,Whitefield,2023-10-24 09:46:00,2023-10-24 10:01:00,2023-10-24 10:26:00,7.23,278.08,Completed,
T03634,D0005,R00583,Delhi,Gurgaon,Rohini,2023-10-02 18:05:00,2023-10-02 18:13:00,2023-10-02 19:01:00,6.51,171.34,Completed,
T03635,D0119,R00894,Delhi,Saket,Dwarka,2023-10-19 22:26:00,,,15.32,387.27,Cancelled,Driver
T03636,D0088,R00746,Bangalore,Electronic City,Indiranagar,2023-10-26 15:38:00,2023-10-26 15:43:00,2023-10-26 16:14:00,5.99,186.42,Completed,
T03637,D0239,R01621,Mumbai,Andheri,Dadar,2023-10-02 08:37:00,2023-10-02 08:49:00,2023-10-02 09:45:00,4.36,174.82,Completed,
T03638,D0201,R00989,Mumbai,Dadar,Powai,2023-10-06 15:21:00,2023-10-06 15:26:00,2023-10-06 16:19:00,8.87,261.57,Completed,
T03639,D0242,R00566,Bangalore,Koramangala,Whitefield,2023-10-03 20:32:00,2023-10-03 20:45:00,2023-10-03 21:07:00,7.18,249.89,Completed,
T03640,D0015,R00594,Delhi,Rohini,Rohini,2023-10-03 05:59:00,2023-10-03 06:05:00,2023-10-03 07:05:00,12.01,349.53,Completed,
T03641,D0228,R00869,Delhi,Gurgaon,Dwarka,2023-10-16 07:13:00,,,14.88,382.6,Cancelled,Driver
T03642,D0204,R00850,Bangalore,Electronic City,Koramangala,2023-10-17 23:25:00,,,5.11,161.21,Cancelled,Other
T03643,D0092,R00062,Delhi,Gurgaon,Saket,2023-10-28 21:17:00,2023-10-28 21:29:00,2023-10-28 21:44:00,6.2,257.42,Completed,
T03644,D0076,R00966,Delhi,Gurgaon,Rohini,2023-10-03 07:30:00,2023-10-03 07:38:00,2023-10-03 08:31:00,4.7,180.48,Completed,
T03645,D0161,R00786,Bangalore,Koramangala,Electronic City,2023-10-05 06:06:00,2023-10-05 06:15:00,2023-10-05 07:00:00,5.7,206.94,Completed,
T03646,D0223,R01061,Delhi,Gurgaon,Gurgaon,2023-10-12 00:57:00,2023-10-12 01:09:00,2023-10-12 02:15:00,8.04,253.12,Completed,
T03647,D0174,R01131,Mumbai,Bandra,Worli,2023-10-30 09:51:00,2023-10-30 10:06:00,2023-10-30 11:04:00,11.76,377.69,Completed,
T03648,D0028,R00100,Bangalore,Koramangala,Electronic City,2023-10-05 05:24:00,2023-10-05 05:33:00,2023-10-05 06:01:00,8.84,291.14,Completed,
T03649,D0176,R00498,Delhi,Saket,Gurgaon,2023-10-09 15:22:00,2023-10-09 15:34:00,2023-10-09 16:11:00,8.72,302.33,Completed,
T03650,D0233,R00917,Bangalore,Electronic City,Indiranagar,2023-10-09 10:00:00,2023-10-09 10:11:00,2023-10-09 11:01:00,7.07,218.61,Completed,
T03651,D0144,R00204,Delhi,Saket,Saket,2023-10-03 20:34:00,2023-10-03 20:44:00,2023-10-03 21:27:00,9.31,323.1,Completed,
T03652,D0064,R00017,Mumbai,Worli,Bandra,2023-10-19 09:28:00,2023-10-19 09:33:00,2023-10-19 10:30:00,7.39,301.07,Completed,
T03653,D0180,R00599,Mumbai,Dadar,Powai,2023-10-24 07:47:00,2023-10-24 07:56:00,2023-10-24 08:33:00,6.7,270.0,Completed,
T03654,D0079,R01570,Bangalore,Indiranagar,Whitefield,2023-10-19 19:08:00,2023-10-19 19:19:00,2023-10-19 19:41:00,12.88,392.76,Completed,
T03655,D0105,R01399,Delhi,Gurgaon,Saket,2023-10-20 18:08:00,2023-10-20 18:19:00,2023-10-20 18:34:00,3.68,140.12,Completed,
T03656,D0070,R00181,Mumbai,Powai,Powai,2023-10-14 18:14:00,2023-10-14 18:24:00,2023-10-14 19:16:00,10.44,357.12,Completed,
T03657,D0056,R00189,Mumbai,Powai,Powai,2023-10-28 18:07:00,,,2.84,123.56,Cancelled,Rider
T03658,D0080,R00776,Mumbai,Worli,Andheri,2023-10-19 08:35:00,2023-10-19 08:40:00,2023-10-19 09:30:00,9.58,328.74,Completed,
T03659,D0207,R01368,Delhi,Gurgaon,Connaught Place,2023-10-26 17:30:00,2023-10-26 17:39:00,2023-10-26 18:15:00,9.02,237.61,Completed,
T03660,D0047,R01362,Bangalore,Indiranagar,HSR,2023-10-25 11:23:00,,,2.23,108.45,Cancelled,Rider
T03661,D0126,R00996,Mumbai,Worli,Powai,2023-10-26 11:52:00,2023-10-26 11:58:00,2023-10-26 12:22:00,10.85,313.49,Completed,
T03662,D0173,R01067,Bangalore,HSR,Whitefield,2023-10-18 14:29:00,2023-10-18 14:36:00,2023-10-18 15:31:00,9.68,340.33,Completed,
T03663,D0014,R01406,Delhi,Rohini,Saket,2023-10-12 03:10:00,,,9.33,260.89,Cancelled,Other
T03664,D0167,R01029,Delhi,Saket,Gurgaon,2023-10-19 04:14:00,2023-10-19 04:29:00,2023-10-19 05:08:00,18.22,412.29,Completed,
T03665,D0014,R00811,Delhi,Saket,Saket,2023-10-01 02:19:00,,,4.44,200.5,Cancelled,Rider
T03666,D0066,R00340,Mumbai,Dadar,Andheri,2023-10-30 02:07:00,,,7.58,328.79,Cancelled,Rider
T03667,D0028,R00519,Mumbai,Bandra,Andheri,2023-10-19 17:00:00,2023-10-19 17:07:00,2023-10-19 18:08:00,6.1,218.9,Completed,
T03668,D0039,R01466,Bangalore,Koramangala,HSR,2023-10-14 06:45:00,2023-10-14 06:52:00,2023-10-14 07:31:00,6.81,203.69,Completed,
T03669,D0064,R01374,Bangalore,Koramangala,HSR,2023-10-03 07:23:00,2023-10-03 07:34:00,2023-10-03 08:06:00,7.31,233.26,Completed,
T03670,D0161,R00102,Mumbai,Worli,Andheri,2023-10-18 00:34:00,2023-10-18 00:45:00,2023-10-18 01:15:00,9.85,386.15,Completed,
T03671,D0049,R00867,Delhi,Saket,Dwarka,2023-10-12 23:23:00,,,11.63,287.31,Cancelled,Other
T03672,D0172,R00419,Bangalore,Electronic City,Koramangala,2023-10-23 07:10:00,2023-10-23 07:15:00,2023-10-23 07:38:00,7.05,188.29,Completed,
T03673,D0011,R01509,Bangalore,Whitefield,Koramangala,2023-10-19 07:19:00,,,8.32,228.54,Cancelled,Driver
T03674,D0039,R01718,Bangalore,HSR,Electronic City,2023-10-17 13:10:00,2023-10-17 13:20:00,2023-10-17 14:27:00,11.25,358.64,Completed,
T03675,D0159,R00370,Mumbai,Powai,Worli,2023-10-17 11:14:00,2023-10-17 11:17:00,2023-10-17 12:12:00,7.43,259.46,Completed,
T03676,D0025,R00092,Delhi,Rohini,Connaught Place,2023-10-20 12:49:00,,,9.39,269.95,Cancelled,Rider
T03677,D0123,R00877,Delhi,Connaught Place,Connaught Place,2023-10-23 00:38:00,2023-10-23 00:44:00,2023-10-23 00:56:00,8.31,236.04,Completed,
T03678,D0230,R00589,Delhi,Rohini,Dwarka,2023-10-07 23:16:00,,,11.08,371.59,Cancelled,Other
T03679,D0073,R00581,Mumbai,Bandra,Andheri,2023-10-06 00:24:00,,,9.01,353.44,Cancelled,Driver
T03680,D0114,R00720,Delhi,Saket,Connaught Place,2023-10-06 17:54:00,2023-10-06 18:03:00,2023-10-06 18:39:00,9.28,269.78,Completed,
T03681,D0052,R00046,Bangalore,Whitefield,Indiranagar,2023-10-11 02:06:00,2023-10-11 02:14:00,2023-10-11 02:56:00,17.16,387.13,Completed,
T03682,D0084,R00111,Mumbai,Bandra,Dadar,2023-10-21 15:32:00,2023-10-21 15:37:00,2023-10-21 16:44:00,11.1,377.15,Completed,
T03683,D0192,R00730,Delhi,Saket,Gurgaon,2023-10-22 12:43:00,2023-10-22 12:46:00,2023-10-22 12:56:00,5.17,194.29,Completed,
T03684,D0110,R00365,Mumbai,Andheri,Worli,2023-10-02 21:30:00,2023-10-02 21:45:00,2023-10-02 21:59:00,4.27,205.6,Completed,
T03685,D0117,R00748,Bangalore,Indiranagar,Electronic City,2023-10-18 10:24:00,,,2.57,113.35,Cancelled,Rider
T03686,D0005,R01436,Bangalore,HSR,Koramangala,2023-10-11 12:41:00,2023-10-11 12:55:00,2023-10-11 13:42:00,5.12,206.28,Completed,
T03687,D0122,R01763,Mumbai,Andheri,Worli,2023-10-16 01:22:00,2023-10-16 01:28:00,2023-10-16 01:47:00,12.7,336.86,Completed,
T03688,D0038,R01606,Bangalore,HSR,HSR,2023-10-02 11:01:00,2023-10-02 11:15:00,2023-10-02 11:58:00,6.01,221.73,Completed,
T03689,D0147,R00133,Delhi,Rohini,Rohini,2023-10-06 00:33:00,2023-10-06 00:48:00,2023-10-06 01:39:00,7.88,230.59,Completed,
T03690,D0009,R00802,Delhi,Rohini,Dwarka,2023-10-23 22:57:00,2023-10-23 23:03:00,2023-10-23 23:31:00,12.95,424.82,Completed,
T03691,D0052,R01434,Bangalore,HSR,Indiranagar,2023-10-19 23:05:00,2023-10-19 23:20:00,2023-10-19 23:53:00,13.08,389.46,Completed,
T03692,D0001,R00540,Mumbai,Bandra,Dadar,2023-10-03 09:49:00,2023-10-03 09:58:00,2023-10-03 10:57:00,5.35,189.39,Completed,
T03693,D0164,R00903,Mumbai,Andheri,Andheri,2023-10-02 12:03:00,2023-10-02 12:17:00,2023-10-02 12:44:00,12.17,394.99,Completed,
T03694,D0181,R01649,Bangalore,Indiranagar,Indiranagar,2023-10-16 12:28:00,2023-10-16 12:41:00,2023-10-16 13:44:00,4.86,164.37,Completed,
T03695,D0191,R00780,Delhi,Gurgaon,Connaught Place,2023-10-26 17:33:00,2023-10-26 17:44:00,2023-10-26 18:17:00,1.22,93.44,Completed,
T03696,D0155,R01515,Mumbai,Bandra,Worli,2023-10-18 05:31:00,2023-10-18 05:41:00,2023-10-18 06:51:00,13.8,422.23,Completed,
T03697,D0196,R01691,Bangalore,Electronic City,Koramangala,2023-10-02 09:20:00,2023-10-02 09:34:00,2023-10-02 10:07:00,14.54,412.98,Completed,
T03698,D0197,R00434,Mumbai,Dadar,Powai,2023-10-28 14:32:00,2023-10-28 14:42:00,2023-10-28 15:29:00,8.6,324.87,Completed,
T03699,D0008,R00790,Delhi,Rohini,Rohini,2023-10-23 17:39:00,2023-10-23 17:46:00,2023-10-23 17:58:00,7.8,231.55,Completed,
T03700,D0190,R01360,Mumbai,Dadar,Dadar,2023-10-07 19:00:00,2023-10-07 19:10:00,2023-10-07 19:21:00,10.75,407.58,Completed,
T03701,D0148,R01328,Mumbai,Powai,Dadar,2023-10-01 07:19:00,2023-10-01 07:30:00,2023-10-01 08:36:00,8.77,284.25,Completed,
T03702,D0242,R00054,Bangalore,Indiranagar,Whitefield,2023-10-30 16:45:00,2023-10-30 16:50:00,2023-10-30 17:26:00,3.48,152.66,Completed,
T03703,D0032,R00055,Delhi,Gurgaon,Dwarka,2023-10-03 22:50:00,2023-10-03 23:04:00,2023-10-03 23:21:00,0.52,72.67,Completed,
T03704,D0151,R01139,Mumbai,Andheri,Dadar,2023-10-01 03:31:00,2023-10-01 03:34:00,2023-10-01 04:36:00,1.97,101.14,Completed,
T03705,D0224,R01081,Bangalore,Koramangala,HSR,2023-10-03 05:30:00,2023-10-03 05:43:00,2023-10-03 06:03:00,12.52,430.81,Completed,
T03706,D0119,R00569,Delhi,Gurgaon,Saket,2023-10-24 20:13:00,2023-10-24 20:16:00,2023-10-24 20:31:00,3.83,156.77,Completed,
T03707,D0130,R01327,Bangalore,Electronic City,Whitefield,2023-10-18 13:17:00,2023-10-18 13:25:00,2023-10-18 14:02:00,10.32,313.02,Completed,
T03708,D0008,R00800,Mumbai,Worli,Andheri,2023-10-20 18:03:00,,,3.1,142.99,Cancelled,System
T03709,D0039,R00755,Delhi,Saket,Dwarka,2023-10-08 14:40:00,2023-10-08 14:44:00,2023-10-08 15:07:00,14.21,323.6,Completed,
T03710,D0240,R01373,Delhi,Gurgaon,Dwarka,2023-10-26 21:25:00,2023-10-26 21:36:00,2023-10-26 22:36:00,5.35,198.13,Completed,
T03711,D0013,R01660,Mumbai,Worli,Dadar,2023-10-03 01:01:00,2023-10-03 01:08:00,2023-10-03 02:14:00,12.03,394.06,Completed,
T03712,D0049,R01489,Delhi,Saket,Rohini,2023-10-22 12:30:00,2023-10-22 12:34:00,2023-10-22 13:15:00,10.04,325.61,Completed,
T03713,D0242,R01769,Delhi,Gurgaon,Gurgaon,2023-10-21 10:43:00,,,3.03,135.84,Cancelled,System
T03714,D0168,R01186,Delhi,Gurgaon,Saket,2023-10-16 03:49:00,2023-10-16 03:58:00,2023-10-16 04:46:00,9.12,314.11,Completed,
T03715,D0090,R01428,Bangalore,Whitefield,HSR,2023-10-09 01:48:00,2023-10-09 01:54:00,2023-10-09 02:07:00,10.09,315.96,Completed,
T03716,D0148,R01165,Mumbai,Dadar,Worli,2023-10-30 03:30:00,2023-10-30 03:42:00,2023-10-30 03:57:00,5.08,203.0,Completed,
T03717,D0054,R01567,Delhi,Gurgaon,Saket,2023-10-09 14:36:00,2023-10-09 14:40:00,2023-10-09 15:05:00,7.29,224.09,Completed,
T03718,D0011,R01483,Delhi,Saket,Rohini,2023-10-10 20:44:00,2023-10-10 20:59:00,2023-10-10 21:56:00,6.83,239.8,Completed,
T03719,D0085,R00279,Bangalore,Electronic City,HSR,2023-10-11 17:08:00,,,11.18,401.01,Cancelled,Driver
T03720,D0065,R01211,Delhi,Gurgaon,Dwarka,2023-10-23 08:15:00,2023-10-23 08:20:00,2023-10-23 08:55:00,10.33,336.88,Completed,
T03721,D0032,R01186,Mumbai,Bandra,Andheri,2023-10-17 18:22:00,2023-10-17 18:27:00,2023-10-17 18:45:00,6.33,211.72,Completed,
T03722,D0118,R01163,Mumbai,Powai,Dadar,2023-10-30 08:16:00,2023-10-30 08:31:00,2023-10-30 08:56:00,3.74,183.34,Completed,
T03723,D0166,R01485,Mumbai,Dadar,Worli,2023-10-30 07:36:00,2023-10-30 07:49:00,2023-10-30 08:30:00,6.4,246.12,Completed,
T03724,D0077,R01313,Bangalore,HSR,Indiranagar,2023-10-21 21:00:00,2023-10-21 21:06:00,2023-10-21 21:35:00,13.61,358.86,Completed,
T03725,D0129,R00721,Mumbai,Andheri,Worli,2023-10-12 06:29:00,,,13.93,447.67,Cancelled,Other
T03726,D0041,R00780,Bangalore,Electronic City,HSR,2023-10-21 21:49:00,2023-10-21 22:04:00,2023-10-21 22:26:00,8.36,277.8,Completed,
T03727,D0091,R00409,Mumbai,Worli,Andheri,2023-10-30 07:02:00,,,10.64,379.94,Cancelled,Rider
T03728,D0097,R00665,Mumbai,Andheri,Dadar,2023-10-25 09:16:00,,,11.29,222.65,Cancelled,System
T03729,D0059,R00218,Delhi,Connaught Place,Connaught Place,2023-10-13 09:23:00,2023-10-13 09:30:00,2023-10-13 10:31:00,0.68,74.11,Completed,
T03730,D0038,R01275,Bangalore,Indiranagar,HSR,2023-10-14 15:30:00,,,9.49,247.22,Cancelled,System
T03731,D0039,R00146,Mumbai,Worli,Worli,2023-10-27 14:28:00,2023-10-27 14:39:00,2023-10-27 15:40:00,10.33,313.09,Completed,
T03732,D0107,R01562,Delhi,Gurgaon,Dwarka,2023-10-28 23:41:00,2023-10-28 23:47:00,2023-10-29 00:06:00,13.8,375.0,Completed,
T03733,D0249,R00207,Mumbai,Andheri,Powai,2023-10-21 09:39:00,,,9.35,324.76,Cancelled,Driver
T03734,D0010,R01317,Delhi,Connaught Place,Saket,2023-10-23 17:34:00,,,7.32,269.77,Cancelled,Driver
T03735,D0099,R00853,Mumbai,Bandra,Andheri,2023-10-08 08:15:00,2023-10-08 08:23:00,2023-10-08 08:51:00,10.28,284.74,Completed,
T03736,D0213,R01425,Bangalore,Indiranagar,Indiranagar,2023-10-06 14:49:00,2023-10-06 15:01:00,2023-10-06 15:56:00,6.69,181.32,Completed,
T03737,D0146,R00505,Delhi,Rohini,Dwarka,2023-10-12 09:01:00,2023-10-12 09:16:00,2023-10-12 09:54:00,0.58,74.78,Completed,
T03738,D0099,R01707,Mumbai,Powai,Dadar,2023-10-18 12:26:00,,,14.77,377.1,Cancelled,System
T03739,D0185,R01169,Delhi,Gurgaon,Connaught Place,2023-10-03 06:09:00,2023-10-03 06:15:00,2023-10-03 07:24:00,2.31,125.95,Completed,
T03740,D0148,R00274,Bangalore,Koramangala,HSR,2023-10-21 02:13:00,,,6.01,228.94,Cancelled,System
T03741,D0190,R00999,Delhi,Rohini,Saket,2023-10-04 21:17:00,2023-10-04 21:30:00,2023-10-04 21:46:00,10.55,310.51,Completed,
T03742,D0132,R00176,Bangalore,Electronic City,HSR,2023-10-18 10:18:00,2023-10-18 10:31:00,2023-10-18 11:34:00,5.16,175.2,Completed,
T03743,D0050,R00026,Mumbai,Bandra,Worli,2023-10-06 13:05:00,2023-10-06 13:19:00,2023-10-06 14:20:00,9.8,341.97,Completed,
T03744,D0205,R01131,Mumbai,Andheri,Dadar,2023-10-28 04:23:00,,,6.48,246.23,Cancelled,System
T03745,D0026,R01442,Delhi,Rohini,Dwarka,2023-10-28 21:08:00,2023-10-28 21:20:00,2023-10-28 21:33:00,7.77,215.45,Completed,
T03746,D0152,R01405,Delhi,Connaught Place,Rohini,2023-10-14 20:04:00,2023-10-14 20:08:00,2023-10-14 20:59:00,13.05,421.73,Completed,
T03747,D0150,R00583,Bangalore,Koramangala,Koramangala,2023-10-26 23:03:00,,,8.25,282.27,Cancelled,Driver
T03748,D0247,R01189,Bangalore,Koramangala,HSR,2023-10-24 08:35:00,2023-10-24 08:47:00,2023-10-24 09:09:00,6.01,160.73,Completed,
T03749,D0083,R00222,Bangalore,Whitefield,HSR,2023-10-19 18:13:00,2023-10-19 18:27:00,2023-10-19 18:38:00,14.74,366.67,Completed,
T03750,D0014,R01267,Bangalore,Electronic City,Electronic City,2023-10-07 22:11:00,2023-10-07 22:18:00,2023-10-07 22:55:00,5.11,187.09,Completed,
T03751,D0104,R00949,Delhi,Dwarka,Gurgaon,2023-10-18 19:04:00,2023-10-18 19:15:00,2023-10-18 19:34:00,8.04,273.07,Completed,
T03752,D0170,R00209,Bangalore,Whitefield,HSR,2023-10-12 06:06:00,2023-10-12 06:18:00,2023-10-12 07:28:00,11.2,314.0,Completed,
T03753,D0148,R01474,Mumbai,Andheri,Worli,2023-10-30 02:14:00,2023-10-30 02:29:00,2023-10-30 02:48:00,11.42,324.04,Completed,
T03754,D0229,R00210,Delhi,Rohini,Saket,2023-10-02 03:47:00,2023-10-02 03:52:00,2023-10-02 04:15:00,10.26,362.64,Completed,
T03755,D0228,R01490,Delhi,Dwarka,Dwarka,2023-10-08 18:35:00,,,7.26,276.72,Cancelled,Driver
T03756,D0102,R01599,Delhi,Dwarka,Connaught Place,2023-10-12 11:01:00,2023-10-12 11:14:00,2023-10-12 11:39:00,2.57,136.37,Completed,
T03757,D0064,R00496,Bangalore,Electronic City,Whitefield,2023-10-15 06:01:00,,,16.58,446.76,Cancelled,Rider
T03758,D0209,R01499,Mumbai,Bandra,Worli,2023-10-02 18:59:00,2023-10-02 19:04:00,2023-10-02 19:53:00,5.91,221.26,Completed,
T03759,D0164,R00107,Delhi,Gurgaon,Saket,2023-10-23 11:01:00,2023-10-23 11:11:00,2023-10-23 11:40:00,13.57,349.07,Completed,
T03760,D0020,R01410,Mumbai,Andheri,Andheri,2023-10-07 02:27:00,2023-10-07 02:34:00,2023-10-07 03:37:00,7.03,221.47,Completed,
T03761,D0179,R01379,Bangalore,Electronic City,Whitefield,2023-10-10 22:50:00,2023-10-10 22:53:00,2023-10-10 23:47:00,10.52,243.16,Completed,
T03762,D0205,R00710,Bangalore,HSR,Koramangala,2023-10-13 21:49:00,2023-10-13 21:54:00,2023-10-13 22:31:00,12.13,356.17,Completed,
T03763,D0152,R01483,Mumbai,Bandra,Worli,2023-10-25 04:55:00,2023-10-25 05:04:00,2023-10-25 06:02:00,4.66,164.59,Completed,
T03764,D0180,R01629,Delhi,Gurgaon,Gurgaon,2023-10-15 12:30:00,2023-10-15 12:41:00,2023-10-15 13:01:00,6.74,224.19,Completed,
T03765,D0166,R01334,Bangalore,Whitefield,Electronic City,2023-10-18 08:30:00,2023-10-18 08:40:00,2023-10-18 09:25:00,7.35,228.17,Completed,
T03766,D0227,R00722,Bangalore,Whitefield,Indiranagar,2023-10-22 18:13:00,,,11.29,324.56,Cancelled,Rider
T03767,D0158,R00874,Bangalore,Electronic City,Electronic City,2023-10-24 17:08:00,2023-10-24 17:12:00,2023-10-24 18:08:00,7.15,233.54,Completed,
T03768,D0167,R00709,Bangalore,Koramangala,Whitefield,2023-10-04 16:20:00,2023-10-04 16:34:00,2023-10-04 16:47:00,8.52,326.41,Completed,
T03769,D0127,R00610,Delhi,Gurgaon,Rohini,2023-10-01 03:36:00,2023-10-01 03:51:00,2023-10-01 04:58:00,13.61,402.93,Completed,
T03770,D0157,R00774,Delhi,Gurgaon,Saket,2023-10-27 07:11:00,2023-10-27 07:19:00,2023-10-27 07:58:00,10.77,314.37,Completed,
T03771,D0033,R01186,Delhi,Rohini,Connaught Place,2023-10-19 20:51:00,2023-10-19 21:06:00,2023-10-19 21:36:00,9.22,376.32,Completed,
T03772,D0142,R00760,Delhi,Gurgaon,Rohini,2023-10-12 16:56:00,2023-10-12 17:01:00,2023-10-12 18:08:00,4.3,189.63,Completed,
T03773,D0051,R01255,Mumbai,Andheri,Powai,2023-10-05 14:07:00,2023-10-05 14:21:00,2023-10-05 14:51:00,11.33,279.78,Completed,
T03774,D0149,R00204,Mumbai,Andheri,Worli,2023-10-05 09:08:00,2023-10-05 09:22:00,2023-10-05 10:17:00,6.48,201.57,Completed,
T03775,D0080,R00879,Mumbai,Bandra,Dadar,2023-10-23 15:49:00,2023-10-23 16:04:00,2023-10-23 17:13:00,3.35,111.16,Completed,
T03776,D0003,R01007,Mumbai,Bandra,Dadar,2023-10-28 13:15:00,,,7.99,266.59,Cancelled,Driver
T03777,D0061,R01659,Bangalore,Whitefield,Koramangala,2023-10-07 09:38:00,2023-10-07 09:49:00,2023-10-07 10:49:00,3.05,145.42,Completed,
T03778,D0227,R00287,Delhi,Gurgaon,Connaught Place,2023-10-10 01:03:00,,,7.29,223.91,Cancelled,Driver
T03779,D0228,R01537,Mumbai,Bandra,Powai,2023-10-03 20:57:00,2023-10-03 21:11:00,2023-10-03 21:57:00,3.0,132.24,Completed,
T03780,D0190,R00331,Mumbai,Dadar,Powai,2023-10-21 04:00:00,2023-10-21 04:04:00,2023-10-21 04:18:00,8.46,202.18,Completed,
T03781,D0063,R00627,Delhi,Gurgaon,Dwarka,2023-10-20 06:09:00,2023-10-20 06:13:00,2023-10-20 06:28:00,1.13,88.35,Completed,
T03782,D0230,R01673,Bangalore,Whitefield,HSR,2023-10-05 18:51:00,2023-10-05 18:57:00,2023-10-05 19:10:00,4.54,169.47,Completed,
T03783,D0173,R01044,Delhi,Connaught Place,Dwarka,2023-10-12 19:21:00,,,15.73,472.56,Cancelled,Driver
T03784,D0077,R00092,Delhi,Dwarka,Connaught Place,2023-10-20 00:00:00,2023-10-20 00:03:00,2023-10-20 01:11:00,7.27,250.98,Completed,
T03785,D0078,R00276,Delhi,Gurgaon,Rohini,2023-10-07 23:11:00,2023-10-07 23:21:00,2023-10-07 23:33:00,8.41,312.4,Completed,
T03786,D0109,R00393,Mumbai,Bandra,Andheri,2023-10-03 20:27:00,2023-10-03 20:42:00,2023-10-03 21:32:00,4.23,169.13,Completed,
T03787,D0156,R00263,Mumbai,Andheri,Powai,2023-10-26 20:16:00,2023-10-26 20:22:00,2023-10-26 21:14:00,13.57,318.01,Completed,
T03788,D0080,R00266,Bangalore,Koramangala,Koramangala,2023-10-30 07:40:00,2023-10-30 07:47:00,2023-10-30 08:16:00,8.27,319.81,Completed,
T03789,D0017,R00004,Mumbai,Andheri,Andheri,2023-10-17 10:33:00,,,9.63,270.48,Cancelled,Other
T03790,D0029,R01170,Delhi,Rohini,Dwarka,2023-10-14 07:15:00,2023-10-14 07:29:00,2023-10-14 08:08:00,8.87,315.48,Completed,
T03791,D0195,R01223,Bangalore,HSR,Whitefield,2023-10-22 11:56:00,,,12.15,422.29,Cancelled,Rider
T03792,D0034,R01071,Delhi,Gurgaon,Gurgaon,2023-10-22 03:05:00,2023-10-22 03:09:00,2023-10-22 04:04:00,1.4,95.68,Completed,
T03793,D0128,R00976,Delhi,Saket,Rohini,2023-10-26 05:27:00,2023-10-26 05:37:00,2023-10-26 06:14:00,14.69,366.47,Completed,
T03794,D0129,R01100,Bangalore,Koramangala,Electronic City,2023-10-10 21:49:00,2023-10-10 21:55:00,2023-10-10 22:43:00,7.33,230.45,Completed,
T03795,D0158,R00976,Delhi,Dwarka,Connaught Place,2023-10-11 03:48:00,2023-10-11 03:55:00,2023-10-11 04:37:00,6.94,221.11,Completed,
T03796,D0030,R01045,Mumbai,Andheri,Dadar,2023-10-17 10:34:00,2023-10-17 10:43:00,2023-10-17 11:52:00,5.74,237.66,Completed,
T03797,D0072,R01347,Delhi,Saket,Rohini,2023-10-11 03:57:00,2023-10-11 04:07:00,2023-10-11 04:54:00,2.78,123.72,Completed,
T03798,D0064,R00654,Delhi,Gurgaon,Rohini,2023-10-02 19:44:00,2023-10-02 19:54:00,2023-10-02 20:55:00,9.54,264.64,Completed,
T03799,D0233,R01356,Delhi,Saket,Dwarka,2023-10-09 18:29:00,2023-10-09 18:37:00,2023-10-09 19:02:00,9.04,241.24,Completed,
T03800,D0231,R00375,Bangalore,Whitefield,Koramangala,2023-10-17 11:04:00,2023-10-17 11:10:00,2023-10-17 11:57:00,7.61,268.88,Completed,
T03801,D0081,R00862,Delhi,Saket,Connaught Place,2023-10-26 15:32:00,2023-10-26 15:40:00,2023-10-26 16:44:00,11.2,328.73,Completed,
T03802,D0190,R01145,Bangalore,HSR,Indiranagar,2023-10-03 11:34:00,2023-10-03 11:40:00,2023-10-03 12:19:00,3.98,139.11,Completed,
T03803,D0092,R00655,Bangalore,HSR,HSR,2023-10-16 18:19:00,2023-10-16 18:25:00,2023-10-16 19:18:00,6.4,238.91,Completed,
T03804,D0195,R00934,Bangalore,Whitefield,Electronic City,2023-10-21 11:42:00,,,3.16,137.28,Cancelled,Other
T03805,D0249,R01495,Delhi,Dwarka,Connaught Place,2023-10-25 11:41:00,2023-10-25 11:55:00,2023-10-25 13:02:00,10.65,314.95,Completed,
T03806,D0117,R01575,Bangalore,Electronic City,HSR,2023-10-02 18:16:00,2023-10-02 18:23:00,2023-10-02 18:34:00,8.27,262.7,Completed,
T03807,D0032,R01370,Mumbai,Dadar,Worli,2023-10-04 02:19:00,2023-10-04 02:29:00,2023-10-04 03:02:00,7.97,273.72,Completed,
T03808,D0229,R01131,Delhi,Saket,Saket,2023-10-01 17:03:00,,,15.43,518.15,Cancelled,System
T03809,D0134,R01577,Mumbai,Powai,Powai,2023-10-04 17:22:00,2023-10-04 17:31:00,2023-10-04 17:49:00,10.67,319.41,Completed,
T03810,D0179,R00033,Mumbai,Andheri,Worli,2023-10-03 16:45:00,2023-10-03 16:49:00,2023-10-03 17:50:00,4.2,159.31,Completed,
T03811,D0200,R01420,Mumbai,Powai,Powai,2023-10-22 05:12:00,2023-10-22 05:27:00,2023-10-22 05:40:00,8.67,307.54,Completed,
T03812,D0119,R01086,Bangalore,Electronic City,Electronic City,2023-10-02 07:50:00,2023-10-02 07:59:00,2023-10-02 08:58:00,7.12,263.85,Completed,
T03813,D0229,R01309,Mumbai,Andheri,Powai,2023-10-30 21:54:00,2023-10-30 22:09:00,2023-10-30 22:32:00,10.77,269.04,Completed,
T03814,D0026,R01209,Bangalore,Electronic City,Indiranagar,2023-10-24 08:47:00,2023-10-24 09:01:00,2023-10-24 09:43:00,3.47,153.37,Completed,
T03815,D0216,R00216,Mumbai,Bandra,Andheri,2023-10-19 09:12:00,2023-10-19 09:23:00,2023-10-19 09:40:00,8.32,274.92,Completed,
T03816,D0110,R00542,Bangalore,HSR,Whitefield,2023-10-24 06:51:00,2023-10-24 06:55:00,2023-10-24 07:57:00,7.98,276.25,Completed,
T03817,D0131,R01673,Mumbai,Dadar,Andheri,2023-10-05 09:50:00,2023-10-05 09:54:00,2023-10-05 11:01:00,10.43,355.24,Completed,
T03818,D0070,R00317,Bangalore,HSR,Whitefield,2023-10-12 04:24:00,2023-10-12 04:38:00,2023-10-12 05:41:00,8.68,249.45,Completed,
T03819,D0076,R00431,Delhi,Saket,Dwarka,2023-10-22 08:16:00,2023-10-22 08:30:00,2023-10-22 09:01:00,12.51,251.73,Completed,
T03820,D0225,R00224,Mumbai,Andheri,Andheri,2023-10-05 03:50:00,2023-10-05 03:58:00,2023-10-05 04:24:00,9.66,317.9,Completed,
T03821,D0164,R00824,Delhi,Gurgaon,Dwarka,2023-10-02 05:30:00,2023-10-02 05:36:00,2023-10-02 06:33:00,5.14,204.89,Completed,
T03822,D0093,R00543,Bangalore,Indiranagar,Whitefield,2023-10-02 12:05:00,,,13.42,528.11,Cancelled,System
T03823,D0243,R01372,Mumbai,Bandra,Powai,2023-10-30 18:19:00,2023-10-30 18:30:00,2023-10-30 18:56:00,8.69,213.28,Completed,
T03824,D0032,R00554,Mumbai,Bandra,Dadar,2023-10-06 10:59:00,,,13.22,441.24,Cancelled,System
T03825,D0137,R01586,Delhi,Rohini,Gurgaon,2023-10-04 21:08:00,2023-10-04 21:18:00,2023-10-04 22:16:00,10.12,281.86,Completed,
T03826,D0136,R00553,Bangalore,Electronic City,Electronic City,2023-10-19 06:31:00,2023-10-19 06:42:00,2023-10-19 06:58:00,6.08,193.92,Completed,
T03827,D0248,R00759,Delhi,Gurgaon,Dwarka,2023-10-15 03:38:00,2023-10-15 03:46:00,2023-10-15 04:31:00,9.15,270.08,Completed,
T03828,D0015,R01794,Mumbai,Bandra,Worli,2023-10-24 06:20:00,2023-10-24 06:33:00,2023-10-24 07:04:00,14.7,397.24,Completed,
T03829,D0087,R01364,Delhi,Gurgaon,Connaught Place,2023-10-02 09:03:00,2023-10-02 09:13:00,2023-10-02 10:08:00,9.7,270.74,Completed,
T03830,D0211,R00604,Delhi,Dwarka,Rohini,2023-10-29 16:37:00,2023-10-29 16:52:00,2023-10-29 17:54:00,9.24,318.81,Completed,
T03831,D0181,R00561,Bangalore,Electronic City,Whitefield,2023-10-13 18:22:00,2023-10-13 18:29:00,2023-10-13 19:28:00,3.91,158.61,Completed,
T03832,D0063,R00018,Mumbai,Dadar,Worli,2023-10-27 17:29:00,2023-10-27 17:32:00,2023-10-27 18:09:00,1.99,116.13,Completed,
T03833,D0237,R00937,Delhi,Rohini,Rohini,2023-10-24 06:11:00,2023-10-24 06:25:00,2023-10-24 07:17:00,7.24,270.54,Completed,
T03834,D0119,R01335,Bangalore,HSR,Whitefield,2023-10-23 14:40:00,2023-10-23 14:51:00,2023-10-23 15:23:00,10.11,240.2,Completed,
T03835,D0026,R00322,Bangalore,HSR,HSR,2023-10-27 12:35:00,2023-10-27 12:38:00,2023-10-27 13:17:00,16.17,481.61,Completed,
T03836,D0155,R01259,Mumbai,Bandra,Bandra,2023-10-10 00:23:00,2023-10-10 00:35:00,2023-10-10 01:38:00,12.07,390.06,Completed,
T03837,D0120,R01369,Delhi,Connaught Place,Saket,2023-10-12 12:12:00,2023-10-12 12:17:00,2023-10-12 12:50:00,4.79,172.24,Completed,
T03838,D0032,R01330,Mumbai,Bandra,Worli,2023-10-10 03:51:00,2023-10-10 03:59:00,2023-10-10 04:12:00,8.92,258.28,Completed,
T03839,D0173,R00317,Mumbai,Dadar,Worli,2023-10-12 05:16:00,2023-10-12 05:23:00,2023-10-12 06:33:00,3.58,148.56,Completed,
T03840,D0040,R00542,Delhi,Gurgaon,Saket,2023-10-17 06:28:00,2023-10-17 06:38:00,2023-10-17 07:25:00,8.58,289.46,Completed,
T03841,D0087,R01457,Delhi,Gurgaon,Rohini,2023-10-12 22:47:00,,,6.35,255.66,Cancelled,System
T03842,D0225,R01454,Mumbai,Powai,Bandra,2023-10-24 01:51:00,2023-10-24 01:55:00,2023-10-24 02:36:00,6.02,215.5,Completed,
T03843,D0136,R00049,Mumbai,Bandra,Bandra,2023-10-05 20:17:00,2023-10-05 20:24:00,2023-10-05 21:31:00,13.95,304.14,Completed,
T03844,D0101,R00946,Delhi,Saket,Rohini,2023-10-10 11:55:00,,,12.4,341.07,Cancelled,Driver
T03845,D0197,R01360,Delhi,Rohini,Connaught Place,2023-10-02 09:12:00,2023-10-02 09:21:00,2023-10-02 09:52:00,11.7,347.41,Completed,
T03846,D0142,R00014,Bangalore,Indiranagar,Indiranagar,2023-10-08 10:26:00,2023-10-08 10:29:00,2023-10-08 11:01:00,0.5,72.35,Completed,
T03847,D0042,R01204,Delhi,Rohini,Dwarka,2023-10-28 10:44:00,2023-10-28 10:57:00,2023-10-28 11:28:00,9.02,255.89,Completed,
T03848,D0114,R00374,Delhi,Dwarka,Gurgaon,2023-10-07 03:16:00,2023-10-07 03:31:00,2023-10-07 03:58:00,12.26,333.01,Completed,
T03849,D0179,R00936,Bangalore,Indiranagar,Indiranagar,2023-10-15 11:43:00,2023-10-15 11:56:00,2023-10-15 13:02:00,10.94,316.69,Completed,
T03850,D0134,R00164,Delhi,Rohini,Connaught Place,2023-10-21 01:06:00,,,3.16,125.41,Cancelled,Rider
T03851,D0036,R00397,Bangalore,HSR,Electronic City,2023-10-01 13:01:00,2023-10-01 13:05:00,2023-10-01 13:31:00,1.79,105.53,Completed,
T03852,D0171,R01792,Mumbai,Dadar,Andheri,2023-10-26 21:46:00,2023-10-26 21:54:00,2023-10-26 22:17:00,17.49,468.54,Completed,
T03853,D0122,R01163,Mumbai,Worli,Bandra,2023-10-17 05:21:00,2023-10-17 05:24:00,2023-10-17 06:09:00,12.18,355.82,Completed,
T03854,D0117,R00976,Bangalore,Electronic City,Indiranagar,2023-10-26 07:25:00,2023-10-26 07:33:00,2023-10-26 07:46:00,5.87,180.53,Completed,
T03855,D0116,R01254,Bangalore,Whitefield,Indiranagar,2023-10-22 06:10:00,,,10.06,300.78,Cancelled,Rider
T03856,D0190,R01402,Mumbai,Dadar,Powai,2023-10-04 21:32:00,2023-10-04 21:47:00,2023-10-04 22:07:00,3.97,187.65,Completed,
T03857,D0213,R00001,Delhi,Gurgaon,Connaught Place,2023-10-30 01:51:00,,,10.74,332.6,Cancelled,Driver
T03858,D0045,R01543,Mumbai,Andheri,Worli,2023-10-07 20:39:00,2023-10-07 20:44:00,2023-10-07 21:54:00,5.94,186.09,Completed,
T03859,D0089,R00847,Delhi,Connaught Place,Dwarka,2023-10-13 17:02:00,2023-10-13 17:10:00,2023-10-13 17:56:00,3.78,142.16,Completed,
T03860,D0020,R01478,Bangalore,Whitefield,HSR,2023-10-10 13:03:00,2023-10-10 13:15:00,2023-10-10 13:58:00,11.74,258.52,Completed,
T03861,D0093,R01678,Bangalore,Electronic City,Electronic City,2023-10-21 22:42:00,2023-10-21 22:48:00,2023-10-21 22:58:00,6.58,212.46,Completed,
T03862,D0204,R00689,Delhi,Connaught Place,Dwarka,2023-10-03 13:55:00,2023-10-03 13:59:00,2023-10-03 14:38:00,13.95,410.2,Completed,
T03863,D0032,R01011,Delhi,Rohini,Gurgaon,2023-10-13 17:28:00,,,9.63,295.84,Cancelled,Other
T03864,D0084,R00694,Delhi,Gurgaon,Connaught Place,2023-10-23 01:18:00,2023-10-23 01:21:00,2023-10-23 02:08:00,0.5,71.25,Completed,
T03865,D0012,R00845,Mumbai,Worli,Powai,2023-10-16 06:11:00,2023-10-16 06:17:00,2023-10-16 06:52:00,10.54,283.7,Completed,
T03866,D0033,R00256,Delhi,Rohini,Dwarka,2023-10-18 21:38:00,2023-10-18 21:42:00,2023-10-18 22:26:00,0.5,72.45,Completed,
T03867,D0204,R00095,Bangalore,HSR,Whitefield,2023-10-15 00:55:00,,,9.26,338.0,Cancelled,System
T03868,D0125,R01239,Bangalore,Indiranagar,Electronic City,2023-10-05 19:49:00,,,8.32,289.77,Cancelled,System
T03869,D0109,R00526,Mumbai,Andheri,Dadar,2023-10-05 20:27:00,2023-10-05 20:36:00,2023-10-05 21:14:00,14.08,369.73,Completed,
T03870,D0173,R01092,Delhi,Rohini,Saket,2023-10-26 11:23:00,,,4.32,178.01,Cancelled,System
T03871,D0020,R00938,Mumbai,Bandra,Dadar,2023-10-29 05:51:00,,,11.94,383.15,Cancelled,Other
T03872,D0130,R00650,Mumbai,Bandra,Dadar,2023-10-05 04:06:00,2023-10-05 04:17:00,2023-10-05 05:06:00,8.96,330.97,Completed,
T03873,D0019,R00884,Mumbai,Powai,Powai,2023-10-03 09:13:00,,,8.0,281.77,Cancelled,Driver
T03874,D0134,R00899,Delhi,Gurgaon,Connaught Place,2023-10-28 04:46:00,,,11.27,326.17,Cancelled,Rider
T03875,D0001,R00140,Mumbai,Worli,Dadar,2023-10-21 01:01:00,2023-10-21 01:10:00,2023-10-21 01:42:00,3.2,141.88,Completed,
T03876,D0202,R01551,Mumbai,Andheri,Bandra,2023-10-18 22:15:00,2023-10-18 22:27:00,2023-10-18 22:45:00,17.05,473.17,Completed,
T03877,D0121,R00289,Delhi,Rohini,Saket,2023-10-08 05:42:00,,,15.25,417.51,Cancelled,Driver
T03878,D0019,R00938,Mumbai,Worli,Worli,2023-10-09 09:37:00,2023-10-09 09:52:00,2023-10-09 10:23:00,8.5,280.43,Completed,
T03879,D0030,R00796,Mumbai,Dadar,Andheri,2023-10-27 17:08:00,2023-10-27 17:16:00,2023-10-27 18:15:00,10.64,354.24,Completed,
T03880,D0139,R01006,Bangalore,Electronic City,Indiranagar,2023-10-27 09:52:00,2023-10-27 10:00:00,2023-10-27 11:08:00,13.47,309.46,Completed,
T03881,D0156,R01682,Mumbai,Bandra,Dadar,2023-10-30 17:38:00,2023-10-30 17:45:00,2023-10-30 17:59:00,9.46,293.79,Completed,
T03882,D0049,R01263,Mumbai,Worli,Dadar,2023-10-30 18:36:00,2023-10-30 18:47:00,2023-10-30 19:14:00,4.25,164.48,Completed,
T03883,D0209,R00091,Delhi,Connaught Place,Saket,2023-10-21 01:53:00,,,7.88,200.55,Cancelled,Other
T03884,D0026,R00065,Mumbai,Andheri,Powai,2023-10-18 04:08:00,,,9.2,263.0,Cancelled,Other
T03885,D0021,R00794,Delhi,Gurgaon,Saket,2023-10-27 21:48:00,2023-10-27 21:55:00,2023-10-27 22:17:00,1.89,87.42,Completed,
T03886,D0212,R00895,Bangalore,Indiranagar,Koramangala,2023-10-29 23:41:00,,,5.02,201.6,Cancelled,Other
T03887,D0182,R00768,Mumbai,Worli,Dadar,2023-10-22 18:06:00,2023-10-22 18:14:00,2023-10-22 18:40:00,8.36,272.54,Completed,
T03888,D0135,R00562,Mumbai,Bandra,Dadar,2023-10-06 13:11:00,2023-10-06 13:18:00,2023-10-06 13:32:00,8.92,225.83,Completed,
T03889,D0226,R01031,Delhi,Gurgaon,Saket,2023-10-17 10:54:00,2023-10-17 11:08:00,2023-10-17 11:56:00,10.27,324.41,Completed,
T03890,D0054,R00280,Bangalore,Indiranagar,Indiranagar,2023-10-20 00:51:00,2023-10-20 01:04:00,2023-10-20 01:24:00,7.54,231.44,Completed,
T03891,D0214,R00644,Delhi,Gurgaon,Connaught Place,2023-10-27 15:13:00,2023-10-27 15:18:00,2023-10-27 15:35:00,14.38,355.59,Completed,
T03892,D0179,R00014,Bangalore,HSR,HSR,2023-10-21 23:33:00,2023-10-21 23:46:00,2023-10-22 00:40:00,11.03,449.12,Completed,
T03893,D0237,R00745,Delhi,Rohini,Connaught Place,2023-10-12 18:25:00,2023-10-12 18:35:00,2023-10-12 18:49:00,0.55,76.16,Completed,
T03894,D0167,R01207,Delhi,Dwarka,Gurgaon,2023-10-22 03:31:00,2023-10-22 03:40:00,2023-10-22 04:25:00,5.91,220.34,Completed,
T03895,D0103,R01007,Bangalore,Whitefield,Whitefield,2023-10-05 11:50:00,2023-10-05 12:03:00,2023-10-05 12:38:00,8.22,233.94,Completed,
T03896,D0185,R01152,Mumbai,Powai,Bandra,2023-10-22 13:33:00,2023-10-22 13:42:00,2023-10-22 13:54:00,6.03,221.47,Completed,
T03897,D0172,R00637,Bangalore,HSR,HSR,2023-10-23 18:16:00,2023-10-23 18:28:00,2023-10-23 19:05:00,5.37,219.99,Completed,
T03898,D0126,R01084,Bangalore,Indiranagar,Electronic City,2023-10-04 05:07:00,2023-10-04 05:18:00,2023-10-04 05:59:00,7.19,278.82,Completed,
T03899,D0125,R00291,Delhi,Dwarka,Connaught Place,2023-10-23 19:31:00,,,5.2,193.5,Cancelled,System
T03900,D0176,R01219,Mumbai,Worli,Dadar,2023-10-04 12:06:00,2023-10-04 12:18:00,2023-10-04 12:38:00,7.76,260.82,Completed,
T03901,D0166,R01640,Delhi,Saket,Dwarka,2023-10-11 13:34:00,2023-10-11 13:37:00,2023-10-11 14:11:00,9.2,261.16,Completed,
T03902,D0221,R01639,Mumbai,Andheri,Powai,2023-10-19 21:09:00,,,8.83,290.07,Cancelled,Rider
T03903,D0050,R01681,Bangalore,Koramangala,Koramangala,2023-10-03 12:44:00,2023-10-03 12:50:00,2023-10-03 13:15:00,2.99,87.81,Completed,
T03904,D0206,R00516,Bangalore,Electronic City,Electronic City,2023-10-06 02:22:00,,,8.43,277.75,Cancelled,System
T03905,D0134,R01167,Mumbai,Dadar,Andheri,2023-10-16 14:47:00,2023-10-16 14:55:00,2023-10-16 15:14:00,4.23,184.63,Completed,
T03906,D0071,R01449,Mumbai,Worli,Bandra,2023-10-04 09:43:00,2023-10-04 09:51:00,2023-10-04 10:30:00,1.21,83.08,Completed,
T03907,D0240,R00935,Mumbai,Andheri,Bandra,2023-10-04 07:34:00,2023-10-04 07:47:00,2023-10-04 08:29:00,3.98,150.77,Completed,
T03908,D0249,R00417,Mumbai,Worli,Worli,2023-10-16 21:18:00,2023-10-16 21:24:00,2023-10-16 22:16:00,3.57,158.33,Completed,
T03909,D0112,R01398,Mumbai,Dadar,Andheri,2023-10-25 10:45:00,2023-10-25 10:50:00,2023-10-25 11:20:00,13.79,438.15,Completed,
T03910,D0154,R00265,Delhi,Rohini,Saket,2023-10-06 13:59:00,2023-10-06 14:13:00,2023-10-06 14:50:00,6.82,223.9,Completed,
T03911,D0163,R01642,Delhi,Gurgaon,Rohini,2023-10-14 22:48:00,2023-10-14 22:54:00,2023-10-14 23:29:00,7.8,236.87,Completed,
T03912,D0135,R00392,Bangalore,Whitefield,Whitefield,2023-10-20 15:26:00,,,10.88,289.07,Cancelled,Other
T03913,D0227,R01342,Delhi,Saket,Connaught Place,2023-10-28 14:08:00,,,15.41,513.27,Cancelled,Rider
T03914,D0174,R01770,Delhi,Dwarka,Connaught Place,2023-10-03 15:29:00,2023-10-03 15:43:00,2023-10-03 16:36:00,2.76,114.1,Completed,
T03915,D0245,R01763,Bangalore,HSR,Koramangala,2023-10-25 13:51:00,2023-10-25 13:55:00,2023-10-25 14:54:00,13.31,492.13,Completed,
T03916,D0163,R00625,Delhi,Rohini,Saket,2023-10-02 21:17:00,2023-10-02 21:22:00,2023-10-02 22:24:00,4.24,190.28,Completed,
T03917,D0039,R01622,Delhi,Dwarka,Gurgaon,2023-10-09 07:44:00,2023-10-09 07:50:00,2023-10-09 08:40:00,5.25,205.26,Completed,
T03918,D0010,R00662,Bangalore,Indiranagar,Electronic City,2023-10-17 01:21:00,2023-10-17 01:30:00,2023-10-17 01:48:00,6.97,278.2,Completed,
T03919,D0004,R01080,Bangalore,HSR,Koramangala,2023-10-13 14:01:00,2023-10-13 14:13:00,2023-10-13 15:11:00,6.34,201.26,Completed,
T03920,D0229,R01543,Delhi,Rohini,Connaught Place,2023-10-13 10:54:00,2023-10-13 11:01:00,2023-10-13 11:23:00,10.56,350.71,Completed,
T03921,D0095,R00506,Mumbai,Bandra,Worli,2023-10-13 17:51:00,2023-10-13 18:05:00,2023-10-13 19:10:00,13.7,381.69,Completed,
T03922,D0164,R00287,Bangalore,HSR,HSR,2023-10-27 14:09:00,,,2.0,104.38,Cancelled,Driver
T03923,D0238,R00992,Bangalore,Koramangala,Electronic City,2023-10-14 18:10:00,2023-10-14 18:13:00,2023-10-14 18:52:00,15.98,531.25,Completed,
T03924,D0174,R01782,Bangalore,Whitefield,Whitefield,2023-10-11 17:20:00,2023-10-11 17:25:00,2023-10-11 18:23:00,4.99,140.95,Completed,
T03925,D0057,R00897,Delhi,Dwarka,Saket,2023-10-30 06:24:00,2023-10-30 06:33:00,2023-10-30 06:47:00,6.62,241.67,Completed,
T03926,D0243,R00959,Mumbai,Andheri,Bandra,2023-10-22 15:43:00,2023-10-22 15:47:00,2023-10-22 16:15:00,6.31,246.87,Completed,
T03927,D0110,R01581,Mumbai,Worli,Bandra,2023-10-19 11:46:00,2023-10-19 11:52:00,2023-10-19 12:53:00,10.84,310.39,Completed,
T03928,D0046,R00121,Delhi,Connaught Place,Dwarka,2023-10-13 02:49:00,2023-10-13 02:53:00,2023-10-13 03:25:00,10.58,331.79,Completed,
T03929,D0163,R01518,Mumbai,Worli,Worli,2023-10-11 03:07:00,2023-10-11 03:19:00,2023-10-11 04:23:00,10.73,336.1,Completed,
T03930,D0130,R01444,Delhi,Gurgaon,Connaught Place,2023-10-16 01:03:00,2023-10-16 01:09:00,2023-10-16 01:32:00,7.47,278.32,Completed,
T03931,D0222,R01230,Bangalore,Koramangala,Indiranagar,2023-10-28 10:39:00,2023-10-28 10:43:00,2023-10-28 11:37:00,12.71,392.72,Completed,
T03932,D0154,R00180,Mumbai,Powai,Bandra,2023-10-16 18:37:00,2023-10-16 18:47:00,2023-10-16 19:39:00,7.25,215.25,Completed,
T03933,D0108,R01754,Bangalore,HSR,Electronic City,2023-10-05 01:50:00,,,9.46,318.31,Cancelled,Other
T03934,D0001,R00442,Bangalore,Whitefield,HSR,2023-10-03 02:05:00,2023-10-03 02:12:00,2023-10-03 03:18:00,9.81,283.28,Completed,
T03935,D0054,R01205,Mumbai,Andheri,Powai,2023-10-12 10:08:00,2023-10-12 10:23:00,2023-10-12 10:59:00,8.46,227.93,Completed,
T03936,D0177,R01289,Bangalore,Indiranagar,Indiranagar,2023-10-08 02:43:00,2023-10-08 02:46:00,2023-10-08 03:25:00,8.93,281.22,Completed,
T03937,D0184,R01285,Mumbai,Worli,Dadar,2023-10-19 02:41:00,2023-10-19 02:44:00,2023-10-19 03:48:00,6.63,252.53,Completed,
T03938,D0172,R01538,Delhi,Rohini,Dwarka,2023-10-15 13:05:00,2023-10-15 13:11:00,2023-10-15 13:55:00,16.85,533.29,Completed,
T03939,D0012,R00288,Bangalore,HSR,Electronic City,2023-10-01 15:34:00,2023-10-01 15:40:00,2023-10-01 16:30:00,13.28,345.59,Completed,
T03940,D0166,R00825,Delhi,Rohini,Gurgaon,2023-10-20 07:15:00,,,16.06,406.04,Cancelled,System
T03941,D0123,R00495,Mumbai,Powai,Powai,2023-10-06 11:43:00,2023-10-06 11:56:00,2023-10-06 12:07:00,2.87,106.96,Completed,
T03942,D0056,R01616,Mumbai,Dadar,Worli,2023-10-30 00:33:00,2023-10-30 00:41:00,2023-10-30 01:32:00,6.74,180.0,Completed,
T03943,D0086,R00641,Mumbai,Dadar,Bandra,2023-10-03 23:03:00,2023-10-03 23:07:00,2023-10-03 23:46:00,6.23,224.62,Completed,
T03944,D0210,R00811,Mumbai,Worli,Dadar,2023-10-04 02:15:00,,,3.8,174.91,Cancelled,Other
T03945,D0093,R00086,Mumbai,Bandra,Bandra,2023-10-26 18:34:00,,,2.58,134.41,Cancelled,Driver
T03946,D0040,R01306,Mumbai,Bandra,Andheri,2023-10-15 07:49:00,2023-10-15 08:00:00,2023-10-15 08:26:00,12.11,296.74,Completed,
T03947,D0041,R00694,Bangalore,HSR,Whitefield,2023-10-26 15:59:00,2023-10-26 16:13:00,2023-10-26 16:39:00,11.2,314.11,Completed,
T03948,D0095,R00993,Delhi,Saket,Saket,2023-10-29 20:23:00,,,10.34,374.58,Cancelled,Rider
T03949,D0018,R01268,Bangalore,Whitefield,Koramangala,2023-10-13 10:12:00,2023-10-13 10:15:00,2023-10-13 10:36:00,11.65,335.57,Completed,
T03950,D0057,R00034,Delhi,Gurgaon,Dwarka,2023-10-04 12:37:00,2023-10-04 12:42:00,2023-10-04 12:59:00,11.5,398.38,Completed,
T03951,D0194,R00341,Mumbai,Worli,Powai,2023-10-30 01:16:00,2023-10-30 01:28:00,2023-10-30 01:47:00,13.16,339.91,Completed,
T03952,D0184,R00273,Bangalore,Electronic City,HSR,2023-10-04 22:58:00,,,3.84,124.83,Cancelled,Other
T03953,D0207,R01236,Bangalore,Koramangala,Electronic City,2023-10-21 23:23:00,2023-10-21 23:31:00,2023-10-21 23:53:00,5.26,169.1,Completed,
T03954,D0240,R00938,Mumbai,Worli,Andheri,2023-10-25 12:10:00,2023-10-25 12:20:00,2023-10-25 12:55:00,11.84,355.68,Completed,
T03955,D0130,R01245,Bangalore,HSR,Electronic City,2023-10-20 22:44:00,2023-10-20 22:53:00,2023-10-20 23:27:00,7.1,265.97,Completed,
T03956,D0238,R00431,Bangalore,Electronic City,Whitefield,2023-10-20 15:14:00,2023-10-20 15:27:00,2023-10-20 15:56:00,18.98,540.59,Completed,
T03957,D0225,R00687,Delhi,Gurgaon,Dwarka,2023-10-08 05:25:00,2023-10-08 05:36:00,2023-10-08 06:06:00,4.51,195.67,Completed,
T03958,D0110,R01538,Mumbai,Bandra,Bandra,2023-10-29 19:38:00,2023-10-29 19:47:00,2023-10-29 20:33:00,5.97,211.47,Completed,
T03959,D0115,R01696,Bangalore,Whitefield,Electronic City,2023-10-15 21:36:00,2023-10-15 21:43:00,2023-10-15 22:38:00,10.13,338.78,Completed,
T03960,D0183,R00363,Delhi,Dwarka,Dwarka,2023-10-28 13:37:00,2023-10-28 13:44:00,2023-10-28 14:23:00,14.76,405.87,Completed,
T03961,D0065,R00095,Mumbai,Powai,Andheri,2023-10-30 00:54:00,,,12.61,368.09,Cancelled,Driver
T03962,D0187,R01052,Mumbai,Dadar,Bandra,2023-10-28 06:48:00,2023-10-28 06:57:00,2023-10-28 08:02:00,9.57,305.5,Completed,
T03963,D0099,R01262,Delhi,Dwarka,Rohini,2023-10-25 23:32:00,2023-10-25 23:42:00,2023-10-26 00:52:00,8.35,217.26,Completed,
T03964,D0229,R00171,Mumbai,Worli,Dadar,2023-10-28 11:48:00,,,13.65,342.75,Cancelled,System
T03965,D0107,R01150,Delhi,Gurgaon,Dwarka,2023-10-15 17:54:00,2023-10-15 17:57:00,2023-10-15 19:01:00,8.93,313.15,Completed,
T03966,D0061,R00810,Delhi,Gurgaon,Dwarka,2023-10-30 20:16:00,,,3.68,146.91,Cancelled,Driver
T03967,D0108,R00417,Mumbai,Dadar,Dadar,2023-10-22 08:10:00,2023-10-22 08:25:00,2023-10-22 09:33:00,10.43,264.16,Completed,
T03968,D0162,R00328,Delhi,Connaught Place,Connaught Place,2023-10-12 06:33:00,,,8.24,265.29,Cancelled,Rider
T03969,D0025,R00493,Mumbai,Worli,Andheri,2023-10-10 18:54:00,2023-10-10 19:07:00,2023-10-10 19:26:00,7.83,261.59,Completed,
T03970,D0056,R01557,Mumbai,Bandra,Andheri,2023-10-07 21:55:00,2023-10-07 22:04:00,2023-10-07 22:54:00,10.99,410.55,Completed,
T03971,D0152,R00251,Mumbai,Worli,Worli,2023-10-01 05:19:00,2023-10-01 05:24:00,2023-10-01 05:49:00,12.54,401.2,Completed,
T03972,D0048,R01738,Mumbai,Bandra,Andheri,2023-10-23 00:33:00,2023-10-23 00:45:00,2023-10-23 00:56:00,12.75,424.94,Completed,
T03973,D0125,R00016,Delhi,Connaught Place,Connaught Place,2023-10-21 18:37:00,2023-10-21 18:51:00,2023-10-21 19:01:00,4.29,180.58,Completed,
T03974,D0164,R01780,Delhi,Rohini,Dwarka,2023-10-27 11:31:00,,,8.42,187.72,Cancelled,Other
T03975,D0218,R01046,Bangalore,Whitefield,Koramangala,2023-10-14 09:09:00,2023-10-14 09:24:00,2023-10-14 10:29:00,9.39,409.99,Completed,
T03976,D0081,R00953,Mumbai,Andheri,Worli,2023-10-04 07:26:00,2023-10-04 07:30:00,2023-10-04 07:47:00,4.23,166.57,Completed,
T03977,D0035,R00522,Mumbai,Andheri,Andheri,2023-10-01 11:47:00,2023-10-01 11:50:00,2023-10-01 12:54:00,5.99,206.58,Completed,
T03978,D0169,R00580,Delhi,Gurgaon,Connaught Place,2023-10-11 19:19:00,,,8.39,265.16,Cancelled,Rider
T03979,D0043,R01230,Bangalore,Indiranagar,Indiranagar,2023-10-10 07:48:00,2023-10-10 07:56:00,2023-10-10 09:01:00,8.18,259.99,Completed,
T03980,D0140,R00924,Mumbai,Dadar,Bandra,2023-10-04 11:05:00,2023-10-04 11:10:00,2023-10-04 12:05:00,5.77,168.94,Completed,
T03981,D0168,R00203,Mumbai,Dadar,Dadar,2023-10-07 17:10:00,,,9.78,293.3,Cancelled,Driver
T03982,D0186,R00792,Delhi,Saket,Connaught Place,2023-10-16 18:16:00,2023-10-16 18:22:00,2023-10-16 18:42:00,0.5,71.71,Completed,
T03983,D0103,R01699,Bangalore,Electronic City,Whitefield,2023-10-04 19:08:00,2023-10-04 19:18:00,2023-10-04 20:18:00,14.03,475.65,Completed,
T03984,D0244,R00814,Delhi,Rohini,Dwarka,2023-10-07 04:13:00,2023-10-07 04:19:00,2023-10-07 05:01:00,9.27,306.79,Completed,
T03985,D0060,R00172,Mumbai,Dadar,Powai,2023-10-21 03:14:00,2023-10-21 03:26:00,2023-10-21 03:55:00,9.05,295.43,Completed,
T03986,D0220,R00159,Bangalore,Electronic City,Electronic City,2023-10-30 03:49:00,2023-10-30 04:04:00,2023-10-30 04:26:00,9.08,285.11,Completed,
T03987,D0016,R01081,Mumbai,Powai,Worli,2023-10-04 09:06:00,2023-10-04 09:14:00,2023-10-04 09:24:00,11.98,366.76,Completed,
T03988,D0141,R01017,Mumbai,Worli,Powai,2023-10-08 10:55:00,2023-10-08 11:01:00,2023-10-08 12:01:00,12.43,347.44,Completed,
T03989,D0157,R00049,Mumbai,Dadar,Dadar,2023-10-21 13:47:00,2023-10-21 14:01:00,2023-10-21 14:25:00,7.98,218.86,Completed,
T03990,D0213,R00016,Mumbai,Andheri,Dadar,2023-10-14 09:15:00,2023-10-14 09:23:00,2023-10-14 10:18:00,11.16,325.88,Completed,
T03991,D0043,R01124,Bangalore,Indiranagar,Electronic City,2023-10-21 02:38:00,2023-10-21 02:52:00,2023-10-21 03:10:00,4.92,171.04,Completed,
T03992,D0217,R00185,Bangalore,Indiranagar,Koramangala,2023-10-06 08:40:00,2023-10-06 08:48:00,2023-10-06 09:04:00,10.27,304.86,Completed,
T03993,D0008,R01266,Bangalore,Electronic City,Koramangala,2023-10-12 15:12:00,2023-10-12 15:15:00,2023-10-12 15:29:00,9.82,341.88,Completed,
T03994,D0046,R01307,Mumbai,Powai,Dadar,2023-10-02 08:11:00,2023-10-02 08:24:00,2023-10-02 09:04:00,7.31,248.95,Completed,
T03995,D0118,R00901,Bangalore,Electronic City,Whitefield,2023-10-05 00:54:00,2023-10-05 01:09:00,2023-10-05 02:13:00,4.6,189.31,Completed,
T03996,D0104,R01699,Delhi,Connaught Place,Saket,2023-10-26 07:27:00,,,7.32,233.71,Cancelled,System
T03997,D0007,R01347,Delhi,Gurgaon,Connaught Place,2023-10-28 11:54:00,2023-10-28 12:00:00,2023-10-28 12:44:00,6.7,266.4,Completed,
T03998,D0234,R00687,Delhi,Saket,Saket,2023-10-03 20:12:00,2023-10-03 20:19:00,2023-10-03 21:21:00,18.25,512.67,Completed,
T03999,D0119,R00549,Delhi,Gurgaon,Saket,2023-10-19 07:13:00,2023-10-19 07:21:00,2023-10-19 07:39:00,12.83,341.51,Completed,
T04000,D0025,R00628,Delhi,Rohini,Connaught Place,2023-10-02 07:39:00,2023-10-02 07:49:00,2023-10-02 08:26:00,2.07,105.67,Completed,
T04001,D0195,R00009,Mumbai,Powai,Powai,2023-10-22 05:45:00,2023-10-22 05:51:00,2023-10-22 06:36:00,10.09,329.07,Completed,
T04002,D0116,R01766,Bangalore,Indiranagar,Indiranagar,2023-10-14 21:30:00,2023-10-14 21:35:00,2023-10-14 22:05:00,10.83,371.73,Completed,
T04003,D0235,R01074,Bangalore,Electronic City,Electronic City,2023-10-29 02:13:00,2023-10-29 02:24:00,2023-10-29 02:51:00,3.29,131.67,Completed,
T04004,D0093,R01245,Mumbai,Bandra,Bandra,2023-10-11 17:28:00,2023-10-11 17:33:00,2023-10-11 18:22:00,0.5,72.54,Completed,
T04005,D0180,R00523,Delhi,Connaught Place,Gurgaon,2023-10-16 10:46:00,2023-10-16 11:00:00,2023-10-16 12:07:00,8.21,259.86,Completed,
T04006,D0129,R00632,Bangalore,Whitefield,HSR,2023-10-27 04:24:00,2023-10-27 04:39:00,2023-10-27 05:22:00,2.89,140.69,Completed,
T04007,D0069,R01481,Delhi,Saket,Rohini,2023-10-14 00:23:00,2023-10-14 00:29:00,2023-10-14 00:59:00,3.4,150.05,Completed,
T04008,D0155,R00341,Bangalore,Indiranagar,Whitefield,2023-10-11 21:52:00,2023-10-11 22:02:00,2023-10-11 22:37:00,8.06,228.24,Completed,
T04009,D0250,R00007,Bangalore,Whitefield,Indiranagar,2023-10-16 04:15:00,,,8.94,309.35,Cancelled,System
T04010,D0106,R01416,Bangalore,Indiranagar,Koramangala,2023-10-05 17:59:00,2023-10-05 18:03:00,2023-10-05 18:29:00,8.68,337.36,Completed,
T04011,D0177,R00852,Mumbai,Bandra,Dadar,2023-10-19 03:06:00,2023-10-19 03:11:00,2023-10-19 04:16:00,17.06,353.21,Completed,
T04012,D0143,R00581,Bangalore,HSR,HSR,2023-10-25 00:54:00,2023-10-25 01:04:00,2023-10-25 01:16:00,10.5,304.46,Completed,
T04013,D0205,R00555,Mumbai,Powai,Bandra,2023-10-17 12:34:00,2023-10-17 12:41:00,2023-10-17 13:04:00,7.99,193.53,Completed,
T04014,D0027,R00681,Bangalore,Whitefield,HSR,2023-10-04 12:38:00,2023-10-04 12:45:00,2023-10-04 13:31:00,8.0,301.72,Completed,
T04015,D0162,R00615,Bangalore,Whitefield,Indiranagar,2023-10-04 16:31:00,2023-10-04 16:44:00,2023-10-04 17:43:00,8.01,240.48,Completed,
T04016,D0231,R01541,Delhi,Saket,Gurgaon,2023-10-05 23:46:00,2023-10-05 23:55:00,2023-10-06 00:22:00,9.53,313.97,Completed,
T04017,D0170,R00356,Bangalore,HSR,Whitefield,2023-10-12 10:53:00,2023-10-12 11:04:00,2023-10-12 11:42:00,10.85,383.83,Completed,
T04018,D0083,R01567,Delhi,Gurgaon,Connaught Place,2023-10-10 07:08:00,2023-10-10 07:18:00,2023-10-10 07:51:00,13.14,348.42,Completed,
T04019,D0219,R01334,Mumbai,Andheri,Worli,2023-10-11 21:59:00,2023-10-11 22:06:00,2023-10-11 22:39:00,1.39,96.98,Completed,
T04020,D0123,R00100,Bangalore,HSR,Whitefield,2023-10-13 15:36:00,,,11.19,401.03,Cancelled,Rider
T04021,D0067,R00188,Delhi,Dwarka,Rohini,2023-10-08 19:20:00,2023-10-08 19:34:00,2023-10-08 20:16:00,9.02,299.06,Completed,
T04022,D0232,R00345,Mumbai,Powai,Bandra,2023-10-14 15:31:00,,,8.28,226.05,Cancelled,Other
T04023,D0210,R00862,Delhi,Gurgaon,Saket,2023-10-03 03:49:00,2023-10-03 03:52:00,2023-10-03 04:29:00,13.47,360.44,Completed,
T04024,D0097,R00634,Bangalore,Electronic City,Koramangala,2023-10-02 04:55:00,2023-10-02 05:09:00,2023-10-02 05:47:00,5.08,175.21,Completed,
T04025,D0133,R00791,Bangalore,HSR,Koramangala,2023-10-03 21:45:00,,,3.43,133.48,Cancelled,Driver
T04026,D0218,R00221,Mumbai,Bandra,Powai,2023-10-04 12:40:00,2023-10-04 12:43:00,2023-10-04 12:59:00,5.07,193.92,Completed,
T04027,D0187,R01560,Bangalore,Koramangala,Indiranagar,2023-10-07 07:35:00,,,9.55,304.37,Cancelled,System
T04028,D0143,R01309,Mumbai,Bandra,Andheri,2023-10-08 12:17:00,,,5.5,181.79,Cancelled,Rider
T04029,D0142,R00605,Bangalore,Indiranagar,HSR,2023-10-03 17:37:00,2023-10-03 17:49:00,2023-10-03 18:34:00,14.32,463.76,Completed,
T04030,D0159,R00928,Bangalore,Electronic City,HSR,2023-10-22 00:43:00,2023-10-22 00:56:00,2023-10-22 01:54:00,4.51,189.49,Completed,
T04031,D0239,R00528,Bangalore,Whitefield,Koramangala,2023-10-02 11:24:00,2023-10-02 11:31:00,2023-10-02 11:49:00,10.03,317.69,Completed,
T04032,D0058,R00139,Delhi,Rohini,Gurgaon,2023-10-22 15:34:00,,,11.53,411.36,Cancelled,Other
T04033,D0133,R01229,Mumbai,Powai,Dadar,2023-10-08 17:18:00,2023-10-08 17:32:00,2023-10-08 18:37:00,12.12,296.66,Completed,
T04034,D0179,R01247,Mumbai,Worli,Bandra,2023-10-22 09:57:00,2023-10-22 10:11:00,2023-10-22 11:09:00,15.26,361.87,Completed,
T04035,D0008,R01231,Delhi,Gurgaon,Dwarka,2023-10-11 10:48:00,2023-10-11 11:01:00,2023-10-11 12:03:00,3.27,141.87,Completed,
T04036,D0112,R01202,Mumbai,Bandra,Worli,2023-10-21 04:30:00,2023-10-21 04:33:00,2023-10-21 05:06:00,6.37,252.31,Completed,
T04037,D0027,R00115,Mumbai,Bandra,Powai,2023-10-25 08:53:00,2023-10-25 08:59:00,2023-10-25 09:45:00,9.51,228.27,Completed,
T04038,D0224,R01296,Mumbai,Dadar,Dadar,2023-10-02 03:45:00,2023-10-02 03:54:00,2023-10-02 04:43:00,5.38,215.98,Completed,
T04039,D0219,R00805,Delhi,Connaught Place,Saket,2023-10-01 16:28:00,2023-10-01 16:38:00,2023-10-01 17:46:00,9.32,324.01,Completed,
T04040,D0205,R00339,Mumbai,Bandra,Dadar,2023-10-04 17:26:00,2023-10-04 17:31:00,2023-10-04 18:05:00,12.91,404.05,Completed,
T04041,D0074,R01751,Mumbai,Powai,Powai,2023-10-30 19:52:00,,,0.5,71.82,Cancelled,Rider
T04042,D0016,R00831,Delhi,Rohini,Dwarka,2023-10-14 08:27:00,2023-10-14 08:33:00,2023-10-14 09:03:00,13.93,399.98,Completed,
T04043,D0206,R01210,Mumbai,Powai,Andheri,2023-10-08 04:00:00,2023-10-08 04:15:00,2023-10-08 05:11:00,8.75,338.97,Completed,
T04044,D0236,R00458,Mumbai,Dadar,Powai,2023-10-19 23:51:00,2023-10-20 00:01:00,2023-10-20 01:08:00,4.02,181.59,Completed,
T04045,D0187,R00678,Delhi,Gurgaon,Rohini,2023-10-17 01:09:00,,,9.4,307.35,Cancelled,Rider
T04046,D0204,R00665,Mumbai,Bandra,Bandra,2023-10-21 20:13:00,2023-10-21 20:23:00,2023-10-21 21:24:00,7.45,236.72,Completed,
T04047,D0193,R01736,Mumbai,Dadar,Powai,2023-10-27 19:19:00,2023-10-27 19:32:00,2023-10-27 20:30:00,9.95,337.13,Completed,
T04048,D0202,R01155,Bangalore,Electronic City,Koramangala,2023-10-10 12:18:00,2023-10-10 12:30:00,2023-10-10 13:40:00,2.47,122.09,Completed,
T04049,D0210,R00121,Bangalore,Electronic City,HSR,2023-10-03 17:46:00,2023-10-03 17:56:00,2023-10-03 18:06:00,5.35,191.94,Completed,
T04050,D0147,R01516,Bangalore,HSR,Whitefield,2023-10-16 14:05:00,2023-10-16 14:14:00,2023-10-16 15:00:00,11.54,334.94,Completed,
T04051,D0215,R01246,Mumbai,Dadar,Dadar,2023-10-11 01:48:00,2023-10-11 01:54:00,2023-10-11 02:47:00,5.12,215.02,Completed,
T04052,D0086,R00890,Delhi,Dwarka,Connaught Place,2023-10-12 06:30:00,2023-10-12 06:35:00,2023-10-12 07:31:00,8.17,276.44,Completed,
T04053,D0131,R00835,Mumbai,Andheri,Andheri,2023-10-03 17:02:00,2023-10-03 17:08:00,2023-10-03 17:34:00,15.5,462.89,Completed,
T04054,D0128,R00784,Delhi,Rohini,Gurgaon,2023-10-28 06:04:00,2023-10-28 06:09:00,2023-10-28 07:00:00,9.34,312.81,Completed,
T04055,D0056,R00986,Bangalore,Koramangala,Whitefield,2023-10-30 23:48:00,2023-10-31 00:00:00,2023-10-31 00:14:00,10.3,322.39,Completed,
T04056,D0052,R01034,Bangalore,HSR,HSR,2023-10-12 03:50:00,,,8.05,212.95,Cancelled,Driver
T04057,D0136,R01362,Mumbai,Bandra,Andheri,2023-10-04 22:50:00,2023-10-04 22:59:00,2023-10-04 23:12:00,8.51,322.26,Completed,
T04058,D0236,R01498,Delhi,Dwarka,Connaught Place,2023-10-28 12:42:00,2023-10-28 12:53:00,2023-10-28 13:06:00,10.01,396.93,Completed,
T04059,D0062,R01022,Bangalore,Whitefield,Whitefield,2023-10-27 09:53:00,,,0.5,73.0,Cancelled,Other
T04060,D0219,R00714,Mumbai,Powai,Powai,2023-10-11 22:19:00,2023-10-11 22:26:00,2023-10-11 22:58:00,8.92,243.8,Completed,
T04061,D0054,R01764,Delhi,Rohini,Dwarka,2023-10-03 15:32:00,2023-10-03 15:40:00,2023-10-03 16:41:00,10.39,315.08,Completed,
T04062,D0028,R00761,Mumbai,Bandra,Bandra,2023-10-06 01:17:00,,,12.08,414.01,Cancelled,System
T04063,D0159,R01800,Bangalore,Koramangala,Indiranagar,2023-10-25 10:56:00,2023-10-25 11:02:00,2023-10-25 11:53:00,12.55,431.57,Completed,
T04064,D0080,R00952,Mumbai,Andheri,Bandra,2023-10-04 04:16:00,,,4.91,180.52,Cancelled,Driver
T04065,D0005,R00577,Mumbai,Andheri,Powai,2023-10-12 09:30:00,2023-10-12 09:39:00,2023-10-12 10:17:00,9.8,265.95,Completed,
T04066,D0192,R00220,Delhi,Saket,Rohini,2023-10-06 14:40:00,2023-10-06 14:49:00,2023-10-06 15:09:00,6.87,262.45,Completed,
T04067,D0189,R00511,Delhi,Connaught Place,Dwarka,2023-10-12 03:15:00,,,6.17,191.27,Cancelled,Other
T04068,D0014,R00344,Delhi,Connaught Place,Dwarka,2023-10-13 19:52:00,2023-10-13 19:57:00,2023-10-13 20:29:00,6.37,244.95,Completed,
T04069,D0130,R01119,Bangalore,Indiranagar,Electronic City,2023-10-17 10:33:00,2023-10-17 10:38:00,2023-10-17 11:11:00,1.94,112.29,Completed,
T04070,D0197,R00615,Mumbai,Worli,Powai,2023-10-25 03:41:00,2023-10-25 03:55:00,2023-10-25 04:42:00,12.71,335.71,Completed,
T04071,D0174,R01196,Bangalore,HSR,HSR,2023-10-18 11:31:00,2023-10-18 11:45:00,2023-10-18 12:39:00,7.44,238.15,Completed,
T04072,D0076,R00488,Mumbai,Worli,Andheri,2023-10-30 21:24:00,,,2.27,123.13,Cancelled,Rider
T04073,D0019,R01015,Bangalore,Electronic City,HSR,2023-10-12 17:36:00,,,12.42,458.91,Cancelled,Other
T04074,D0127,R01561,Mumbai,Dadar,Worli,2023-10-12 15:14:00,,,9.6,255.9,Cancelled,Other
T04075,D0196,R00090,Delhi,Gurgaon,Dwarka,2023-10-16 18:38:00,2023-10-16 18:48:00,2023-10-16 19:58:00,11.15,315.28,Completed,
T04076,D0037,R01032,Mumbai,Andheri,Andheri,2023-10-23 07:18:00,2023-10-23 07:32:00,2023-10-23 07:50:00,16.78,437.29,Completed,
T04077,D0171,R00495,Delhi,Rohini,Saket,2023-10-15 02:09:00,2023-10-15 02:22:00,2023-10-15 03:03:00,2.23,117.2,Completed,
T04078,D0028,R01204,Bangalore,Electronic City,Indiranagar,2023-10-12 07:05:00,2023-10-12 07:19:00,2023-10-12 08:00:00,9.1,317.64,Completed,
T04079,D0099,R01000,Delhi,Rohini,Rohini,2023-10-04 23:54:00,,,6.42,238.87,Cancelled,Rider
T04080,D0184,R01151,Delhi,Saket,Saket,2023-10-09 03:42:00,2023-10-09 03:47:00,2023-10-09 04:45:00,15.67,391.41,Completed,
T04081,D0087,R00802,Delhi,Gurgaon,Gurgaon,2023-10-23 20:27:00,,,14.34,396.69,Cancelled,Other
T04082,D0092,R00853,Bangalore,Koramangala,Whitefield,2023-10-16 19:35:00,2023-10-16 19:44:00,2023-10-16 20:37:00,11.24,366.38,Completed,
T04083,D0150,R01529,Mumbai,Bandra,Dadar,2023-10-26 11:19:00,,,13.63,392.08,Cancelled,Other
T04084,D0164,R00847,Mumbai,Andheri,Andheri,2023-10-19 12:54:00,2023-10-19 12:58:00,2023-10-19 13:52:00,5.0,176.95,Completed,
T04085,D0151,R00761,Bangalore,Koramangala,Electronic City,2023-10-10 10:09:00,2023-10-10 10:16:00,2023-10-10 11:24:00,11.06,333.67,Completed,
T04086,D0102,R01453,Bangalore,Whitefield,Electronic City,2023-10-17 23:37:00,2023-10-17 23:42:00,2023-10-18 00:33:00,10.41,329.23,Completed,
T04087,D0143,R01134,Mumbai,Powai,Worli,2023-10-15 04:40:00,,,7.27,214.37,Cancelled,Other
T04088,D0193,R00175,Mumbai,Worli,Dadar,2023-10-26 23:45:00,2023-10-26 23:59:00,2023-10-27 00:21:00,0.5,68.12,Completed,
T04089,D0089,R01169,Bangalore,Indiranagar,Indiranagar,2023-10-03 15:50:00,2023-10-03 15:56:00,2023-10-03 16:30:00,6.33,204.19,Completed,
T04090,D0188,R00989,Mumbai,Powai,Dadar,2023-10-26 15:22:00,2023-10-26 15:26:00,2023-10-26 15:44:00,8.49,297.11,Completed,
T04091,D0029,R01169,Delhi,Gurgaon,Saket,2023-10-01 10:54:00,2023-10-01 11:06:00,2023-10-01 11:21:00,9.05,302.83,Completed,
T04092,D0175,R01664,Bangalore,Whitefield,Koramangala,2023-10-22 05:45:00,2023-10-22 05:53:00,2023-10-22 06:17:00,10.47,287.76,Completed,
T04093,D0045,R01314,Mumbai,Powai,Dadar,2023-10-07 19:44:00,2023-10-07 19:54:00,2023-10-07 20:17:00,5.34,203.75,Completed,
T04094,D0101,R01640,Mumbai,Andheri,Andheri,2023-10-18 00:11:00,2023-10-18 00:22:00,2023-10-18 00:51:00,6.83,275.92,Completed,
T04095,D0215,R00961,Mumbai,Bandra,Andheri,2023-10-01 09:10:00,,,16.17,492.25,Cancelled,Rider
T04096,D0079,R00424,Bangalore,HSR,Indiranagar,2023-10-06 19:13:00,2023-10-06 19:27:00,2023-10-06 20:01:00,10.49,362.67,Completed,
T04097,D0202,R01542,Delhi,Dwarka,Connaught Place,2023-10-11 10:25:00,2023-10-11 10:36:00,2023-10-11 11:30:00,6.8,237.01,Completed,
T04098,D0001,R01194,Bangalore,HSR,Electronic City,2023-10-25 13:52:00,2023-10-25 14:06:00,2023-10-25 15:02:00,1.77,109.93,Completed,
T04099,D0248,R01792,Delhi,Connaught Place,Connaught Place,2023-10-19 19:11:00,2023-10-19 19:24:00,2023-10-19 20:16:00,11.8,372.44,Completed,
T04100,D0239,R00062,Bangalore,Indiranagar,Whitefield,2023-10-30 20:22:00,2023-10-30 20:37:00,2023-10-30 21:25:00,8.84,241.47,Completed,
T04101,D0101,R00359,Mumbai,Worli,Andheri,2023-10-18 12:27:00,2023-10-18 12:34:00,2023-10-18 13:14:00,2.99,111.8,Completed,
T04102,D0041,R00021,Delhi,Dwarka,Dwarka,2023-10-12 04:59:00,2023-10-12 05:06:00,2023-10-12 05:37:00,11.58,299.82,Completed,
T04103,D0157,R01706,Delhi,Dwarka,Saket,2023-10-23 08:40:00,2023-10-23 08:47:00,2023-10-23 08:58:00,11.25,400.09,Completed,
T04104,D0089,R00319,Mumbai,Powai,Powai,2023-10-10 22:53:00,2023-10-10 23:06:00,2023-10-10 23:28:00,10.62,391.74,Completed,
T04105,D0244,R00702,Bangalore,Koramangala,Indiranagar,2023-10-21 09:34:00,2023-10-21 09:46:00,2023-10-21 10:36:00,2.02,118.29,Completed,
T04106,D0104,R01436,Bangalore,Whitefield,HSR,2023-10-17 19:12:00,2023-10-17 19:16:00,2023-10-17 19:34:00,4.35,162.19,Completed,
T04107,D0218,R01026,Bangalore,HSR,Indiranagar,2023-10-13 22:14:00,,,7.19,274.43,Cancelled,Driver
T04108,D0245,R01461,Delhi,Connaught Place,Rohini,2023-10-28 06:41:00,2023-10-28 06:44:00,2023-10-28 07:52:00,0.5,72.29,Completed,
T04109,D0151,R00820,Bangalore,Koramangala,Whitefield,2023-10-13 14:03:00,2023-10-13 14:07:00,2023-10-13 14:32:00,5.34,193.86,Completed,
T04110,D0106,R00275,Mumbai,Dadar,Andheri,2023-10-21 01:06:00,,,14.1,505.07,Cancelled,Rider
T04111,D0084,R01756,Delhi,Dwarka,Gurgaon,2023-10-30 19:59:00,2023-10-30 20:02:00,2023-10-30 21:08:00,7.17,203.57,Completed,
T04112,D0220,R00525,Mumbai,Powai,Dadar,2023-10-26 13:44:00,2023-10-26 13:58:00,2023-10-26 15:00:00,8.97,261.35,Completed,
T04113,D0222,R01730,Mumbai,Dadar,Powai,2023-10-19 15:02:00,2023-10-19 15:13:00,2023-10-19 15:57:00,7.98,236.35,Completed,
T04114,D0005,R01194,Delhi,Connaught Place,Rohini,2023-10-16 11:18:00,2023-10-16 11:32:00,2023-10-16 12:39:00,17.07,445.87,Completed,
T04115,D0185,R01428,Delhi,Rohini,Gurgaon,2023-10-16 18:39:00,2023-10-16 18:45:00,2023-10-16 19:31:00,6.08,217.44,Completed,
T04116,D0207,R01305,Bangalore,Whitefield,Koramangala,2023-10-18 11:01:00,2023-10-18 11:05:00,2023-10-18 11:24:00,13.66,465.3,Completed,
T04117,D0028,R01088,Mumbai,Dadar,Worli,2023-10-18 10:11:00,2023-10-18 10:14:00,2023-10-18 11:09:00,7.15,257.03,Completed,
T04118,D0035,R01299,Bangalore,Indiranagar,Electronic City,2023-10-20 22:47:00,2023-10-20 22:53:00,2023-10-21 00:02:00,14.01,503.33,Completed,
T04119,D0242,R00812,Delhi,Saket,Saket,2023-10-05 13:26:00,2023-10-05 13:38:00,2023-10-05 14:15:00,17.32,503.96,Completed,
T04120,D0042,R01586,Bangalore,HSR,Electronic City,2023-10-21 03:44:00,,,9.86,347.07,Cancelled,System
T04121,D0093,R01427,Bangalore,Koramangala,HSR,2023-10-18 01:57:00,2023-10-18 02:09:00,2023-10-18 02:59:00,14.22,415.99,Completed,
T04122,D0126,R01002,Mumbai,Dadar,Andheri,2023-10-15 20:03:00,2023-10-15 20:15:00,2023-10-15 20:51:00,12.61,292.47,Completed,
T04123,D0101,R01487,Mumbai,Worli,Andheri,2023-10-12 20:41:00,2023-10-12 20:50:00,2023-10-12 21:16:00,9.4,321.81,Completed,
T04124,D0070,R01529,Delhi,Dwarka,Connaught Place,2023-10-16 13:14:00,,,13.09,340.23,Cancelled,Other
T04125,D0248,R00435,Mumbai,Andheri,Bandra,2023-10-24 13:13:00,2023-10-24 13:18:00,2023-10-24 13:49:00,7.15,236.66,Completed,
T04126,D0109,R01593,Delhi,Gurgaon,Connaught Place,2023-10-09 00:20:00,,,5.45,205.45,Cancelled,Other
T04127,D0145,R00602,Delhi,Saket,Connaught Place,2023-10-02 11:40:00,2023-10-02 11:44:00,2023-10-02 12:43:00,9.14,290.47,Completed,
T04128,D0202,R01188,Mumbai,Andheri,Andheri,2023-10-28 16:31:00,2023-10-28 16:35:00,2023-10-28 17:43:00,8.38,259.87,Completed,
T04129,D0133,R00475,Mumbai,Powai,Dadar,2023-10-10 12:58:00,2023-10-10 13:13:00,2023-10-10 14:08:00,6.79,254.27,Completed,
T04130,D0217,R01136,Mumbai,Worli,Powai,2023-10-12 02:31:00,2023-10-12 02:44:00,2023-10-12 02:56:00,1.84,100.0,Completed,
T04131,D0028,R01073,Bangalore,Indiranagar,Indiranagar,2023-10-10 14:06:00,2023-10-10 14:16:00,2023-10-10 14:30:00,6.33,248.41,Completed,
T04132,D0246,R00519,Bangalore,Indiranagar,HSR,2023-10-10 03:41:00,2023-10-10 03:52:00,2023-10-10 04:42:00,5.98,262.95,Completed,
T04133,D0027,R00724,Delhi,Gurgaon,Rohini,2023-10-04 02:00:00,2023-10-04 02:06:00,2023-10-04 03:04:00,13.29,347.78,Completed,
T04134,D0148,R01157,Delhi,Saket,Gurgaon,2023-10-01 15:43:00,2023-10-01 15:48:00,2023-10-01 16:18:00,6.78,210.7,Completed,
T04135,D0010,R01111,Delhi,Saket,Saket,2023-10-27 20:01:00,2023-10-27 20:07:00,2023-10-27 20:52:00,9.44,360.29,Completed,
T04136,D0219,R01491,Mumbai,Worli,Worli,2023-10-18 17:05:00,2023-10-18 17:10:00,2023-10-18 18:13:00,12.46,369.56,Completed,
T04137,D0229,R01156,Mumbai,Worli,Dadar,2023-10-04 05:35:00,2023-10-04 05:48:00,2023-10-04 06:11:00,11.77,341.48,Completed,
T04138,D0137,R01082,Delhi,Connaught Place,Gurgaon,2023-10-10 21:58:00,2023-10-10 22:04:00,2023-10-10 22:15:00,6.95,275.5,Completed,
T04139,D0062,R01788,Bangalore,Whitefield,Koramangala,2023-10-19 13:03:00,2023-10-19 13:16:00,2023-10-19 14:05:00,8.73,226.68,Completed,
T04140,D0193,R00714,Bangalore,HSR,Electronic City,2023-10-18 12:20:00,2023-10-18 12:30:00,2023-10-18 12:47:00,0.5,72.25,Completed,
T04141,D0084,R00963,Bangalore,Electronic City,Whitefield,2023-10-26 01:45:00,2023-10-26 01:49:00,2023-10-26 02:51:00,9.84,383.97,Completed,
T04142,D0113,R00280,Bangalore,Electronic City,Electronic City,2023-10-16 12:35:00,2023-10-16 12:39:00,2023-10-16 13:26:00,4.85,193.11,Completed,
T04143,D0196,R00655,Delhi,Saket,Rohini,2023-10-07 03:12:00,2023-10-07 03:23:00,2023-10-07 04:01:00,9.76,391.29,Completed,
T04144,D0129,R00856,Bangalore,Koramangala,Whitefield,2023-10-17 06:30:00,2023-10-17 06:33:00,2023-10-17 06:56:00,10.97,316.59,Completed,
T04145,D0136,R01223,Mumbai,Dadar,Bandra,2023-10-23 05:54:00,2023-10-23 06:01:00,2023-10-23 06:59:00,3.74,141.47,Completed,
T04146,D0088,R01181,Mumbai,Dadar,Dadar,2023-10-15 17:29:00,2023-10-15 17:38:00,2023-10-15 18:06:00,5.97,212.59,Completed,
T04147,D0025,R00364,Mumbai,Powai,Dadar,2023-10-17 13:01:00,2023-10-17 13:09:00,2023-10-17 14:07:00,7.45,266.27,Completed,
T04148,D0249,R00300,Delhi,Rohini,Dwarka,2023-10-14 16:10:00,2023-10-14 16:21:00,2023-10-14 17:05:00,4.23,128.62,Completed,
T04149,D0168,R01672,Delhi,Gurgaon,Rohini,2023-10-20 01:56:00,,,0.5,69.33,Cancelled,Driver
T04150,D0210,R00476,Bangalore,Electronic City,HSR,2023-10-05 16:31:00,2023-10-05 16:37:00,2023-10-05 17:37:00,8.09,225.59,Completed,
T04151,D0118,R00755,Bangalore,Koramangala,Whitefield,2023-10-15 13:16:00,2023-10-15 13:19:00,2023-10-15 14:10:00,8.09,224.6,Completed,
T04152,D0249,R01194,Delhi,Dwarka,Rohini,2023-10-01 10:05:00,2023-10-01 10:09:00,2023-10-01 11:14:00,10.43,385.73,Completed,
T04153,D0180,R00510,Mumbai,Powai,Powai,2023-10-15 17:28:00,2023-10-15 17:37:00,2023-10-15 17:50:00,8.71,247.2,Completed,
T04154,D0177,R00616,Mumbai,Worli,Powai,2023-10-10 05:27:00,2023-10-10 05:32:00,2023-10-10 05:57:00,9.84,353.27,Completed,
T04155,D0197,R00964,Bangalore,Electronic City,Indiranagar,2023-10-13 16:37:00,2023-10-13 16:45:00,2023-10-13 17:41:00,10.01,315.55,Completed,
T04156,D0138,R01387,Mumbai,Bandra,Dadar,2023-10-09 18:07:00,2023-10-09 18:12:00,2023-10-09 18:39:00,9.7,279.16,Completed,
T04157,D0029,R01410,Bangalore,Electronic City,Whitefield,2023-10-18 04:22:00,2023-10-18 04:27:00,2023-10-18 05:22:00,8.44,237.46,Completed,
T04158,D0246,R00442,Delhi,Saket,Connaught Place,2023-10-22 01:23:00,2023-10-22 01:28:00,2023-10-22 02:38:00,2.13,114.84,Completed,
T04159,D0089,R01783,Bangalore,Indiranagar,Whitefield,2023-10-26 07:51:00,2023-10-26 08:01:00,2023-10-26 08:59:00,7.57,287.42,Completed,
T04160,D0147,R00367,Delhi,Gurgaon,Rohini,2023-10-05 08:50:00,,,9.26,309.1,Cancelled,Rider
T04161,D0239,R01776,Bangalore,Whitefield,Indiranagar,2023-10-08 23:54:00,,,9.31,336.62,Cancelled,Driver
T04162,D0176,R00563,Mumbai,Powai,Powai,2023-10-11 22:51:00,2023-10-11 23:02:00,2023-10-11 23:35:00,9.7,289.7,Completed,
T04163,D0216,R00490,Mumbai,Andheri,Powai,2023-10-03 22:22:00,2023-10-03 22:33:00,2023-10-03 23:39:00,11.06,383.73,Completed,
T04164,D0228,R00309,Bangalore,Whitefield,Whitefield,2023-10-03 07:53:00,2023-10-03 07:58:00,2023-10-03 08:40:00,7.72,257.24,Completed,
T04165,D0171,R01666,Bangalore,Electronic City,Whitefield,2023-10-15 20:29:00,2023-10-15 20:39:00,2023-10-15 21:26:00,5.89,194.12,Completed,
T04166,D0026,R00286,Mumbai,Andheri,Bandra,2023-10-21 03:54:00,2023-10-21 04:03:00,2023-10-21 04:54:00,9.92,257.36,Completed,
T04167,D0016,R00791,Bangalore,HSR,Indiranagar,2023-10-17 16:31:00,2023-10-17 16:42:00,2023-10-17 17:12:00,10.83,378.47,Completed,
T04168,D0099,R00432,Mumbai,Andheri,Worli,2023-10-20 22:41:00,2023-10-20 22:52:00,2023-10-20 23:13:00,5.33,157.28,Completed,
T04169,D0140,R00810,Bangalore,Whitefield,Indiranagar,2023-10-17 10:51:00,2023-10-17 11:04:00,2023-10-17 11:32:00,1.48,95.64,Completed,
T04170,D0020,R00086,Mumbai,Andheri,Dadar,2023-10-10 12:39:00,2023-10-10 12:46:00,2023-10-10 13:20:00,8.79,348.42,Completed,
T04171,D0248,R01436,Bangalore,Whitefield,HSR,2023-10-18 22:29:00,,,7.82,255.03,Cancelled,Rider
T04172,D0132,R01170,Delhi,Connaught Place,Connaught Place,2023-10-03 05:37:00,2023-10-03 05:47:00,2023-10-03 06:15:00,6.73,283.11,Completed,
T04173,D0066,R00469,Mumbai,Andheri,Andheri,2023-10-11 21:38:00,,,6.41,171.36,Cancelled,Driver
T04174,D0100,R01074,Delhi,Rohini,Rohini,2023-10-05 10:57:00,2023-10-05 11:12:00,2023-10-05 11:31:00,9.0,247.0,Completed,
T04175,D0019,R01749,Mumbai,Dadar,Bandra,2023-10-14 22:15:00,2023-10-14 22:25:00,2023-10-14 23:14:00,14.18,415.85,Completed,
T04176,D0091,R01080,Bangalore,Whitefield,Koramangala,2023-10-27 03:59:00,2023-10-27 04:10:00,2023-10-27 04:39:00,11.46,291.1,Completed,
T04177,D0188,R00375,Bangalore,Whitefield,Koramangala,2023-10-18 09:57:00,,,7.47,251.32,Cancelled,Driver
T04178,D0152,R00409,Mumbai,Worli,Worli,2023-10-20 01:29:00,2023-10-20 01:42:00,2023-10-20 02:13:00,10.98,355.29,Completed,
T04179,D0229,R00797,Bangalore,Whitefield,Electronic City,2023-10-18 06:46:00,2023-10-18 06:49:00,2023-10-18 07:25:00,11.13,317.43,Completed,
T04180,D0082,R00156,Delhi,Saket,Rohini,2023-10-14 02:27:00,,,10.48,300.88,Cancelled,Rider
T04181,D0234,R00400,Bangalore,HSR,HSR,2023-10-09 02:05:00,2023-10-09 02:16:00,2023-10-09 03:02:00,10.08,334.78,Completed,
T04182,D0217,R01408,Delhi,Saket,Dwarka,2023-10-12 13:42:00,,,1.54,101.19,Cancelled,Driver
T04183,D0096,R01535,Delhi,Connaught Place,Saket,2023-10-24 11:24:00,2023-10-24 11:32:00,2023-10-24 12:22:00,8.73,329.42,Completed,
T04184,D0025,R01590,Mumbai,Andheri,Dadar,2023-10-21 05:31:00,2023-10-21 05:44:00,2023-10-21 06:06:00,3.56,176.75,Completed,
T04185,D0117,R00350,Bangalore,Electronic City,Electronic City,2023-10-12 14:13:00,2023-10-12 14:28:00,2023-10-12 14:42:00,7.25,261.59,Completed,
T04186,D0075,R01040,Delhi,Gurgaon,Connaught Place,2023-10-08 13:08:00,2023-10-08 13:23:00,2023-10-08 13:44:00,6.45,214.08,Completed,
T04187,D0047,R00227,Mumbai,Dadar,Dadar,2023-10-30 17:52:00,2023-10-30 18:00:00,2023-10-30 18:18:00,0.5,68.51,Completed,
T04188,D0031,R00685,Delhi,Connaught Place,Rohini,2023-10-01 03:54:00,,,11.49,399.86,Cancelled,Rider
T04189,D0189,R00475,Bangalore,Electronic City,HSR,2023-10-22 17:15:00,2023-10-22 17:27:00,2023-10-22 17:41:00,7.74,229.17,Completed,
T04190,D0064,R01548,Bangalore,Indiranagar,Whitefield,2023-10-03 11:10:00,2023-10-03 11:13:00,2023-10-03 12:10:00,7.58,232.45,Completed,
T04191,D0102,R00577,Mumbai,Powai,Andheri,2023-10-28 07:44:00,2023-10-28 07:50:00,2023-10-28 08:32:00,9.21,263.76,Completed,
T04192,D0124,R00545,Delhi,Dwarka,Gurgaon,2023-10-11 13:22:00,2023-10-11 13:34:00,2023-10-11 14:21:00,6.82,245.34,Completed,
T04193,D0005,R01682,Mumbai,Andheri,Powai,2023-10-24 20:56:00,2023-10-24 21:09:00,2023-10-24 21:35:00,13.34,387.53,Completed,
T04194,D0168,R01664,Delhi,Connaught Place,Rohini,2023-10-19 17:25:00,2023-10-19 17:36:00,2023-10-19 18:06:00,12.51,424.91,Completed,
T04195,D0240,R00057,Bangalore,HSR,Koramangala,2023-10-13 09:30:00,2023-10-13 09:38:00,2023-10-13 10:25:00,12.1,306.25,Completed,
T04196,D0234,R00990,Delhi,Rohini,Rohini,2023-10-06 16:48:00,2023-10-06 17:00:00,2023-10-06 17:13:00,6.62,226.42,Completed,
T04197,D0147,R00993,Mumbai,Powai,Andheri,2023-10-22 09:56:00,2023-10-22 10:06:00,2023-10-22 10:23:00,2.91,125.35,Completed,
T04198,D0182,R00568,Bangalore,Electronic City,Whitefield,2023-10-10 02:54:00,2023-10-10 03:05:00,2023-10-10 03:59:00,3.74,167.39,Completed,
T04199,D0194,R00773,Mumbai,Andheri,Dadar,2023-10-23 03:40:00,2023-10-23 03:49:00,2023-10-23 04:24:00,7.62,274.18,Completed,
T04200,D0101,R00540,Bangalore,Koramangala,Indiranagar,2023-10-10 23:20:00,2023-10-10 23:35:00,2023-10-11 00:15:00,11.61,364.02,Completed,
T04201,D0028,R01310,Bangalore,Indiranagar,HSR,2023-10-26 09:50:00,2023-10-26 09:56:00,2023-10-26 10:38:00,10.19,360.78,Completed,
T04202,D0174,R01190,Bangalore,Indiranagar,HSR,2023-10-25 06:42:00,,,8.22,263.23,Cancelled,Rider
T04203,D0005,R00765,Bangalore,Indiranagar,Whitefield,2023-10-19 07:15:00,2023-10-19 07:25:00,2023-10-19 08:03:00,3.6,135.84,Completed,
T04204,D0075,R00876,Mumbai,Bandra,Dadar,2023-10-26 12:22:00,,,11.07,324.51,Cancelled,Driver
T04205,D0018,R00509,Mumbai,Powai,Bandra,2023-10-24 19:31:00,2023-10-24 19:42:00,2023-10-24 19:56:00,12.98,463.94,Completed,
T04206,D0227,R01549,Mumbai,Worli,Bandra,2023-10-18 13:02:00,2023-10-18 13:13:00,2023-10-18 13:37:00,2.16,102.69,Completed,
T04207,D0245,R01517,Bangalore,Whitefield,Koramangala,2023-10-10 12:29:00,2023-10-10 12:37:00,2023-10-10 12:55:00,11.44,341.34,Completed,
T04208,D0138,R00485,Delhi,Rohini,Connaught Place,2023-10-30 17:45:00,,,10.55,376.63,Cancelled,Other
T04209,D0066,R00674,Bangalore,HSR,Whitefield,2023-10-04 19:50:00,2023-10-04 19:57:00,2023-10-04 20:36:00,2.42,109.46,Completed,
T04210,D0116,R01180,Bangalore,Whitefield,Whitefield,2023-10-30 18:33:00,,,15.08,460.47,Cancelled,Driver
T04211,D0155,R00982,Delhi,Saket,Dwarka,2023-10-04 02:06:00,2023-10-04 02:14:00,2023-10-04 03:00:00,10.26,279.94,Completed,
T04212,D0025,R00044,Delhi,Rohini,Saket,2023-10-18 12:27:00,2023-10-18 12:40:00,2023-10-18 13:06:00,11.12,343.82,Completed,
T04213,D0139,R01063,Bangalore,Koramangala,HSR,2023-10-19 06:30:00,,,8.27,251.97,Cancelled,Driver
T04214,D0248,R00065,Bangalore,Whitefield,Indiranagar,2023-10-23 14:45:00,,,3.34,151.7,Cancelled,Rider
T04215,D0170,R01473,Bangalore,Whitefield,Electronic City,2023-10-23 21:15:00,2023-10-23 21:19:00,2023-10-23 22:12:00,4.26,171.58,Completed,
T04216,D0100,R01564,Delhi,Connaught Place,Connaught Place,2023-10-05 14:10:00,2023-10-05 14:16:00,2023-10-05 14:45:00,5.68,205.84,Completed,
T04217,D0138,R00921,Bangalore,Koramangala,Indiranagar,2023-10-13 00:01:00,,,3.77,161.36,Cancelled,Other
T04218,D0208,R01723,Mumbai,Worli,Andheri,2023-10-15 21:55:00,2023-10-15 22:06:00,2023-10-15 22:25:00,12.56,454.05,Completed,
T04219,D0195,R01329,Bangalore,Indiranagar,HSR,2023-10-23 07:48:00,2023-10-23 07:56:00,2023-10-23 09:04:00,5.38,173.87,Completed,
T04220,D0017,R01473,Delhi,Rohini,Gurgaon,2023-10-27 12:14:00,2023-10-27 12:21:00,2023-10-27 12:37:00,3.8,167.26,Completed,
T04221,D0050,R00934,Mumbai,Dadar,Bandra,2023-10-17 17:51:00,2023-10-17 17:58:00,2023-10-17 18:21:00,9.41,353.54,Completed,
T04222,D0083,R00253,Bangalore,Whitefield,Electronic City,2023-10-25 02:28:00,2023-10-25 02:38:00,2023-10-25 03:40:00,4.66,188.89,Completed,
T04223,D0141,R00010,Mumbai,Andheri,Powai,2023-10-12 14:49:00,2023-10-12 14:56:00,2023-10-12 15:06:00,10.33,291.36,Completed,
T04224,D0095,R01489,Bangalore,Whitefield,HSR,2023-10-21 05:34:00,2023-10-21 05:38:00,2023-10-21 05:51:00,12.59,444.72,Completed,
T04225,D0197,R00362,Bangalore,Electronic City,Electronic City,2023-10-21 05:32:00,,,3.22,141.97,Cancelled,Rider
T04226,D0192,R00530,Delhi,Gurgaon,Saket,2023-10-16 00:39:00,2023-10-16 00:53:00,2023-10-16 01:20:00,13.66,503.58,Completed,
T04227,D0039,R01413,Delhi,Dwarka,Saket,2023-10-28 06:29:00,,,3.45,163.69,Cancelled,Other
T04228,D0211,R01042,Mumbai,Dadar,Worli,2023-10-29 17:17:00,,,12.84,378.12,Cancelled,System
T04229,D0245,R00385,Delhi,Gurgaon,Dwarka,2023-10-12 01:50:00,2023-10-12 02:04:00,2023-10-12 02:34:00,15.91,382.71,Completed,
T04230,D0183,R00247,Mumbai,Worli,Powai,2023-10-30 11:18:00,2023-10-30 11:28:00,2023-10-30 12:07:00,10.26,256.04,Completed,
T04231,D0001,R00042,Bangalore,HSR,Koramangala,2023-10-19 06:19:00,2023-10-19 06:25:00,2023-10-19 07:19:00,11.09,360.06,Completed,
T04232,D0097,R00204,Bangalore,Whitefield,Whitefield,2023-10-16 22:30:00,,,11.61,364.25,Cancelled,Rider
T04233,D0091,R00918,Mumbai,Worli,Dadar,2023-10-22 03:44:00,2023-10-22 03:48:00,2023-10-22 04:07:00,8.52,271.84,Completed,
T04234,D0111,R00606,Bangalore,Indiranagar,Whitefield,2023-10-20 23:35:00,2023-10-20 23:50:00,2023-10-21 00:48:00,9.03,284.45,Completed,
T04235,D0185,R01289,Bangalore,Koramangala,Whitefield,2023-10-26 22:00:00,2023-10-26 22:11:00,2023-10-26 22:56:00,11.8,360.8,Completed,
T04236,D0119,R00295,Delhi,Rohini,Rohini,2023-10-19 12:46:00,2023-10-19 12:56:00,2023-10-19 13:08:00,10.71,317.12,Completed,
T04237,D0102,R00633,Bangalore,Whitefield,HSR,2023-10-04 06:29:00,2023-10-04 06:37:00,2023-10-04 07:19:00,13.72,399.09,Completed,
T04238,D0086,R01050,Mumbai,Bandra,Andheri,2023-10-06 17:44:00,2023-10-06 17:54:00,2023-10-06 19:01:00,10.31,281.72,Completed,
T04239,D0112,R01630,Delhi,Rohini,Connaught Place,2023-10-10 07:00:00,2023-10-10 07:08:00,2023-10-10 08:03:00,1.74,113.13,Completed,
T04240,D0101,R00464,Delhi,Connaught Place,Dwarka,2023-10-09 09:49:00,,,8.58,282.87,Cancelled,Other
T04241,D0209,R00587,Bangalore,Koramangala,HSR,2023-10-03 12:32:00,2023-10-03 12:41:00,2023-10-03 13:11:00,4.59,182.94,Completed,
T04242,D0046,R00844,Bangalore,Electronic City,HSR,2023-10-29 21:30:00,2023-10-29 21:44:00,2023-10-29 22:49:00,4.45,152.71,Completed,
T04243,D0058,R00151,Bangalore,Whitefield,Electronic City,2023-10-16 05:50:00,2023-10-16 05:59:00,2023-10-16 07:07:00,12.94,362.86,Completed,
T04244,D0094,R00682,Delhi,Saket,Dwarka,2023-10-01 13:08:00,2023-10-01 13:19:00,2023-10-01 13:31:00,18.45,604.52,Completed,
T04245,D0058,R01339,Bangalore,Electronic City,Whitefield,2023-10-06 06:25:00,2023-10-06 06:40:00,2023-10-06 07:49:00,11.24,257.81,Completed,
T04246,D0086,R00062,Mumbai,Dadar,Andheri,2023-10-17 05:49:00,,,9.79,318.82,Cancelled,Driver
T04247,D0171,R00765,Delhi,Connaught Place,Gurgaon,2023-10-16 19:52:00,2023-10-16 19:57:00,2023-10-16 20:46:00,4.69,177.51,Completed,
T04248,D0127,R00704,Mumbai,Worli,Worli,2023-10-25 04:39:00,,,8.31,282.32,Cancelled,Rider
T04249,D0151,R01223,Delhi,Dwarka,Saket,2023-10-25 20:33:00,2023-10-25 20:44:00,2023-10-25 21:19:00,12.82,486.36,Completed,
T04250,D0111,R00129,Bangalore,HSR,Koramangala,2023-10-15 06:34:00,2023-10-15 06:47:00,2023-10-15 07:19:00,6.59,236.14,Completed,
T04251,D0224,R00973,Mumbai,Worli,Powai,2023-10-27 17:34:00,2023-10-27 17:46:00,2023-10-27 18:08:00,7.21,214.48,Completed,
T04252,D0056,R01568,Delhi,Rohini,Rohini,2023-10-16 05:26:00,2023-10-16 05:32:00,2023-10-16 05:59:00,12.87,374.39,Completed,
T04253,D0006,R00230,Delhi,Dwarka,Rohini,2023-10-30 10:00:00,2023-10-30 10:14:00,2023-10-30 10:34:00,5.19,172.72,Completed,
T04254,D0102,R00884,Mumbai,Powai,Bandra,2023-10-05 01:24:00,2023-10-05 01:38:00,2023-10-05 02:39:00,5.99,224.46,Completed,
T04255,D0033,R00081,Bangalore,Electronic City,Koramangala,2023-10-07 10:09:00,,,10.69,237.92,Cancelled,Other
T04256,D0070,R01261,Bangalore,Electronic City,Electronic City,2023-10-05 21:06:00,2023-10-05 21:16:00,2023-10-05 21:30:00,12.61,417.16,Completed,
T04257,D0199,R00505,Mumbai,Dadar,Powai,2023-10-02 23:34:00,,,0.5,69.39,Cancelled,System
T04258,D0187,R00226,Delhi,Saket,Gurgaon,2023-10-30 11:39:00,2023-10-30 11:48:00,2023-10-30 12:30:00,13.86,338.18,Completed,
T04259,D0187,R01214,Bangalore,Electronic City,Koramangala,2023-10-01 09:03:00,2023-10-01 09:14:00,2023-10-01 10:15:00,10.61,295.12,Completed,
T04260,D0233,R00395,Mumbai,Bandra,Powai,2023-10-30 18:45:00,,,10.46,327.01,Cancelled,Driver
T04261,D0088,R00695,Delhi,Saket,Dwarka,2023-10-02 03:29:00,,,2.28,112.11,Cancelled,Driver
T04262,D0133,R00078,Mumbai,Bandra,Andheri,2023-10-30 04:46:00,2023-10-30 04:58:00,2023-10-30 05:45:00,4.49,144.9,Completed,
T04263,D0025,R00281,Bangalore,Koramangala,Indiranagar,2023-10-04 02:48:00,2023-10-04 02:51:00,2023-10-04 03:57:00,5.57,208.91,Completed,
T04264,D0247,R00306,Mumbai,Powai,Worli,2023-10-20 13:51:00,2023-10-20 14:02:00,2023-10-20 14:19:00,5.77,212.65,Completed,
T04265,D0102,R01043,Delhi,Gurgaon,Rohini,2023-10-09 15:41:00,2023-10-09 15:48:00,2023-10-09 16:37:00,15.5,483.96,Completed,
T04266,D0154,R00001,Delhi,Dwarka,Dwarka,2023-10-15 14:39:00,2023-10-15 14:51:00,2023-10-15 15:10:00,8.68,279.91,Completed,
T04267,D0191,R01786,Bangalore,Koramangala,Whitefield,2023-10-12 19:40:00,2023-10-12 19:50:00,2023-10-12 20:45:00,3.21,149.97,Completed,
T04268,D0126,R00047,Mumbai,Powai,Worli,2023-10-17 03:07:00,,,13.44,358.98,Cancelled,Rider
T04269,D0218,R00812,Delhi,Rohini,Connaught Place,2023-10-16 17:13:00,2023-10-16 17:26:00,2023-10-16 18:24:00,8.94,325.5,Completed,
T04270,D0091,R01155,Mumbai,Powai,Bandra,2023-10-13 07:38:00,2023-10-13 07:52:00,2023-10-13 09:01:00,2.35,131.39,Completed,
T04271,D0217,R01490,Bangalore,Electronic City,Whitefield,2023-10-06 18:48:00,2023-10-06 18:55:00,2023-10-06 20:02:00,6.27,219.25,Completed,
T04272,D0025,R01669,Mumbai,Powai,Dadar,2023-10-12 14:10:00,,,1.28,97.61,Cancelled,System
T04273,D0140,R01033,Mumbai,Bandra,Worli,2023-10-15 14:10:00,2023-10-15 14:18:00,2023-10-15 15:22:00,7.85,256.12,Completed,
T04274,D0227,R01722,Bangalore,Indiranagar,Whitefield,2023-10-15 05:06:00,,,4.69,175.21,Cancelled,System
T04275,D0091,R00888,Delhi,Gurgaon,Saket,2023-10-25 03:20:00,2023-10-25 03:25:00,2023-10-25 03:35:00,10.36,309.62,Completed,
T04276,D0157,R00291,Mumbai,Dadar,Dadar,2023-10-18 08:02:00,2023-10-18 08:11:00,2023-10-18 09:12:00,2.4,135.51,Completed,
T04277,D0036,R00698,Delhi,Dwarka,Rohini,2023-10-08 10:17:00,2023-10-08 10:22:00,2023-10-08 11:02:00,6.89,229.48,Completed,
T04278,D0053,R01301,Bangalore,Whitefield,Electronic City,2023-10-25 05:32:00,2023-10-25 05:40:00,2023-10-25 06:11:00,3.28,128.31,Completed,
T04279,D0042,R01053,Delhi,Connaught Place,Connaught Place,2023-10-02 11:44:00,,,10.05,238.21,Cancelled,Rider
T04280,D0021,R01777,Mumbai,Andheri,Bandra,2023-10-23 15:00:00,2023-10-23 15:07:00,2023-10-23 15:40:00,10.58,328.23,Completed,
T04281,D0170,R01366,Delhi,Dwarka,Rohini,2023-10-18 14:14:00,2023-10-18 14:29:00,2023-10-18 15:02:00,7.5,279.69,Completed,
T04282,D0073,R00489,Bangalore,Koramangala,Electronic City,2023-10-30 05:49:00,2023-10-30 05:55:00,2023-10-30 06:16:00,7.78,249.14,Completed,
T04283,D0248,R01311,Mumbai,Dadar,Powai,2023-10-20 10:20:00,2023-10-20 10:29:00,2023-10-20 11:06:00,7.35,239.58,Completed,
T04284,D0166,R01356,Mumbai,Andheri,Powai,2023-10-22 22:32:00,2023-10-22 22:36:00,2023-10-22 22:51:00,8.55,219.76,Completed,
T04285,D0059,R00808,Bangalore,Koramangala,Koramangala,2023-10-26 02:10:00,2023-10-26 02:21:00,2023-10-26 02:42:00,8.59,313.36,Completed,
T04286,D0115,R00455,Delhi,Dwarka,Rohini,2023-10-25 20:39:00,2023-10-25 20:47:00,2023-10-25 21:38:00,2.99,137.29,Completed,
T04287,D0084,R00263,Bangalore,HSR,Whitefield,2023-10-07 01:32:00,2023-10-07 01:37:00,2023-10-07 02:03:00,9.33,344.29,Completed,
T04288,D0198,R00099,Mumbai,Bandra,Andheri,2023-10-21 12:37:00,2023-10-21 12:50:00,2023-10-21 13:21:00,4.85,186.25,Completed,
T04289,D0135,R01078,Delhi,Rohini,Saket,2023-10-24 17:15:00,,,9.21,305.83,Cancelled,System
T04290,D0183,R01569,Bangalore,Electronic City,Whitefield,2023-10-11 08:14:00,2023-10-11 08:23:00,2023-10-11 09:18:00,3.32,139.58,Completed,
T04291,D0224,R01367,Delhi,Rohini,Saket,2023-10-24 00:08:00,2023-10-24 00:22:00,2023-10-24 01:22:00,8.77,273.45,Completed,
T04292,D0178,R00916,Mumbai,Dadar,Andheri,2023-10-29 11:35:00,,,8.91,256.18,Cancelled,System
T04293,D0180,R01078,Mumbai,Powai,Bandra,2023-10-27 05:23:00,,,11.4,284.35,Cancelled,Rider
T04294,D0164,R00167,Bangalore,Whitefield,Whitefield,2023-10-30 08:44:00,2023-10-30 08:51:00,2023-10-30 09:27:00,17.8,495.4,Completed,
T04295,D0106,R00140,Delhi,Gurgaon,Gurgaon,2023-10-14 04:33:00,2023-10-14 04:46:00,2023-10-14 05:46:00,4.37,175.73,Completed,
T04296,D0056,R01176,Delhi,Rohini,Gurgaon,2023-10-20 18:36:00,2023-10-20 18:42:00,2023-10-20 19:47:00,8.46,257.83,Completed,
T04297,D0200,R00236,Delhi,Gurgaon,Rohini,2023-10-14 05:23:00,2023-10-14 05:37:00,2023-10-14 05:51:00,13.76,394.0,Completed,
T04298,D0045,R01268,Delhi,Rohini,Saket,2023-10-20 22:39:00,2023-10-20 22:42:00,2023-10-20 22:57:00,1.64,88.63,Completed,
T04299,D0125,R01602,Bangalore,Electronic City,Whitefield,2023-10-23 11:56:00,2023-10-23 12:07:00,2023-10-23 13:15:00,12.39,426.27,Completed,
T04300,D0197,R01168,Mumbai,Andheri,Dadar,2023-10-14 07:00:00,,,16.19,418.71,Cancelled,Other
T04301,D0162,R01471,Delhi,Connaught Place,Connaught Place,2023-10-29 12:53:00,2023-10-29 12:56:00,2023-10-29 13:41:00,9.93,292.21,Completed,
T04302,D0191,R00119,Bangalore,Whitefield,Indiranagar,2023-10-05 10:24:00,2023-10-05 10:33:00,2023-10-05 11:21:00,4.41,169.73,Completed,
T04303,D0083,R01546,Mumbai,Andheri,Worli,2023-10-04 21:43:00,2023-10-04 21:55:00,2023-10-04 22:54:00,6.86,224.75,Completed,
T04304,D0114,R01360,Delhi,Gurgaon,Connaught Place,2023-10-19 02:13:00,2023-10-19 02:28:00,2023-10-19 02:38:00,6.56,187.02,Completed,
T04305,D0162,R00559,Bangalore,Indiranagar,Indiranagar,2023-10-13 01:38:00,,,3.92,156.32,Cancelled,Rider
T04306,D0076,R00868,Mumbai,Powai,Bandra,2023-10-30 04:15:00,,,7.52,208.56,Cancelled,Other
T04307,D0209,R00936,Delhi,Connaught Place,Gurgaon,2023-10-14 12:51:00,2023-10-14 12:59:00,2023-10-14 13:16:00,14.42,308.18,Completed,
T04308,D0191,R01555,Mumbai,Bandra,Powai,2023-10-08 01:36:00,2023-10-08 01:43:00,2023-10-08 02:06:00,9.69,326.79,Completed,
T04309,D0119,R00514,Bangalore,Indiranagar,Whitefield,2023-10-20 15:52:00,2023-10-20 16:02:00,2023-10-20 16:25:00,4.15,169.94,Completed,
T04310,D0219,R01452,Mumbai,Worli,Dadar,2023-10-25 05:07:00,2023-10-25 05:10:00,2023-10-25 05:39:00,14.15,438.68,Completed,
T04311,D0066,R00374,Delhi,Gurgaon,Connaught Place,2023-10-05 04:39:00,2023-10-05 04:52:00,2023-10-05 05:42:00,9.85,298.12,Completed,
T04312,D0241,R00805,Mumbai,Dadar,Worli,2023-10-04 21:12:00,2023-10-04 21:19:00,2023-10-04 21:54:00,7.55,245.01,Completed,
T04313,D0122,R00246,Mumbai,Bandra,Powai,2023-10-13 10:08:00,2023-10-13 10:12:00,2023-10-13 10:51:00,13.5,297.81,Completed,
T04314,D0100,R00447,Bangalore,Indiranagar,HSR,2023-10-17 18:13:00,2023-10-17 18:27:00,2023-10-17 18:40:00,6.84,213.93,Completed,
T04315,D0239,R00743,Bangalore,HSR,Electronic City,2023-10-18 14:33:00,,,11.85,333.52,Cancelled,Rider
T04316,D0126,R00192,Mumbai,Andheri,Dadar,2023-10-18 06:47:00,2023-10-18 06:58:00,2023-10-18 07:56:00,7.91,222.16,Completed,
T04317,D0177,R01487,Bangalore,Whitefield,Koramangala,2023-10-24 18:48:00,2023-10-24 18:57:00,2023-10-24 19:24:00,2.46,111.36,Completed,
T04318,D0023,R00830,Bangalore,Indiranagar,Koramangala,2023-10-18 05:50:00,2023-10-18 05:56:00,2023-10-18 06:48:00,6.22,173.98,Completed,
T04319,D0046,R00524,Delhi,Dwarka,Gurgaon,2023-10-18 23:17:00,,,11.62,329.52,Cancelled,System
T04320,D0082,R00034,Bangalore,Koramangala,Whitefield,2023-10-27 12:51:00,2023-10-27 13:00:00,2023-10-27 13:23:00,5.64,188.45,Completed,
T04321,D0038,R00159,Bangalore,Whitefield,HSR,2023-10-18 18:03:00,2023-10-18 18:11:00,2023-10-18 19:04:00,17.51,642.37,Completed,
T04322,D0131,R01328,Bangalore,Koramangala,HSR,2023-10-21 06:25:00,2023-10-21 06:39:00,2023-10-21 07:43:00,7.92,177.72,Completed,
T04323,D0024,R01790,Delhi,Saket,Dwarka,2023-10-05 22:04:00,2023-10-05 22:19:00,2023-10-05 22:41:00,4.64,149.98,Completed,
T04324,D0094,R01568,Delhi,Gurgaon,Rohini,2023-10-19 21:57:00,,,2.9,134.27,Cancelled,Rider
T04325,D0101,R01059,Delhi,Gurgaon,Gurgaon,2023-10-25 18:19:00,2023-10-25 18:27:00,2023-10-25 18:56:00,7.11,239.72,Completed,
T04326,D0122,R01248,Delhi,Gurgaon,Connaught Place,2023-10-02 16:20:00,2023-10-02 16:32:00,2023-10-02 17:06:00,10.7,379.38,Completed,
T04327,D0181,R01346,Mumbai,Bandra,Worli,2023-10-14 07:25:00,2023-10-14 07:28:00,2023-10-14 07:41:00,17.88,479.3,Completed,
T04328,D0199,R01172,Bangalore,Indiranagar,Whitefield,2023-10-10 20:54:00,2023-10-10 21:03:00,2023-10-10 21:45:00,17.38,614.03,Completed,
T04329,D0006,R00156,Mumbai,Powai,Dadar,2023-10-20 03:30:00,2023-10-20 03:41:00,2023-10-20 04:09:00,8.51,330.08,Completed,
T04330,D0178,R01435,Mumbai,Powai,Andheri,2023-10-04 19:18:00,2023-10-04 19:25:00,2023-10-04 19:46:00,7.33,236.4,Completed,
T04331,D0091,R00747,Delhi,Rohini,Gurgaon,2023-10-27 20:54:00,2023-10-27 21:07:00,2023-10-27 22:15:00,8.58,235.67,Completed,
T04332,D0040,R00662,Delhi,Gurgaon,Saket,2023-10-08 02:57:00,2023-10-08 03:11:00,2023-10-08 03:55:00,2.88,149.54,Completed,
T04333,D0223,R01573,Delhi,Dwarka,Gurgaon,2023-10-02 04:12:00,,,8.1,263.84,Cancelled,Rider
T04334,D0156,R01113,Delhi,Saket,Gurgaon,2023-10-09 01:41:00,,,9.6,265.51,Cancelled,Rider
T04335,D0027,R00840,Delhi,Rohini,Saket,2023-10-23 15:47:00,2023-10-23 15:59:00,2023-10-23 16:50:00,11.42,319.22,Completed,
T04336,D0135,R01385,Bangalore,HSR,HSR,2023-10-19 16:25:00,2023-10-19 16:34:00,2023-10-19 17:01:00,11.28,299.19,Completed,
T04337,D0176,R00252,Bangalore,Electronic City,HSR,2023-10-21 16:49:00,2023-10-21 16:52:00,2023-10-21 18:01:00,6.65,224.7,Completed,
T04338,D0135,R00636,Delhi,Rohini,Connaught Place,2023-10-03 05:49:00,2023-10-03 05:58:00,2023-10-03 06:55:00,12.7,354.3,Completed,
T04339,D0139,R01152,Delhi,Gurgaon,Saket,2023-10-16 09:38:00,2023-10-16 09:42:00,2023-10-16 09:52:00,13.4,399.95,Completed,
T04340,D0126,R00435,Mumbai,Dadar,Worli,2023-10-28 01:23:00,2023-10-28 01:27:00,2023-10-28 02:14:00,8.2,303.52,Completed,
T04341,D0245,R00796,Delhi,Rohini,Dwarka,2023-10-25 22:37:00,2023-10-25 22:50:00,2023-10-25 23:18:00,9.86,342.94,Completed,
T04342,D0077,R00407,Bangalore,Whitefield,Electronic City,2023-10-11 15:33:00,2023-10-11 15:42:00,2023-10-11 16:06:00,2.32,123.4,Completed,
T04343,D0204,R01029,Bangalore,Koramangala,Electronic City,2023-10-08 02:37:00,,,5.32,148.28,Cancelled,Rider
T04344,D0001,R00502,Bangalore,HSR,HSR,2023-10-16 16:45:00,2023-10-16 16:58:00,2023-10-16 17:39:00,5.79,206.24,Completed,
T04345,D0247,R00518,Bangalore,Whitefield,Indiranagar,2023-10-15 16:56:00,2023-10-15 17:09:00,2023-10-15 17:19:00,8.07,259.24,Completed,
T04346,D0160,R00156,Mumbai,Powai,Powai,2023-10-02 04:51:00,2023-10-02 04:56:00,2023-10-02 05:44:00,12.83,345.03,Completed,
T04347,D0116,R01539,Delhi,Rohini,Gurgaon,2023-10-23 03:43:00,2023-10-23 03:55:00,2023-10-23 04:39:00,12.33,359.32,Completed,
T04348,D0143,R00797,Bangalore,Whitefield,HSR,2023-10-28 14:27:00,2023-10-28 14:41:00,2023-10-28 15:05:00,8.54,234.17,Completed,
T04349,D0113,R01037,Bangalore,Electronic City,HSR,2023-10-28 22:38:00,2023-10-28 22:53:00,2023-10-28 23:22:00,3.7,149.44,Completed,
T04350,D0116,R00538,Delhi,Rohini,Gurgaon,2023-10-17 11:37:00,2023-10-17 11:48:00,2023-10-17 12:14:00,12.78,426.68,Completed,
T04351,D0236,R00514,Mumbai,Dadar,Dadar,2023-10-03 22:28:00,2023-10-03 22:36:00,2023-10-03 23:16:00,10.46,291.0,Completed,
T04352,D0061,R01056,Mumbai,Dadar,Dadar,2023-10-13 15:17:00,2023-10-13 15:28:00,2023-10-13 15:55:00,9.71,320.71,Completed,
T04353,D0232,R01123,Mumbai,Worli,Worli,2023-10-18 10:52:00,2023-10-18 10:56:00,2023-10-18 12:05:00,10.47,230.52,Completed,
T04354,D0096,R01497,Mumbai,Bandra,Worli,2023-10-16 02:45:00,2023-10-16 02:51:00,2023-10-16 03:09:00,11.91,314.72,Completed,
T04355,D0200,R00719,Bangalore,Koramangala,Whitefield,2023-10-30 02:13:00,2023-10-30 02:21:00,2023-10-30 02:49:00,13.46,422.83,Completed,
T04356,D0083,R01171,Bangalore,Indiranagar,HSR,2023-10-18 06:49:00,2023-10-18 07:01:00,2023-10-18 07:15:00,7.74,280.19,Completed,
T04357,D0075,R00276,Mumbai,Bandra,Worli,2023-10-09 09:57:00,2023-10-09 10:07:00,2023-10-09 10:23:00,12.67,312.62,Completed,
T04358,D0241,R00689,Bangalore,Indiranagar,Indiranagar,2023-10-12 05:44:00,,,18.95,605.53,Cancelled,Other
T04359,D0225,R01110,Mumbai,Andheri,Worli,2023-10-09 20:43:00,2023-10-09 20:55:00,2023-10-09 21:47:00,5.06,171.63,Completed,
T04360,D0129,R01004,Mumbai,Worli,Dadar,2023-10-08 02:51:00,2023-10-08 02:54:00,2023-10-08 03:37:00,6.97,198.35,Completed,
T04361,D0163,R01612,Delhi,Saket,Dwarka,2023-10-15 19:13:00,2023-10-15 19:28:00,2023-10-15 20:22:00,5.56,176.03,Completed,
T04362,D0064,R01665,Mumbai,Worli,Bandra,2023-10-20 08:07:00,2023-10-20 08:19:00,2023-10-20 09:10:00,12.51,349.87,Completed,
T04363,D0106,R01660,Mumbai,Powai,Powai,2023-10-18 12:19:00,2023-10-18 12:29:00,2023-10-18 13:11:00,3.31,142.8,Completed,
T04364,D0176,R01443,Bangalore,Indiranagar,Electronic City,2023-10-03 12:20:00,2023-10-03 12:23:00,2023-10-03 13:01:00,7.85,285.67,Completed,
T04365,D0242,R00056,Mumbai,Andheri,Andheri,2023-10-08 03:34:00,2023-10-08 03:49:00,2023-10-08 04:46:00,20.41,528.63,Completed,
T04366,D0060,R00919,Mumbai,Worli,Bandra,2023-10-28 20:38:00,2023-10-28 20:46:00,2023-10-28 21:05:00,7.66,235.41,Completed,
T04367,D0099,R00720,Mumbai,Dadar,Dadar,2023-10-14 04:22:00,2023-10-14 04:26:00,2023-10-14 05:23:00,6.81,250.4,Completed,
T04368,D0118,R01615,Bangalore,Whitefield,Indiranagar,2023-10-04 01:55:00,2023-10-04 02:10:00,2023-10-04 03:06:00,9.96,357.27,Completed,
T04369,D0081,R01374,Mumbai,Andheri,Worli,2023-10-30 00:19:00,2023-10-30 00:30:00,2023-10-30 01:09:00,7.39,206.12,Completed,
T04370,D0078,R01128,Delhi,Connaught Place,Rohini,2023-10-23 19:01:00,2023-10-23 19:07:00,2023-10-23 20:01:00,6.84,251.92,Completed,
T04371,D0087,R01269,Bangalore,HSR,Koramangala,2023-10-18 20:02:00,2023-10-18 20:08:00,2023-10-18 21:13:00,4.25,168.85,Completed,
T04372,D0090,R00919,Mumbai,Bandra,Andheri,2023-10-02 02:15:00,2023-10-02 02:27:00,2023-10-02 03:03:00,8.95,293.9,Completed,
T04373,D0028,R01696,Bangalore,Indiranagar,Whitefield,2023-10-25 08:04:00,2023-10-25 08:19:00,2023-10-25 08:30:00,3.65,145.8,Completed,
T04374,D0058,R00592,Delhi,Gurgaon,Dwarka,2023-10-16 04:22:00,2023-10-16 04:27:00,2023-10-16 04:44:00,12.16,320.8,Completed,
T04375,D0058,R00394,Mumbai,Worli,Andheri,2023-10-04 20:15:00,2023-10-04 20:24:00,2023-10-04 21:18:00,8.22,265.8,Completed,
T04376,D0136,R01763,Delhi,Saket,Gurgaon,2023-10-17 22:18:00,2023-10-17 22:29:00,2023-10-17 22:52:00,5.9,217.53,Completed,
T04377,D0114,R00095,Bangalore,Whitefield,Whitefield,2023-10-20 06:26:00,2023-10-20 06:39:00,2023-10-20 07:15:00,4.39,165.63,Completed,
T04378,D0240,R01543,Mumbai,Powai,Powai,2023-10-17 21:39:00,2023-10-17 21:53:00,2023-10-17 23:01:00,4.18,187.57,Completed,
T04379,D0082,R00986,Bangalore,Indiranagar,HSR,2023-10-01 03:16:00,,,8.77,227.13,Cancelled,Other
T04380,D0011,R01260,Bangalore,Electronic City,Electronic City,2023-10-14 08:45:00,2023-10-14 08:56:00,2023-10-14 09:47:00,5.78,165.9,Completed,
T04381,D0161,R00433,Bangalore,HSR,Whitefield,2023-10-02 04:10:00,2023-10-02 04:20:00,2023-10-02 04:39:00,6.99,257.18,Completed,
T04382,D0194,R00314,Delhi,Rohini,Connaught Place,2023-10-14 06:53:00,2023-10-14 07:04:00,2023-10-14 07:15:00,6.26,218.93,Completed,
T04383,D0022,R01188,Bangalore,Indiranagar,Koramangala,2023-10-14 00:40:00,2023-10-14 00:55:00,2023-10-14 01:24:00,10.09,248.45,Completed,
T04384,D0004,R00704,Mumbai,Powai,Dadar,2023-10-18 05:56:00,2023-10-18 06:00:00,2023-10-18 06:15:00,13.51,460.38,Completed,
T04385,D0060,R00730,Mumbai,Andheri,Andheri,2023-10-05 01:34:00,2023-10-05 01:47:00,2023-10-05 02:38:00,11.69,356.17,Completed,
T04386,D0086,R00267,Bangalore,Whitefield,Koramangala,2023-10-15 04:39:00,2023-10-15 04:51:00,2023-10-15 05:09:00,14.09,429.31,Completed,
T04387,D0160,R00631,Mumbai,Worli,Bandra,2023-10-26 23:20:00,2023-10-26 23:32:00,2023-10-27 00:32:00,12.03,339.72,Completed,
T04388,D0167,R00084,Mumbai,Bandra,Dadar,2023-10-20 21:25:00,2023-10-20 21:36:00,2023-10-20 22:46:00,5.67,156.28,Completed,
T04389,D0056,R00667,Bangalore,Electronic City,Koramangala,2023-10-26 14:18:00,2023-10-26 14:25:00,2023-10-26 14:58:00,0.5,72.82,Completed,
T04390,D0135,R00608,Mumbai,Bandra,Powai,2023-10-02 17:55:00,2023-10-02 18:10:00,2023-10-02 19:09:00,8.63,288.32,Completed,
T04391,D0163,R00823,Mumbai,Bandra,Worli,2023-10-30 10:35:00,,,2.78,115.9,Cancelled,Other
T04392,D0187,R00038,Bangalore,HSR,Electronic City,2023-10-02 20:22:00,2023-10-02 20:36:00,2023-10-02 21:21:00,5.17,210.91,Completed,
T04393,D0127,R01179,Delhi,Saket,Connaught Place,2023-10-19 23:36:00,2023-10-19 23:39:00,2023-10-20 00:32:00,9.53,283.26,Completed,
T04394,D0014,R01689,Delhi,Connaught Place,Gurgaon,2023-10-20 21:53:00,2023-10-20 21:57:00,2023-10-20 22:38:00,4.14,163.28,Completed,
T04395,D0228,R00457,Delhi,Connaught Place,Dwarka,2023-10-06 06:22:00,2023-10-06 06:33:00,2023-10-06 06:49:00,4.39,181.79,Completed,
T04396,D0076,R00112,Delhi,Connaught Place,Saket,2023-10-25 19:54:00,2023-10-25 19:58:00,2023-10-25 20:31:00,10.46,338.15,Completed,
T04397,D0067,R00475,Mumbai,Andheri,Bandra,2023-10-15 19:32:00,,,6.77,239.58,Cancelled,Other
T04398,D0108,R00353,Mumbai,Bandra,Worli,2023-10-10 23:14:00,2023-10-10 23:24:00,2023-10-10 23:59:00,3.49,153.99,Completed,
T04399,D0203,R00077,Mumbai,Worli,Andheri,2023-10-23 16:08:00,2023-10-23 16:15:00,2023-10-23 16:48:00,5.53,188.63,Completed,
T04400,D0166,R00452,Delhi,Connaught Place,Rohini,2023-10-26 16:06:00,2023-10-26 16:12:00,2023-10-26 17:03:00,8.92,265.38,Completed,
T04401,D0239,R01709,Mumbai,Powai,Dadar,2023-10-05 06:43:00,2023-10-05 06:47:00,2023-10-05 07:13:00,10.43,304.86,Completed,
T04402,D0086,R00881,Bangalore,HSR,HSR,2023-10-19 23:54:00,2023-10-20 00:02:00,2023-10-20 00:23:00,7.86,309.86,Completed,
T04403,D0190,R00586,Mumbai,Powai,Powai,2023-10-23 18:22:00,2023-10-23 18:36:00,2023-10-23 19:24:00,2.76,117.55,Completed,
T04404,D0205,R01143,Bangalore,Koramangala,HSR,2023-10-27 02:15:00,,,13.23,285.21,Cancelled,Other
T04405,D0125,R01655,Delhi,Dwarka,Saket,2023-10-24 00:40:00,2023-10-24 00:55:00,2023-10-24 01:40:00,12.09,411.56,Completed,
T04406,D0101,R01673,Bangalore,Whitefield,Whitefield,2023-10-28 01:03:00,,,8.19,236.5,Cancelled,Rider
T04407,D0073,R00554,Bangalore,Koramangala,Indiranagar,2023-10-23 02:40:00,2023-10-23 02:55:00,2023-10-23 04:02:00,11.6,384.26,Completed,
T04408,D0049,R00177,Mumbai,Worli,Bandra,2023-10-06 15:24:00,2023-10-06 15:32:00,2023-10-06 16:06:00,7.78,281.55,Completed,
T04409,D0185,R01409,Bangalore,HSR,HSR,2023-10-20 13:56:00,2023-10-20 14:00:00,2023-10-20 15:05:00,12.7,410.53,Completed,
T04410,D0148,R01583,Bangalore,Indiranagar,Whitefield,2023-10-01 09:42:00,2023-10-01 09:55:00,2023-10-01 10:28:00,8.19,282.03,Completed,
T04411,D0095,R00561,Mumbai,Worli,Bandra,2023-10-01 07:14:00,2023-10-01 07:25:00,2023-10-01 08:32:00,2.98,130.15,Completed,
T04412,D0113,R00067,Delhi,Dwarka,Gurgaon,2023-10-01 14:27:00,2023-10-01 14:33:00,2023-10-01 15:02:00,12.09,383.26,Completed,
T04413,D0136,R00963,Bangalore,Indiranagar,Whitefield,2023-10-23 05:48:00,,,8.18,239.92,Cancelled,Other
T04414,D0040,R00900,Bangalore,HSR,Whitefield,2023-10-12 02:20:00,,,11.57,384.96,Cancelled,Other
T04415,D0234,R00600,Delhi,Saket,Gurgaon,2023-10-16 06:43:00,2023-10-16 06:56:00,2023-10-16 08:00:00,6.45,220.53,Completed,
T04416,D0181,R00550,Mumbai,Worli,Worli,2023-10-30 03:13:00,2023-10-30 03:25:00,2023-10-30 03:53:00,6.83,270.74,Completed,
T04417,D0052,R01699,Bangalore,Whitefield,Whitefield,2023-10-04 07:39:00,2023-10-04 07:44:00,2023-10-04 08:49:00,3.76,179.69,Completed,
T04418,D0182,R00471,Delhi,Saket,Saket,2023-10-12 20:40:00,2023-10-12 20:53:00,2023-10-12 21:24:00,8.87,280.99,Completed,
T04419,D0129,R01461,Mumbai,Bandra,Andheri,2023-10-30 09:47:00,2023-10-30 09:56:00,2023-10-30 10:13:00,9.51,320.61,Completed,
T04420,D0153,R01394,Mumbai,Worli,Bandra,2023-10-21 11:43:00,2023-10-21 11:49:00,2023-10-21 12:34:00,8.55,283.67,Completed,
T04421,D0027,R01049,Bangalore,Koramangala,Koramangala,2023-10-10 02:07:00,2023-10-10 02:21:00,2023-10-10 02:37:00,10.17,256.55,Completed,
T04422,D0072,R00120,Mumbai,Andheri,Worli,2023-10-19 07:58:00,2023-10-19 08:03:00,2023-10-19 08:47:00,11.52,350.48,Completed,
T04423,D0136,R00398,Bangalore,Koramangala,Koramangala,2023-10-23 18:56:00,,,8.07,217.31,Cancelled,System
T04424,D0199,R00737,Mumbai,Dadar,Bandra,2023-10-13 13:29:00,,,12.55,333.85,Cancelled,Driver
T04425,D0221,R00874,Mumbai,Andheri,Worli,2023-10-04 22:34:00,2023-10-04 22:43:00,2023-10-04 23:42:00,8.77,272.35,Completed,
T04426,D0061,R00290,Mumbai,Dadar,Bandra,2023-10-09 08:16:00,2023-10-09 08:19:00,2023-10-09 09:29:00,6.5,239.64,Completed,
T04427,D0221,R00690,Bangalore,Koramangala,Electronic City,2023-10-15 03:37:00,,,3.34,137.63,Cancelled,Rider
T04428,D0223,R00691,Delhi,Connaught Place,Saket,2023-10-07 15:55:00,,,3.38,153.15,Cancelled,Rider
T04429,D0016,R01257,Bangalore,Electronic City,Whitefield,2023-10-03 23:03:00,2023-10-03 23:13:00,2023-10-04 00:17:00,11.96,367.74,Completed,
T04430,D0102,R01253,Delhi,Saket,Rohini,2023-10-01 19:17:00,2023-10-01 19:20:00,2023-10-01 20:06:00,4.85,165.62,Completed,
T04431,D0136,R00858,Bangalore,Electronic City,Koramangala,2023-10-20 05:38:00,2023-10-20 05:49:00,2023-10-20 06:12:00,9.66,296.45,Completed,
T04432,D0239,R00463,Mumbai,Dadar,Bandra,2023-10-26 08:33:00,2023-10-26 08:36:00,2023-10-26 09:14:00,10.29,308.97,Completed,
T04433,D0176,R01185,Bangalore,Koramangala,Indiranagar,2023-10-24 21:56:00,,,11.32,361.26,Cancelled,Rider
T04434,D0155,R01732,Delhi,Saket,Dwarka,2023-10-01 10:56:00,,,13.47,495.35,Cancelled,System
T04435,D0124,R00585,Mumbai,Worli,Powai,2023-10-02 19:12:00,2023-10-02 19:19:00,2023-10-02 20:00:00,11.06,394.18,Completed,
T04436,D0160,R00474,Delhi,Dwarka,Saket,2023-10-21 10:18:00,2023-10-21 10:23:00,2023-10-21 10:37:00,3.7,148.62,Completed,
T04437,D0031,R00355,Bangalore,Indiranagar,Electronic City,2023-10-25 06:07:00,,,10.64,316.88,Cancelled,Rider
T04438,D0247,R01748,Mumbai,Bandra,Worli,2023-10-08 22:46:00,2023-10-08 22:58:00,2023-10-08 23:50:00,8.43,287.18,Completed,
T04439,D0126,R01100,Delhi,Saket,Rohini,2023-10-14 11:01:00,2023-10-14 11:05:00,2023-10-14 11:47:00,6.53,237.35,Completed,
T04440,D0069,R01701,Mumbai,Worli,Bandra,2023-10-28 07:31:00,2023-10-28 07:44:00,2023-10-28 08:47:00,12.8,398.71,Completed,
T04441,D0193,R00980,Delhi,Rohini,Rohini,2023-10-13 06:28:00,2023-10-13 06:39:00,2023-10-13 07:04:00,0.5,75.97,Completed,
T04442,D0094,R01106,Delhi,Saket,Rohini,2023-10-30 13:30:00,2023-10-30 13:41:00,2023-10-30 14:06:00,6.82,290.44,Completed,
T04443,D0224,R00112,Bangalore,Indiranagar,Koramangala,2023-10-01 14:52:00,2023-10-01 15:04:00,2023-10-01 15:51:00,8.35,180.6,Completed,
T04444,D0025,R01448,Mumbai,Worli,Andheri,2023-10-07 14:10:00,2023-10-07 14:18:00,2023-10-07 15:05:00,11.03,350.62,Completed,
T04445,D0054,R00862,Mumbai,Powai,Andheri,2023-10-09 18:44:00,2023-10-09 18:53:00,2023-10-09 19:40:00,9.84,270.21,Completed,
T04446,D0022,R00428,Bangalore,HSR,Indiranagar,2023-10-03 05:15:00,2023-10-03 05:28:00,2023-10-03 05:50:00,16.69,504.21,Completed,
T04447,D0043,R00159,Bangalore,Whitefield,HSR,2023-10-20 18:53:00,,,9.94,272.11,Cancelled,Rider
T04448,D0103,R00600,Bangalore,Koramangala,Electronic City,2023-10-18 13:58:00,,,8.79,297.1,Cancelled,Driver
T04449,D0027,R01627,Bangalore,Electronic City,HSR,2023-10-09 15:51:00,2023-10-09 15:55:00,2023-10-09 16:43:00,2.44,123.31,Completed,
T04450,D0236,R01305,Mumbai,Worli,Powai,2023-10-22 04:01:00,2023-10-22 04:13:00,2023-10-22 05:05:00,15.0,464.12,Completed,
T04451,D0019,R00682,Bangalore,Whitefield,Whitefield,2023-10-26 05:12:00,2023-10-26 05:27:00,2023-10-26 06:29:00,8.39,266.28,Completed,
T04452,D0092,R00179,Bangalore,Whitefield,Whitefield,2023-10-30 00:31:00,2023-10-30 00:43:00,2023-10-30 01:16:00,6.02,219.06,Completed,
T04453,D0047,R00381,Bangalore,Electronic City,Whitefield,2023-10-17 10:51:00,2023-10-17 10:56:00,2023-10-17 11:51:00,9.12,375.75,Completed,
T04454,D0014,R01191,Mumbai,Bandra,Bandra,2023-10-05 10:50:00,2023-10-05 10:55:00,2023-10-05 11:23:00,6.56,248.41,Completed,
T04455,D0113,R00965,Mumbai,Andheri,Dadar,2023-10-21 06:52:00,2023-10-21 06:55:00,2023-10-21 07:28:00,11.45,365.17,Completed,
T04456,D0039,R01712,Mumbai,Dadar,Powai,2023-10-09 17:19:00,2023-10-09 17:31:00,2023-10-09 18:35:00,2.44,121.37,Completed,
T04457,D0032,R01729,Bangalore,Electronic City,Electronic City,2023-10-18 22:05:00,2023-10-18 22:17:00,2023-10-18 23:12:00,0.5,73.47,Completed,
T04458,D0103,R00650,Delhi,Connaught Place,Connaught Place,2023-10-06 05:59:00,2023-10-06 06:09:00,2023-10-06 06:25:00,5.64,195.33,Completed,
T04459,D0042,R00639,Bangalore,HSR,HSR,2023-10-12 17:52:00,2023-10-12 18:07:00,2023-10-12 18:49:00,10.98,358.85,Completed,
T04460,D0056,R01518,Mumbai,Dadar,Powai,2023-10-21 00:09:00,2023-10-21 00:13:00,2023-10-21 01:22:00,7.24,223.7,Completed,
T04461,D0229,R00636,Bangalore,HSR,Koramangala,2023-10-27 02:16:00,,,6.83,205.5,Cancelled,System
T04462,D0122,R01629,Delhi,Connaught Place,Saket,2023-10-17 00:21:00,2023-10-17 00:25:00,2023-10-17 01:16:00,11.56,350.09,Completed,
T04463,D0119,R00213,Mumbai,Bandra,Dadar,2023-10-05 01:34:00,2023-10-05 01:37:00,2023-10-05 01:54:00,13.1,433.78,Completed,
T04464,D0057,R00932,Bangalore,Indiranagar,Koramangala,2023-10-25 05:22:00,,,6.02,185.34,Cancelled,Driver
T04465,D0121,R00063,Bangalore,Koramangala,Electronic City,2023-10-15 11:13:00,2023-10-15 11:20:00,2023-10-15 11:30:00,3.72,175.16,Completed,
T04466,D0239,R01481,Bangalore,Koramangala,Whitefield,2023-10-30 13:55:00,2023-10-30 14:10:00,2023-10-30 14:45:00,5.27,229.59,Completed,
T04467,D0219,R01562,Delhi,Dwarka,Rohini,2023-10-07 18:15:00,2023-10-07 18:21:00,2023-10-07 18:48:00,14.29,497.86,Completed,
T04468,D0215,R00811,Delhi,Saket,Dwarka,2023-10-04 04:08:00,2023-10-04 04:15:00,2023-10-04 05:07:00,11.77,317.41,Completed,
T04469,D0038,R00602,Mumbai,Bandra,Andheri,2023-10-25 00:54:00,2023-10-25 01:03:00,2023-10-25 02:10:00,9.87,302.57,Completed,
T04470,D0236,R01224,Bangalore,HSR,Koramangala,2023-10-20 05:43:00,2023-10-20 05:58:00,2023-10-20 07:08:00,6.19,225.09,Completed,
T04471,D0158,R00301,Delhi,Connaught Place,Saket,2023-10-16 09:07:00,2023-10-16 09:16:00,2023-10-16 09:46:00,7.39,289.2,Completed,
T04472,D0066,R01774,Mumbai,Powai,Worli,2023-10-20 07:52:00,2023-10-20 08:01:00,2023-10-20 08:59:00,8.71,252.4,Completed,
T04473,D0111,R01416,Mumbai,Bandra,Dadar,2023-10-01 10:25:00,2023-10-01 10:29:00,2023-10-01 10:45:00,5.19,224.25,Completed,
T04474,D0239,R01618,Delhi,Dwarka,Connaught Place,2023-10-05 17:50:00,2023-10-05 18:04:00,2023-10-05 19:10:00,5.88,177.08,Completed,
T04475,D0243,R01097,Delhi,Saket,Gurgaon,2023-10-01 12:58:00,2023-10-01 13:11:00,2023-10-01 13:51:00,3.56,136.45,Completed,
T04476,D0116,R00466,Delhi,Connaught Place,Rohini,2023-10-15 14:52:00,2023-10-15 15:07:00,2023-10-15 15:50:00,13.32,415.45,Completed,
T04477,D0163,R01716,Bangalore,Whitefield,Indiranagar,2023-10-15 16:29:00,,,7.92,283.46,Cancelled,System
T04478,D0180,R00510,Bangalore,Whitefield,Electronic City,2023-10-13 04:08:00,2023-10-13 04:20:00,2023-10-13 05:00:00,16.0,449.22,Completed,
T04479,D0025,R00495,Mumbai,Andheri,Dadar,2023-10-02 13:36:00,2023-10-02 13:44:00,2023-10-02 14:47:00,4.72,177.78,Completed,
T04480,D0066,R00170,Mumbai,Andheri,Worli,2023-10-03 05:16:00,,,9.28,267.25,Cancelled,Driver
T04481,D0102,R01271,Mumbai,Powai,Bandra,2023-10-29 06:42:00,2023-10-29 06:45:00,2023-10-29 07:42:00,7.46,224.21,Completed,
T04482,D0084,R00990,Delhi,Gurgaon,Dwarka,2023-10-01 23:12:00,2023-10-01 23:24:00,2023-10-01 23:56:00,6.44,200.89,Completed,
T04483,D0136,R00813,Delhi,Dwarka,Gurgaon,2023-10-04 01:38:00,2023-10-04 01:49:00,2023-10-04 02:02:00,8.0,228.41,Completed,
T04484,D0229,R01223,Delhi,Rohini,Rohini,2023-10-29 21:42:00,2023-10-29 21:46:00,2023-10-29 22:01:00,16.9,557.04,Completed,
T04485,D0213,R01046,Bangalore,Electronic City,Koramangala,2023-10-29 22:57:00,,,3.68,168.4,Cancelled,Driver
T04486,D0205,R00242,Mumbai,Dadar,Worli,2023-10-23 20:38:00,2023-10-23 20:51:00,2023-10-23 21:53:00,8.67,257.03,Completed,
T04487,D0036,R00430,Mumbai,Bandra,Andheri,2023-10-28 10:16:00,,,12.95,461.59,Cancelled,Rider
T04488,D0100,R01707,Bangalore,Indiranagar,Electronic City,2023-10-15 23:42:00,2023-10-15 23:56:00,2023-10-16 00:51:00,8.68,278.79,Completed,
T04489,D0032,R00389,Mumbai,Powai,Bandra,2023-10-20 12:29:00,2023-10-20 12:36:00,2023-10-20 12:51:00,6.18,178.95,Completed,
T04490,D0182,R01433,Mumbai,Dadar,Powai,2023-10-30 16:55:00,2023-10-30 17:05:00,2023-10-30 17:29:00,10.65,355.41,Completed,
T04491,D0174,R00380,Bangalore,Koramangala,Whitefield,2023-10-05 14:34:00,,,8.39,264.64,Cancelled,System
T04492,D0230,R01265,Delhi,Gurgaon,Rohini,2023-10-11 20:27:00,2023-10-11 20:37:00,2023-10-11 20:51:00,12.92,431.4,Completed,
T04493,D0013,R01359,Bangalore,HSR,Indiranagar,2023-10-16 13:58:00,,,1.49,80.21,Cancelled,Rider
T04494,D0222,R01122,Delhi,Saket,Saket,2023-10-01 02:23:00,2023-10-01 02:37:00,2023-10-01 03:30:00,4.48,192.64,Completed,
T04495,D0058,R01199,Delhi,Rohini,Saket,2023-10-28 14:52:00,2023-10-28 14:58:00,2023-10-28 15:37:00,7.3,226.2,Completed,
T04496,D0134,R00147,Bangalore,Indiranagar,Electronic City,2023-10-11 03:03:00,2023-10-11 03:18:00,2023-10-11 04:25:00,16.76,578.94,Completed,
T04497,D0062,R01343,Bangalore,Indiranagar,Koramangala,2023-10-04 20:54:00,2023-10-04 20:58:00,2023-10-04 21:23:00,15.21,516.38,Completed,
T04498,D0122,R01779,Bangalore,HSR,Whitefield,2023-10-02 08:05:00,2023-10-02 08:08:00,2023-10-02 08:29:00,3.75,172.03,Completed,
T04499,D0245,R00213,Delhi,Dwarka,Dwarka,2023-10-13 16:39:00,2023-10-13 16:53:00,2023-10-13 17:59:00,9.04,256.58,Completed,
T04500,D0047,R00511,Bangalore,Electronic City,HSR,2023-10-06 17:44:00,2023-10-06 17:54:00,2023-10-06 18:54:00,9.0,293.22,Completed,
